version 1
nodes
0 "Bone01" -1
1 "Bone02" 0
2 "fjg01" 0
3 "Bone03" -1
4 "Bone04" 3
5 "gfere02" 3
end
skeleton
time 0
0 0.000000 0.466969 0.192154 0.000000 -0.000000 0.000000
1 0.000000 -0.361496 -2.484877 0.000000 -0.000000 0.000000
2 0.000000 -0.466969 -0.102472 0.000000 -0.000000 0.000000
3 0.000000 0.019081 35.614971 0.000000 -0.000000 0.000000
4 0.000000 -7.903028 0.000000 0.000000 -0.000000 0.000000
5 0.066696 -0.019082 -35.525291 0.000000 -0.000000 0.000000
end
triangles
fire02.jpg
0 0.000000 0.000000 22.151400 0.000000 -0.000000 1.000000 0.062500 1.000000
0 0.000000 15.600000 15.689700 -0.080510 0.753389 0.652628 -0.000000 0.750000
0 -11.030900 11.030900 15.689700 -0.589656 0.475796 0.652628 0.125000 0.750000
fire02.jpg
0 0.000000 0.000000 22.151400 0.000000 -0.000000 1.000000 0.187500 1.000000
0 -11.030900 11.030900 15.689700 -0.589656 0.475796 0.652628 0.125000 0.750000
0 -15.600000 0.000000 15.689700 -0.753389 -0.080510 0.652628 0.250000 0.750000
fire02.jpg
0 0.000000 0.000000 22.151400 0.000000 -0.000000 1.000000 0.312500 1.000000
0 -15.600000 0.000000 15.689700 -0.753389 -0.080510 0.652628 0.250000 0.750000
0 -11.030900 -11.030900 15.689700 -0.475796 -0.589656 0.652628 0.375000 0.750000
fire02.jpg
0 0.000000 0.000000 22.151400 0.000000 -0.000000 1.000000 0.437500 1.000000
0 -11.030900 -11.030900 15.689700 -0.475796 -0.589656 0.652628 0.375000 0.750000
0 0.000000 -15.600000 15.689700 0.080510 -0.753389 0.652628 0.500000 0.750000
fire02.jpg
0 0.000000 0.000000 22.151400 0.000000 -0.000000 1.000000 0.562500 1.000000
0 0.000000 -15.600000 15.689700 0.080510 -0.753389 0.652628 0.500000 0.750000
0 11.030900 -11.030900 15.689700 0.589656 -0.475796 0.652628 0.625000 0.750000
fire02.jpg
0 0.000000 0.000000 22.151400 0.000000 -0.000000 1.000000 0.687500 1.000000
0 11.030900 -11.030900 15.689700 0.589656 -0.475796 0.652628 0.625000 0.750000
0 15.600000 0.000000 15.689700 0.753389 0.080510 0.652628 0.750000 0.750000
fire02.jpg
0 0.000000 0.000000 22.151400 0.000000 -0.000000 1.000000 0.812500 1.000000
0 15.600000 0.000000 15.689700 0.753389 0.080510 0.652628 0.750000 0.750000
0 11.030900 11.030900 15.689700 0.475796 0.589656 0.652628 0.875000 0.750000
fire02.jpg
0 0.000000 0.000000 22.151400 0.000000 -0.000000 1.000000 0.937500 1.000000
0 11.030900 11.030900 15.689700 0.475796 0.589656 0.652628 0.875000 0.750000
0 0.000000 15.600000 15.689700 -0.080510 0.753389 0.652628 1.000000 0.750000
fire02.jpg
0 0.000000 15.600000 15.689700 -0.080510 0.753389 0.652628 -0.000000 0.750000
0 0.000000 22.061701 0.089700 0.000000 1.000000 -0.000000 -0.000000 0.500000
0 -15.600000 15.600000 0.089700 -0.707107 0.707107 -0.000000 0.125000 0.500000
fire02.jpg
0 0.000000 15.600000 15.689700 -0.080510 0.753389 0.652628 -0.000000 0.750000
0 -15.600000 15.600000 0.089700 -0.707107 0.707107 -0.000000 0.125000 0.500000
0 -11.030900 11.030900 15.689700 -0.589656 0.475796 0.652628 0.125000 0.750000
fire02.jpg
0 -11.030900 11.030900 15.689700 -0.589656 0.475796 0.652628 0.125000 0.750000
0 -15.600000 15.600000 0.089700 -0.707107 0.707107 -0.000000 0.125000 0.500000
0 -22.061701 0.000000 0.089700 -1.000000 -0.000000 -0.000000 0.250000 0.500000
fire02.jpg
0 -11.030900 11.030900 15.689700 -0.589656 0.475796 0.652628 0.125000 0.750000
0 -22.061701 0.000000 0.089700 -1.000000 -0.000000 -0.000000 0.250000 0.500000
0 -15.600000 0.000000 15.689700 -0.753389 -0.080510 0.652628 0.250000 0.750000
fire02.jpg
0 -15.600000 0.000000 15.689700 -0.753389 -0.080510 0.652628 0.250000 0.750000
0 -22.061701 0.000000 0.089700 -1.000000 -0.000000 -0.000000 0.250000 0.500000
0 -15.600000 -15.600000 0.089700 -0.707107 -0.707107 -0.000000 0.375000 0.500000
fire02.jpg
0 -15.600000 0.000000 15.689700 -0.753389 -0.080510 0.652628 0.250000 0.750000
0 -15.600000 -15.600000 0.089700 -0.707107 -0.707107 -0.000000 0.375000 0.500000
0 -11.030900 -11.030900 15.689700 -0.475796 -0.589656 0.652628 0.375000 0.750000
fire02.jpg
0 -11.030900 -11.030900 15.689700 -0.475796 -0.589656 0.652628 0.375000 0.750000
0 -15.600000 -15.600000 0.089700 -0.707107 -0.707107 -0.000000 0.375000 0.500000
0 0.000000 -22.061701 0.089700 0.000000 -1.000000 -0.000000 0.500000 0.500000
fire02.jpg
0 -11.030900 -11.030900 15.689700 -0.475796 -0.589656 0.652628 0.375000 0.750000
0 0.000000 -22.061701 0.089700 0.000000 -1.000000 -0.000000 0.500000 0.500000
0 0.000000 -15.600000 15.689700 0.080510 -0.753389 0.652628 0.500000 0.750000
fire02.jpg
0 0.000000 -15.600000 15.689700 0.080510 -0.753389 0.652628 0.500000 0.750000
0 0.000000 -22.061701 0.089700 0.000000 -1.000000 -0.000000 0.500000 0.500000
0 15.600000 -15.600000 0.089700 0.707107 -0.707107 -0.000000 0.625000 0.500000
fire02.jpg
0 0.000000 -15.600000 15.689700 0.080510 -0.753389 0.652628 0.500000 0.750000
0 15.600000 -15.600000 0.089700 0.707107 -0.707107 -0.000000 0.625000 0.500000
0 11.030900 -11.030900 15.689700 0.589656 -0.475796 0.652628 0.625000 0.750000
fire02.jpg
0 11.030900 -11.030900 15.689700 0.589656 -0.475796 0.652628 0.625000 0.750000
0 15.600000 -15.600000 0.089700 0.707107 -0.707107 -0.000000 0.625000 0.500000
0 22.061701 0.000000 0.089700 1.000000 0.000000 -0.000000 0.750000 0.500000
fire02.jpg
0 11.030900 -11.030900 15.689700 0.589656 -0.475796 0.652628 0.625000 0.750000
0 22.061701 0.000000 0.089700 1.000000 0.000000 -0.000000 0.750000 0.500000
0 15.600000 0.000000 15.689700 0.753389 0.080510 0.652628 0.750000 0.750000
fire02.jpg
0 15.600000 0.000000 15.689700 0.753389 0.080510 0.652628 0.750000 0.750000
0 22.061701 0.000000 0.089700 1.000000 0.000000 -0.000000 0.750000 0.500000
0 15.600000 15.600000 0.089700 0.707107 0.707107 -0.000000 0.875000 0.500000
fire02.jpg
0 15.600000 0.000000 15.689700 0.753389 0.080510 0.652628 0.750000 0.750000
0 15.600000 15.600000 0.089700 0.707107 0.707107 -0.000000 0.875000 0.500000
0 11.030900 11.030900 15.689700 0.475796 0.589656 0.652628 0.875000 0.750000
fire02.jpg
0 11.030900 11.030900 15.689700 0.475796 0.589656 0.652628 0.875000 0.750000
0 15.600000 15.600000 0.089700 0.707107 0.707107 -0.000000 0.875000 0.500000
0 0.000000 22.061701 0.089700 0.000000 1.000000 -0.000000 1.000000 0.500000
fire02.jpg
0 11.030900 11.030900 15.689700 0.475796 0.589656 0.652628 0.875000 0.750000
0 0.000000 22.061701 0.089700 0.000000 1.000000 -0.000000 1.000000 0.500000
0 0.000000 15.600000 15.689700 -0.080510 0.753389 0.652628 1.000000 0.750000
fire02.jpg
0 0.000000 22.061701 0.089700 0.000000 1.000000 -0.000000 -0.000000 0.500000
0 0.000000 15.600000 -15.510300 0.080510 0.753389 -0.652628 -0.000000 0.250000
0 -11.030900 11.030900 -15.510300 -0.475796 0.589656 -0.652628 0.125000 0.250000
fire02.jpg
0 0.000000 22.061701 0.089700 0.000000 1.000000 -0.000000 -0.000000 0.500000
0 -11.030900 11.030900 -15.510300 -0.475796 0.589656 -0.652628 0.125000 0.250000
0 -15.600000 15.600000 0.089700 -0.707107 0.707107 -0.000000 0.125000 0.500000
fire02.jpg
0 -15.600000 15.600000 0.089700 -0.707107 0.707107 -0.000000 0.125000 0.500000
0 -11.030900 11.030900 -15.510300 -0.475796 0.589656 -0.652628 0.125000 0.250000
0 -15.600000 0.000000 -15.510300 -0.753389 0.080510 -0.652628 0.250000 0.250000
fire02.jpg
0 -15.600000 15.600000 0.089700 -0.707107 0.707107 -0.000000 0.125000 0.500000
0 -15.600000 0.000000 -15.510300 -0.753389 0.080510 -0.652628 0.250000 0.250000
0 -22.061701 0.000000 0.089700 -1.000000 -0.000000 -0.000000 0.250000 0.500000
fire02.jpg
0 -22.061701 0.000000 0.089700 -1.000000 -0.000000 -0.000000 0.250000 0.500000
0 -15.600000 0.000000 -15.510300 -0.753389 0.080510 -0.652628 0.250000 0.250000
0 -11.030900 -11.030900 -15.510300 -0.589656 -0.475796 -0.652628 0.375000 0.250000
fire02.jpg
0 -22.061701 0.000000 0.089700 -1.000000 -0.000000 -0.000000 0.250000 0.500000
0 -11.030900 -11.030900 -15.510300 -0.589656 -0.475796 -0.652628 0.375000 0.250000
0 -15.600000 -15.600000 0.089700 -0.707107 -0.707107 -0.000000 0.375000 0.500000
fire02.jpg
0 -15.600000 -15.600000 0.089700 -0.707107 -0.707107 -0.000000 0.375000 0.500000
0 -11.030900 -11.030900 -15.510300 -0.589656 -0.475796 -0.652628 0.375000 0.250000
0 0.000000 -15.600000 -15.510300 -0.080510 -0.753389 -0.652628 0.500000 0.250000
fire02.jpg
0 -15.600000 -15.600000 0.089700 -0.707107 -0.707107 -0.000000 0.375000 0.500000
0 0.000000 -15.600000 -15.510300 -0.080510 -0.753389 -0.652628 0.500000 0.250000
0 0.000000 -22.061701 0.089700 0.000000 -1.000000 -0.000000 0.500000 0.500000
fire02.jpg
0 0.000000 -22.061701 0.089700 0.000000 -1.000000 -0.000000 0.500000 0.500000
0 0.000000 -15.600000 -15.510300 -0.080510 -0.753389 -0.652628 0.500000 0.250000
0 11.030900 -11.030900 -15.510300 0.475796 -0.589656 -0.652628 0.625000 0.250000
fire02.jpg
0 0.000000 -22.061701 0.089700 0.000000 -1.000000 -0.000000 0.500000 0.500000
0 11.030900 -11.030900 -15.510300 0.475796 -0.589656 -0.652628 0.625000 0.250000
0 15.600000 -15.600000 0.089700 0.707107 -0.707107 -0.000000 0.625000 0.500000
fire02.jpg
0 15.600000 -15.600000 0.089700 0.707107 -0.707107 -0.000000 0.625000 0.500000
0 11.030900 -11.030900 -15.510300 0.475796 -0.589656 -0.652628 0.625000 0.250000
0 15.600000 0.000000 -15.510300 0.753389 -0.080510 -0.652628 0.750000 0.250000
fire02.jpg
0 15.600000 -15.600000 0.089700 0.707107 -0.707107 -0.000000 0.625000 0.500000
0 15.600000 0.000000 -15.510300 0.753389 -0.080510 -0.652628 0.750000 0.250000
0 22.061701 0.000000 0.089700 1.000000 0.000000 -0.000000 0.750000 0.500000
fire02.jpg
0 22.061701 0.000000 0.089700 1.000000 0.000000 -0.000000 0.750000 0.500000
0 15.600000 0.000000 -15.510300 0.753389 -0.080510 -0.652628 0.750000 0.250000
0 11.030900 11.030900 -15.510300 0.589656 0.475796 -0.652628 0.875000 0.250000
fire02.jpg
0 22.061701 0.000000 0.089700 1.000000 0.000000 -0.000000 0.750000 0.500000
0 11.030900 11.030900 -15.510300 0.589656 0.475796 -0.652628 0.875000 0.250000
0 15.600000 15.600000 0.089700 0.707107 0.707107 -0.000000 0.875000 0.500000
fire02.jpg
0 15.600000 15.600000 0.089700 0.707107 0.707107 -0.000000 0.875000 0.500000
0 11.030900 11.030900 -15.510300 0.589656 0.475796 -0.652628 0.875000 0.250000
0 0.000000 15.600000 -15.510300 0.080510 0.753389 -0.652628 1.000000 0.250000
fire02.jpg
0 15.600000 15.600000 0.089700 0.707107 0.707107 -0.000000 0.875000 0.500000
0 0.000000 15.600000 -15.510300 0.080510 0.753389 -0.652628 1.000000 0.250000
0 0.000000 22.061701 0.089700 0.000000 1.000000 -0.000000 1.000000 0.500000
fire02.jpg
0 0.000000 0.000000 -21.972000 0.000000 -0.000000 -1.000000 0.062500 0.000000
0 -11.030900 11.030900 -15.510300 -0.475796 0.589656 -0.652628 0.125000 0.250000
0 0.000000 15.600000 -15.510300 0.080510 0.753389 -0.652628 -0.000000 0.250000
fire02.jpg
0 0.000000 0.000000 -21.972000 0.000000 -0.000000 -1.000000 0.187500 0.000000
0 -15.600000 0.000000 -15.510300 -0.753389 0.080510 -0.652628 0.250000 0.250000
0 -11.030900 11.030900 -15.510300 -0.475796 0.589656 -0.652628 0.125000 0.250000
fire02.jpg
0 0.000000 0.000000 -21.972000 0.000000 -0.000000 -1.000000 0.312500 0.000000
0 -11.030900 -11.030900 -15.510300 -0.589656 -0.475796 -0.652628 0.375000 0.250000
0 -15.600000 0.000000 -15.510300 -0.753389 0.080510 -0.652628 0.250000 0.250000
fire02.jpg
0 0.000000 0.000000 -21.972000 0.000000 -0.000000 -1.000000 0.437500 0.000000
0 0.000000 -15.600000 -15.510300 -0.080510 -0.753389 -0.652628 0.500000 0.250000
0 -11.030900 -11.030900 -15.510300 -0.589656 -0.475796 -0.652628 0.375000 0.250000
fire02.jpg
0 0.000000 0.000000 -21.972000 0.000000 -0.000000 -1.000000 0.562500 0.000000
0 11.030900 -11.030900 -15.510300 0.475796 -0.589656 -0.652628 0.625000 0.250000
0 0.000000 -15.600000 -15.510300 -0.080510 -0.753389 -0.652628 0.500000 0.250000
fire02.jpg
0 0.000000 0.000000 -21.972000 0.000000 -0.000000 -1.000000 0.687500 0.000000
0 15.600000 0.000000 -15.510300 0.753389 -0.080510 -0.652628 0.750000 0.250000
0 11.030900 -11.030900 -15.510300 0.475796 -0.589656 -0.652628 0.625000 0.250000
fire02.jpg
0 0.000000 0.000000 -21.972000 0.000000 -0.000000 -1.000000 0.812500 0.000000
0 11.030900 11.030900 -15.510300 0.589656 0.475796 -0.652628 0.875000 0.250000
0 15.600000 0.000000 -15.510300 0.753389 -0.080510 -0.652628 0.750000 0.250000
fire02.jpg
0 0.000000 0.000000 -21.972000 0.000000 -0.000000 -1.000000 0.937500 0.000000
0 0.000000 15.600000 -15.510300 0.080510 0.753389 -0.652628 1.000000 0.250000
0 11.030900 11.030900 -15.510300 0.589656 0.475796 -0.652628 0.875000 0.250000
fire01.jpg
3 0.066700 26.131399 0.089700 -0.134530 0.974353 -0.180384 -0.000000 0.162800
3 0.066700 18.477699 -18.942301 0.080848 0.760144 -0.644705 -0.000000 0.048000
3 -12.999000 13.065700 -18.942301 -0.480335 0.594671 -0.644705 0.125000 0.048000
fire01.jpg
3 0.066700 26.131399 0.089700 -0.134530 0.974353 -0.180384 -0.000000 0.162800
3 -12.999000 13.065700 -18.942301 -0.480335 0.594671 -0.644705 0.125000 0.048000
3 -18.410999 18.477699 0.089700 -0.784098 0.593844 -0.180385 0.125000 0.162800
fire01.jpg
3 -18.410999 18.477699 0.089700 -0.784098 0.593844 -0.180385 0.125000 0.162800
3 -12.999000 13.065700 -18.942301 -0.480335 0.594671 -0.644705 0.125000 0.048000
3 -18.410999 0.000000 -18.942301 -0.760144 0.080848 -0.644705 0.250000 0.048000
fire01.jpg
3 -18.410999 18.477699 0.089700 -0.784098 0.593844 -0.180385 0.125000 0.162800
3 -18.410999 0.000000 -18.942301 -0.760144 0.080848 -0.644705 0.250000 0.048000
3 -26.064699 0.000000 0.089700 -0.974353 -0.134530 -0.180385 0.250000 0.162800
fire01.jpg
3 -26.064699 0.000000 0.089700 -0.974353 -0.134530 -0.180385 0.250000 0.162800
3 -18.410999 0.000000 -18.942301 -0.760144 0.080848 -0.644705 0.250000 0.048000
3 -12.999000 -13.065700 -18.942301 -0.594671 -0.480335 -0.644705 0.375000 0.048000
fire01.jpg
3 -26.064699 0.000000 0.089700 -0.974353 -0.134530 -0.180385 0.250000 0.162800
3 -12.999000 -13.065700 -18.942301 -0.594671 -0.480335 -0.644705 0.375000 0.048000
3 -18.410999 -18.477699 0.089700 -0.593843 -0.784099 -0.180385 0.375000 0.162800
fire01.jpg
3 -18.410999 -18.477699 0.089700 -0.593843 -0.784099 -0.180385 0.375000 0.162800
3 -12.999000 -13.065700 -18.942301 -0.594671 -0.480335 -0.644705 0.375000 0.048000
3 0.066700 -18.477699 -18.942301 -0.080848 -0.760144 -0.644705 0.500000 0.048000
fire01.jpg
3 -18.410999 -18.477699 0.089700 -0.593843 -0.784099 -0.180385 0.375000 0.162800
3 0.066700 -18.477699 -18.942301 -0.080848 -0.760144 -0.644705 0.500000 0.048000
3 0.066700 -26.131399 0.089700 0.134529 -0.974353 -0.180384 0.500000 0.162800
fire01.jpg
3 0.066700 -26.131399 0.089700 0.134529 -0.974353 -0.180384 0.500000 0.162800
3 0.066700 -18.477699 -18.942301 -0.080848 -0.760144 -0.644705 0.500000 0.048000
3 13.132400 -13.065700 -18.942301 0.480335 -0.594671 -0.644705 0.625000 0.048000
fire01.jpg
3 0.066700 -26.131399 0.089700 0.134529 -0.974353 -0.180384 0.500000 0.162800
3 13.132400 -13.065700 -18.942301 0.480335 -0.594671 -0.644705 0.625000 0.048000
3 18.544399 -18.477699 0.089700 0.784099 -0.593844 -0.180385 0.625000 0.162800
fire01.jpg
3 18.544399 -18.477699 0.089700 0.784099 -0.593844 -0.180385 0.625000 0.162800
3 13.132400 -13.065700 -18.942301 0.480335 -0.594671 -0.644705 0.625000 0.048000
3 18.544399 0.000000 -18.942301 0.760144 -0.080848 -0.644705 0.750000 0.048000
fire01.jpg
3 18.544399 -18.477699 0.089700 0.784099 -0.593844 -0.180385 0.625000 0.162800
3 18.544399 0.000000 -18.942301 0.760144 -0.080848 -0.644705 0.750000 0.048000
3 26.198099 0.000000 0.089700 0.974353 0.134530 -0.180384 0.750000 0.162800
fire01.jpg
3 26.198099 0.000000 0.089700 0.974353 0.134530 -0.180384 0.750000 0.162800
3 18.544399 0.000000 -18.942301 0.760144 -0.080848 -0.644705 0.750000 0.048000
3 13.132400 13.065700 -18.942301 0.594671 0.480335 -0.644705 0.875000 0.048000
fire01.jpg
3 26.198099 0.000000 0.089700 0.974353 0.134530 -0.180384 0.750000 0.162800
3 13.132400 13.065700 -18.942301 0.594671 0.480335 -0.644705 0.875000 0.048000
3 18.544399 18.477699 0.089700 0.593844 0.784099 -0.180385 0.875000 0.162800
fire01.jpg
3 18.544399 18.477699 0.089700 0.593844 0.784099 -0.180385 0.875000 0.162800
3 13.132400 13.065700 -18.942301 0.594671 0.480335 -0.644705 0.875000 0.048000
3 0.066700 18.477699 -18.942301 0.080848 0.760144 -0.644705 1.000000 0.048000
fire01.jpg
3 18.544399 18.477699 0.089700 0.593844 0.784099 -0.180385 0.875000 0.162800
3 0.066700 18.477699 -18.942301 0.080848 0.760144 -0.644705 1.000000 0.048000
3 0.066700 26.131399 0.089700 -0.134530 0.974353 -0.180384 1.000000 0.162800
fire01.jpg
3 0.066700 0.000000 -26.825600 -0.000000 -0.000000 -1.000000 0.500000 0.000500
3 -12.999000 13.065700 -18.942301 -0.480335 0.594671 -0.644705 0.125000 0.048000
3 0.066700 18.477699 -18.942301 0.080848 0.760144 -0.644705 -0.000000 0.048000
fire01.jpg
3 0.066700 0.000000 -26.825600 -0.000000 -0.000000 -1.000000 0.500000 0.000500
3 -18.410999 0.000000 -18.942301 -0.760144 0.080848 -0.644705 0.250000 0.048000
3 -12.999000 13.065700 -18.942301 -0.480335 0.594671 -0.644705 0.125000 0.048000
fire01.jpg
3 0.066700 0.000000 -26.825600 -0.000000 -0.000000 -1.000000 0.500000 0.000500
3 -12.999000 -13.065700 -18.942301 -0.594671 -0.480335 -0.644705 0.375000 0.048000
3 -18.410999 0.000000 -18.942301 -0.760144 0.080848 -0.644705 0.250000 0.048000
fire01.jpg
3 0.066700 0.000000 -26.825600 -0.000000 -0.000000 -1.000000 0.500000 0.000500
3 0.066700 -18.477699 -18.942301 -0.080848 -0.760144 -0.644705 0.500000 0.048000
3 -12.999000 -13.065700 -18.942301 -0.594671 -0.480335 -0.644705 0.375000 0.048000
fire01.jpg
3 0.066700 0.000000 -26.825600 -0.000000 -0.000000 -1.000000 0.500000 0.000500
3 13.132400 -13.065700 -18.942301 0.480335 -0.594671 -0.644705 0.625000 0.048000
3 0.066700 -18.477699 -18.942301 -0.080848 -0.760144 -0.644705 0.500000 0.048000
fire01.jpg
3 0.066700 0.000000 -26.825600 -0.000000 -0.000000 -1.000000 0.500000 0.000500
3 18.544399 0.000000 -18.942301 0.760144 -0.080848 -0.644705 0.750000 0.048000
3 13.132400 -13.065700 -18.942301 0.480335 -0.594671 -0.644705 0.625000 0.048000
fire01.jpg
3 0.066700 0.000000 -26.825600 -0.000000 -0.000000 -1.000000 0.500000 0.000500
3 13.132400 13.065700 -18.942301 0.594671 0.480335 -0.644705 0.875000 0.048000
3 18.544399 0.000000 -18.942301 0.760144 -0.080848 -0.644705 0.750000 0.048000
fire01.jpg
3 0.066700 0.000000 -26.825600 -0.000000 -0.000000 -1.000000 0.500000 0.000500
3 0.066700 18.477699 -18.942301 0.080848 0.760144 -0.644705 1.000000 0.048000
3 13.132400 13.065700 -18.942301 0.594671 0.480335 -0.644705 0.875000 0.048000
fire01.jpg
3 0.066700 26.131399 0.089700 -0.134530 0.974353 -0.180384 -0.000000 0.162800
3 -18.410999 18.477699 0.089700 -0.784098 0.593844 -0.180385 0.125000 0.162800
3 -16.612900 16.679501 138.850494 -0.603648 0.797044 0.018151 0.125000 0.985000
fire01.jpg
3 -16.612900 16.679501 138.850494 -0.603648 0.797044 0.018151 0.125000 0.985000
3 0.066700 23.588400 138.850494 0.136750 0.990439 0.018151 -0.000000 0.985000
3 0.066700 26.131399 0.089700 -0.134530 0.974353 -0.180384 -0.000000 0.162800
fire01.jpg
3 -18.410999 18.477699 0.089700 -0.784098 0.593844 -0.180385 0.125000 0.162800
3 -26.064699 0.000000 0.089700 -0.974353 -0.134530 -0.180385 0.250000 0.162800
3 -23.521799 0.000000 138.850494 -0.990439 0.136752 0.018151 0.250000 0.985000
fire01.jpg
3 -23.521799 0.000000 138.850494 -0.990439 0.136752 0.018151 0.250000 0.985000
3 -16.612900 16.679501 138.850494 -0.603648 0.797044 0.018151 0.125000 0.985000
3 -18.410999 18.477699 0.089700 -0.784098 0.593844 -0.180385 0.125000 0.162800
fire01.jpg
3 -26.064699 0.000000 0.089700 -0.974353 -0.134530 -0.180385 0.250000 0.162800
3 -18.410999 -18.477699 0.089700 -0.593843 -0.784099 -0.180385 0.375000 0.162800
3 -16.612900 -16.679600 138.850494 -0.797043 -0.603650 0.018151 0.375000 0.985000
fire01.jpg
3 -16.612900 -16.679600 138.850494 -0.797043 -0.603650 0.018151 0.375000 0.985000
3 -23.521799 0.000000 138.850494 -0.990439 0.136752 0.018151 0.250000 0.985000
3 -26.064699 0.000000 0.089700 -0.974353 -0.134530 -0.180385 0.250000 0.162800
fire01.jpg
3 -18.410999 -18.477699 0.089700 -0.593843 -0.784099 -0.180385 0.375000 0.162800
3 0.066700 -26.131399 0.089700 0.134529 -0.974353 -0.180384 0.500000 0.162800
3 0.066700 -23.588400 138.850494 -0.136750 -0.990439 0.018151 0.500000 0.985000
fire01.jpg
3 0.066700 -23.588400 138.850494 -0.136750 -0.990439 0.018151 0.500000 0.985000
3 -16.612900 -16.679600 138.850494 -0.797043 -0.603650 0.018151 0.375000 0.985000
3 -18.410999 -18.477699 0.089700 -0.593843 -0.784099 -0.180385 0.375000 0.162800
fire01.jpg
3 0.066700 -26.131399 0.089700 0.134529 -0.974353 -0.180384 0.500000 0.162800
3 18.544399 -18.477699 0.089700 0.784099 -0.593844 -0.180385 0.625000 0.162800
3 16.746201 -16.679600 138.850494 0.603648 -0.797045 0.018151 0.625000 0.985000
fire01.jpg
3 16.746201 -16.679600 138.850494 0.603648 -0.797045 0.018151 0.625000 0.985000
3 0.066700 -23.588400 138.850494 -0.136750 -0.990439 0.018151 0.500000 0.985000
3 0.066700 -26.131399 0.089700 0.134529 -0.974353 -0.180384 0.500000 0.162800
fire01.jpg
3 18.544399 -18.477699 0.089700 0.784099 -0.593844 -0.180385 0.625000 0.162800
3 26.198099 0.000000 0.089700 0.974353 0.134530 -0.180384 0.750000 0.162800
3 23.655100 0.000000 138.850494 0.990439 -0.136751 0.018151 0.750000 0.985000
fire01.jpg
3 23.655100 0.000000 138.850494 0.990439 -0.136751 0.018151 0.750000 0.985000
3 16.746201 -16.679600 138.850494 0.603648 -0.797045 0.018151 0.625000 0.985000
3 18.544399 -18.477699 0.089700 0.784099 -0.593844 -0.180385 0.625000 0.162800
fire01.jpg
3 26.198099 0.000000 0.089700 0.974353 0.134530 -0.180384 0.750000 0.162800
3 18.544399 18.477699 0.089700 0.593844 0.784099 -0.180385 0.875000 0.162800
3 16.746201 16.679600 138.850494 0.797043 0.603649 0.018151 0.875000 0.985000
fire01.jpg
3 16.746201 16.679600 138.850494 0.797043 0.603649 0.018151 0.875000 0.985000
3 23.655100 0.000000 138.850494 0.990439 -0.136751 0.018151 0.750000 0.985000
3 26.198099 0.000000 0.089700 0.974353 0.134530 -0.180384 0.750000 0.162800
fire01.jpg
3 18.544399 18.477699 0.089700 0.593844 0.784099 -0.180385 0.875000 0.162800
3 0.066700 26.131399 0.089700 -0.134530 0.974353 -0.180384 1.000000 0.162800
3 0.066700 23.588400 138.850494 0.136750 0.990439 0.018151 1.000000 0.985000
fire01.jpg
3 0.066700 23.588400 138.850494 0.136750 0.990439 0.018151 1.000000 0.985000
3 16.746201 16.679600 138.850494 0.797043 0.603649 0.018151 0.875000 0.985000
3 18.544399 18.477699 0.089700 0.593844 0.784099 -0.180385 0.875000 0.162800
ConmocionLance.jpg
0 0.127400 -0.412860 -31.070656 0.838337 0.062371 -0.541572 0.944800 0.994300
0 -0.934900 5.372320 -26.263092 0.000000 0.646574 -0.762851 0.876000 0.935100
0 -0.934900 4.239369 -24.153393 -0.000015 0.962273 -0.272087 0.890200 0.909900
ConmocionLance.jpg
0 -0.934900 4.239369 -24.153393 -0.000015 0.962273 -0.272087 0.890200 0.909900
0 0.756800 -0.258804 -27.378689 0.917034 0.381792 -0.115252 0.943800 0.949700
0 0.127400 -0.412860 -31.070656 0.838337 0.062371 -0.541572 0.944800 0.994300
ConmocionLance.jpg
0 -0.934900 5.087477 -12.236671 0.000000 -0.117707 -0.993048 0.882400 0.765900
0 4.032599 -4.010817 -12.941395 0.974757 -0.060595 -0.214886 0.992000 0.776300
0 -0.934900 3.189224 -19.580070 -0.000003 0.998396 -0.056626 0.903800 0.854900
ConmocionLance.jpg
0 4.032599 -4.010817 -12.941395 0.974757 -0.060595 -0.214886 0.992000 0.776300
0 2.560800 5.998865 -8.933573 0.982655 0.068927 -0.172159 0.872100 0.725800
0 4.032599 -3.913448 -7.363443 0.979670 -0.162989 0.116967 0.992000 0.709000
ConmocionLance.jpg
0 -0.934900 5.087477 -12.236671 0.000000 -0.117707 -0.993048 0.882400 0.765900
0 1.613000 7.861341 -12.268188 0.844758 0.054915 -0.532324 0.849000 0.765700
0 2.560800 5.998865 -8.933573 0.982655 0.068927 -0.172159 0.872100 0.725800
ConmocionLance.jpg
0 2.560800 5.998865 -8.933573 0.982655 0.068927 -0.172159 0.872100 0.725800
0 2.138000 10.619566 -7.862146 0.939362 0.340396 -0.041603 0.816600 0.711900
0 1.775400 9.589254 -6.301142 0.896639 0.283736 0.339901 0.829400 0.693300
ConmocionLance.jpg
0 2.138000 10.619566 -7.862146 0.939362 0.340396 -0.041603 0.816600 0.711900
0 1.422700 13.496092 -6.137993 0.950698 0.272271 0.148464 0.782200 0.690500
0 -0.934900 12.067064 -4.459787 -0.000005 0.510438 0.859914 0.799800 0.670600
ConmocionLance.jpg
0 -0.934900 12.067064 -4.459787 -0.000005 0.510438 0.859914 0.799800 0.670600
0 1.775400 9.589254 -6.301142 0.896639 0.283736 0.339901 0.829400 0.693300
0 2.138000 10.619566 -7.862146 0.939362 0.340396 -0.041603 0.816600 0.711900
ConmocionLance.jpg
0 1.422700 13.496092 -6.137993 0.950698 0.272271 0.148464 0.782200 0.690500
0 -0.934900 18.566448 -4.466017 0.000000 0.890663 0.454663 0.721400 0.669300
0 -0.934900 12.067064 -4.459787 -0.000005 0.510438 0.859914 0.799800 0.670600
ConmocionLance.jpg
0 2.112400 -3.786575 -0.094948 0.889382 -0.090237 0.448171 0.992000 0.621200
0 2.437100 4.808825 -3.361656 0.949873 0.110900 0.292305 0.887700 0.658900
0 -0.934900 2.110559 2.554441 -0.000005 0.030933 0.999521 0.921500 0.588000
ConmocionLance.jpg
0 -0.934900 2.110559 2.554441 -0.000005 0.030933 0.999521 0.921500 0.588000
0 -0.934900 -3.726496 3.347127 -0.000008 0.017452 0.999848 0.992000 0.579700
0 2.112400 -3.786575 -0.094948 0.889382 -0.090237 0.448171 0.992000 0.621200
ConmocionLance.jpg
0 1.775400 9.589254 -6.301142 0.896639 0.283736 0.339901 0.829400 0.693300
0 2.437100 4.808825 -3.361656 0.949873 0.110900 0.292305 0.887700 0.658900
0 2.560800 5.998865 -8.933573 0.982655 0.068927 -0.172159 0.872100 0.725800
ConmocionLance.jpg
0 -0.934900 12.067064 -4.459787 -0.000005 0.510438 0.859914 0.799800 0.670600
0 2.437100 4.808825 -3.361656 0.949873 0.110900 0.292305 0.887700 0.658900
0 1.775400 9.589254 -6.301142 0.896639 0.283736 0.339901 0.829400 0.693300
ConmocionLance.jpg
0 -0.934900 12.067064 -4.459787 -0.000005 0.510438 0.859914 0.799800 0.670600
0 -0.934900 14.238802 1.625329 -0.000009 0.999463 -0.032768 0.774900 0.596700
0 1.009900 9.338612 2.981256 0.972771 0.139790 0.184867 0.834300 0.581400
ConmocionLance.jpg
0 1.009900 9.338612 2.981256 0.972771 0.139790 0.184867 0.834300 0.581400
0 2.437100 4.808825 -3.361656 0.949873 0.110900 0.292305 0.887700 0.658900
0 -0.934900 12.067064 -4.459787 -0.000005 0.510438 0.859914 0.799800 0.670600
ConmocionLance.jpg
0 2.437100 4.808825 -3.361656 0.949873 0.110900 0.292305 0.887700 0.658900
0 1.009900 9.338612 2.981256 0.972771 0.139790 0.184867 0.834300 0.581400
0 -0.934900 8.271523 5.833418 -0.000009 -0.465881 0.884847 0.847800 0.547200
ConmocionLance.jpg
0 -0.934900 8.271523 5.833418 -0.000009 -0.465881 0.884847 0.847800 0.547200
0 -0.934900 2.110559 2.554441 -0.000005 0.030933 0.999521 0.921500 0.588000
0 2.437100 4.808825 -3.361656 0.949873 0.110900 0.292305 0.887700 0.658900
ConmocionLance.jpg
0 -0.934900 14.238802 1.625329 -0.000009 0.999463 -0.032768 0.774900 0.596700
0 -0.934900 12.865839 7.174942 -0.000015 0.362606 0.931942 0.792700 0.530000
0 1.009900 9.338612 2.981256 0.972771 0.139790 0.184867 0.834300 0.581400
ConmocionLance.jpg
0 1.009900 9.338612 2.981256 0.972771 0.139790 0.184867 0.834300 0.581400
0 -0.934900 12.865839 7.174942 -0.000015 0.362606 0.931942 0.792700 0.530000
0 -0.934900 8.271523 5.833418 -0.000009 -0.465881 0.884847 0.847800 0.547200
ConmocionLance.jpg
0 2.437100 4.808825 -3.361656 0.949873 0.110900 0.292305 0.887700 0.658900
0 4.032599 -3.913448 -7.363443 0.979670 -0.162989 0.116967 0.992000 0.709000
0 2.560800 5.998865 -8.933573 0.982655 0.068927 -0.172159 0.872100 0.725800
ConmocionLance.jpg
0 -0.934900 5.087477 -12.236671 0.000000 -0.117707 -0.993048 0.882400 0.765900
0 -0.934900 7.957232 -14.441994 -0.000000 -0.252153 -0.967687 0.847300 0.791900
0 1.613000 7.861341 -12.268188 0.844758 0.054915 -0.532324 0.849000 0.765700
ConmocionLance.jpg
0 -0.934900 18.566448 -4.466017 0.000000 0.890663 0.454663 0.721400 0.669300
0 1.422700 13.496092 -6.137993 0.950698 0.272271 0.148464 0.782200 0.690500
0 -0.934900 14.910164 -7.676409 0.000000 0.689930 -0.723876 0.764900 0.708800
ConmocionLance.jpg
0 -0.934900 14.910164 -7.676409 0.000000 0.689930 -0.723876 0.764900 0.708800
0 1.422700 13.496092 -6.137993 0.950698 0.272271 0.148464 0.782200 0.690500
0 2.138000 10.619566 -7.862146 0.939362 0.340396 -0.041603 0.816600 0.711900
ConmocionLance.jpg
0 2.138000 10.619566 -7.862146 0.939362 0.340396 -0.041603 0.816600 0.711900
0 -0.934900 12.363327 -10.504297 0.000000 0.833994 -0.551773 0.795000 0.743500
0 -0.934900 14.910164 -7.676409 0.000000 0.689930 -0.723876 0.764900 0.708800
ConmocionLance.jpg
0 -0.934900 12.363327 -10.504297 0.000000 0.833994 -0.551773 0.795000 0.743500
0 2.138000 10.619566 -7.862146 0.939362 0.340396 -0.041603 0.816600 0.711900
0 1.613000 7.861341 -12.268188 0.844758 0.054915 -0.532324 0.849000 0.765700
ConmocionLance.jpg
0 1.613000 7.861341 -12.268188 0.844758 0.054915 -0.532324 0.849000 0.765700
0 -0.934900 11.347506 -13.802464 0.000000 0.593935 -0.804513 0.806600 0.783500
0 -0.934900 12.363327 -10.504297 0.000000 0.833994 -0.551773 0.795000 0.743500
ConmocionLance.jpg
0 1.613000 7.861341 -12.268188 0.844758 0.054915 -0.532324 0.849000 0.765700
0 -0.934900 7.957232 -14.441994 -0.000000 -0.252153 -0.967687 0.847300 0.791900
0 -0.934900 11.347506 -13.802464 0.000000 0.593935 -0.804513 0.806600 0.783500
ConmocionLance.jpg
0 0.127400 -0.412860 -31.070656 0.838337 0.062371 -0.541572 0.944800 0.994300
0 0.756800 -0.258804 -27.378689 0.917034 0.381792 -0.115252 0.943800 0.949700
0 2.230700 -4.251745 -26.744789 0.909557 -0.007250 -0.415517 0.992000 0.942900
ConmocionLance.jpg
0 0.756800 -0.258804 -27.378689 0.917034 0.381792 -0.115252 0.943800 0.949700
0 2.230700 -4.194777 -23.481003 0.997756 0.001170 0.066941 0.992000 0.903500
0 2.230700 -4.251745 -26.744789 0.909557 -0.007250 -0.415517 0.992000 0.942900
ConmocionLance.jpg
0 0.756800 -0.258804 -27.378689 0.917034 0.381792 -0.115252 0.943800 0.949700
0 -0.934900 4.239369 -24.153393 -0.000015 0.962273 -0.272087 0.890200 0.909900
0 -0.934900 5.321972 -21.555283 -0.000009 0.998974 0.045290 0.877600 0.878300
ConmocionLance.jpg
0 -0.934900 5.321972 -21.555283 -0.000009 0.998974 0.045290 0.877600 0.878300
0 2.230700 -4.194777 -23.481003 0.997756 0.001170 0.066941 0.992000 0.903500
0 0.756800 -0.258804 -27.378689 0.917034 0.381792 -0.115252 0.943800 0.949700
ConmocionLance.jpg
0 2.230700 -4.194777 -23.481003 0.997756 0.001170 0.066941 0.992000 0.903500
0 -0.934900 5.321972 -21.555283 -0.000009 0.998974 0.045290 0.877600 0.878300
0 -0.934900 3.189224 -19.580070 -0.000003 0.998396 -0.056626 0.903800 0.854900
ConmocionLance.jpg
0 -0.934900 3.189224 -19.580070 -0.000003 0.998396 -0.056626 0.903800 0.854900
0 2.230700 -4.136618 -20.148594 0.992537 -0.002129 -0.121925 0.992000 0.863300
0 2.230700 -4.194777 -23.481003 0.997756 0.001170 0.066941 0.992000 0.903500
ConmocionLance.jpg
0 2.560800 5.998865 -8.933573 0.982655 0.068927 -0.172159 0.872100 0.725800
0 4.032599 -4.010817 -12.941395 0.974757 -0.060595 -0.214886 0.992000 0.776300
0 -0.934900 5.087477 -12.236671 0.000000 -0.117707 -0.993048 0.882400 0.765900
ConmocionLance.jpg
0 -0.934900 3.189224 -19.580070 -0.000003 0.998396 -0.056626 0.903800 0.854900
0 4.032599 -4.010817 -12.941395 0.974757 -0.060595 -0.214886 0.992000 0.776300
0 2.230700 -4.136618 -20.148594 0.992537 -0.002129 -0.121925 0.992000 0.863300
ConmocionLance.jpg
0 2.437100 4.808825 -3.361656 0.949873 0.110900 0.292305 0.887700 0.658900
0 2.112400 -3.786575 -0.094948 0.889382 -0.090237 0.448171 0.992000 0.621200
0 4.032599 -3.913448 -7.363443 0.979670 -0.162989 0.116967 0.992000 0.709000
ConmocionLance.jpg
0 0.127400 -0.412860 -31.070656 0.838337 0.062371 -0.541572 0.841300 0.993600
0 -0.934900 -4.350300 -26.276699 0.000001 -0.664131 -0.747616 0.844100 0.914300
0 -0.934900 5.372320 -26.263092 0.000000 0.646574 -0.762851 0.915800 0.993500
ConmocionLance.jpg
0 2.230700 -4.251745 -26.744789 0.909557 -0.007250 -0.415517 0.813800 0.925300
0 -0.934900 -4.350300 -26.276699 0.000001 -0.664131 -0.747616 0.844100 0.914300
0 0.127400 -0.412860 -31.070656 0.838337 0.062371 -0.541572 0.841300 0.993600
ConmocionLance.jpg
0 2.138000 10.619566 -7.862146 0.939362 0.340396 -0.041603 0.816600 0.711900
0 2.560800 5.998865 -8.933573 0.982655 0.068927 -0.172159 0.872100 0.725800
0 1.613000 7.861341 -12.268188 0.844758 0.054915 -0.532324 0.849000 0.765700
ConmocionLance.jpg
0 0.127400 -8.239273 -30.933937 0.838327 -0.081238 -0.539081 0.944800 0.994300
0 0.756800 -8.264486 -27.238941 0.917033 -0.385584 -0.101863 0.943800 0.949700
0 -0.934900 -12.647270 -23.858624 -0.000015 -0.971180 -0.238348 0.890200 0.909900
ConmocionLance.jpg
0 -0.934900 -12.647270 -23.858624 -0.000015 -0.971180 -0.238348 0.890200 0.909900
0 -0.934900 -13.853262 -25.927513 0.000002 -0.672792 -0.739832 0.876000 0.935100
0 0.127400 -8.239273 -30.933937 0.838327 -0.081238 -0.539081 0.944800 0.994300
ConmocionLance.jpg
0 -0.934900 -13.078970 -11.919579 0.000000 -0.974525 -0.224277 0.882400 0.765900
0 -0.934900 -11.438148 -19.324739 -0.000003 -0.999763 -0.021750 0.903800 0.854900
0 4.032599 -4.010817 -12.941395 0.974757 -0.060595 -0.214886 0.992000 0.776300
ConmocionLance.jpg
0 4.032599 -4.010817 -12.941395 0.974757 -0.060595 -0.214886 0.992000 0.776300
0 4.032599 -3.913448 -7.363443 0.979670 -0.162989 0.116967 0.992000 0.709000
0 -0.934900 -13.874519 -8.586691 0.000000 -0.999993 0.003820 0.872100 0.725800
ConmocionLance.jpg
0 2.112400 -3.786575 -0.094948 0.889382 -0.090237 0.448171 0.992000 0.621200
0 -0.934900 -3.726496 3.347127 -0.000008 0.017452 0.999848 0.992000 0.579700
0 -0.934900 -9.587656 2.758634 -0.000008 -0.465221 0.885195 0.921500 0.588000
ConmocionLance.jpg
0 -0.934900 -9.587656 2.758634 -0.000008 -0.465221 0.885195 0.921500 0.588000
0 -0.934900 -12.490746 -3.059693 -0.000002 -0.914012 0.405688 0.887700 0.658900
0 2.112400 -3.786575 -0.094948 0.889382 -0.090237 0.448171 0.992000 0.621200
ConmocionLance.jpg
0 -0.934900 -12.490746 -3.059693 -0.000002 -0.914012 0.405688 0.887700 0.658900
0 -0.934900 -13.874519 -8.586691 0.000000 -0.999993 0.003820 0.872100 0.725800
0 4.032599 -3.913448 -7.363443 0.979670 -0.162989 0.116967 0.992000 0.709000
ConmocionLance.jpg
0 0.127400 -8.239273 -30.933937 0.838327 -0.081238 -0.539081 0.944800 0.994300
0 2.230700 -4.251745 -26.744789 0.909557 -0.007250 -0.415517 0.992000 0.942900
0 0.756800 -8.264486 -27.238941 0.917033 -0.385584 -0.101863 0.943800 0.949700
ConmocionLance.jpg
0 0.756800 -8.264486 -27.238941 0.917033 -0.385584 -0.101863 0.943800 0.949700
0 2.230700 -4.251745 -26.744789 0.909557 -0.007250 -0.415517 0.992000 0.942900
0 2.230700 -4.194777 -23.481003 0.997756 0.001170 0.066941 0.992000 0.903500
ConmocionLance.jpg
0 0.756800 -8.264486 -27.238941 0.917033 -0.385584 -0.101863 0.943800 0.949700
0 2.230700 -4.194777 -23.481003 0.997756 0.001170 0.066941 0.992000 0.903500
0 -0.934900 -13.638546 -21.224339 -0.000009 -0.996785 0.080123 0.877600 0.878300
ConmocionLance.jpg
0 -0.934900 -13.638546 -21.224339 -0.000009 -0.996785 0.080123 0.877600 0.878300
0 -0.934900 -12.647270 -23.858624 -0.000015 -0.971180 -0.238348 0.890200 0.909900
0 0.756800 -8.264486 -27.238941 0.917033 -0.385584 -0.101863 0.943800 0.949700
ConmocionLance.jpg
0 2.230700 -4.194777 -23.481003 0.997756 0.001170 0.066941 0.992000 0.903500
0 2.230700 -4.136618 -20.148594 0.992537 -0.002129 -0.121925 0.992000 0.863300
0 -0.934900 -11.438148 -19.324739 -0.000003 -0.999763 -0.021750 0.903800 0.854900
ConmocionLance.jpg
0 -0.934900 -11.438148 -19.324739 -0.000003 -0.999763 -0.021750 0.903800 0.854900
0 -0.934900 -13.638546 -21.224339 -0.000009 -0.996785 0.080123 0.877600 0.878300
0 2.230700 -4.194777 -23.481003 0.997756 0.001170 0.066941 0.992000 0.903500
ConmocionLance.jpg
0 -0.934900 -13.874519 -8.586691 0.000000 -0.999993 0.003820 0.872100 0.725800
0 -0.934900 -13.078970 -11.919579 0.000000 -0.974525 -0.224277 0.882400 0.765900
0 4.032599 -4.010817 -12.941395 0.974757 -0.060595 -0.214886 0.992000 0.776300
ConmocionLance.jpg
0 -0.934900 -11.438148 -19.324739 -0.000003 -0.999763 -0.021750 0.903800 0.854900
0 2.230700 -4.136618 -20.148594 0.992537 -0.002129 -0.121925 0.992000 0.863300
0 4.032599 -4.010817 -12.941395 0.974757 -0.060595 -0.214886 0.992000 0.776300
ConmocionLance.jpg
0 -0.934900 -12.490746 -3.059693 -0.000002 -0.914012 0.405688 0.887700 0.658900
0 4.032599 -3.913448 -7.363443 0.979670 -0.162989 0.116967 0.992000 0.709000
0 2.112400 -3.786575 -0.094948 0.889382 -0.090237 0.448171 0.992000 0.621200
ConmocionLance.jpg
0 0.127400 -8.239273 -30.933937 0.838327 -0.081238 -0.539081 0.841300 0.993600
0 -0.934900 -13.853262 -25.927513 0.000002 -0.672792 -0.739832 0.915800 0.993500
0 -0.934900 -4.136929 -26.280430 0.000001 0.637629 -0.770344 0.844100 0.914300
ConmocionLance.jpg
0 2.230700 -4.251745 -26.744789 0.909557 -0.007250 -0.415517 0.813800 0.925300
0 0.127400 -8.239273 -30.933937 0.838327 -0.081238 -0.539081 0.841300 0.993600
0 -0.934900 -4.136929 -26.280430 0.000001 0.637629 -0.770344 0.844100 0.914300
ConmocionLance.jpg
0 -1.997200 -0.412860 -31.070656 -0.838351 0.062360 -0.541553 0.944800 0.994300
0 -2.626500 -0.258804 -27.378689 -0.917040 0.381781 -0.115242 0.943800 0.949700
0 -0.934900 4.239369 -24.153393 -0.000015 0.962273 -0.272087 0.890200 0.909900
ConmocionLance.jpg
0 -0.934900 4.239369 -24.153393 -0.000015 0.962273 -0.272087 0.890200 0.909900
0 -0.934900 5.372320 -26.263092 0.000000 0.646574 -0.762851 0.876000 0.935100
0 -1.997200 -0.412860 -31.070656 -0.838351 0.062360 -0.541553 0.944800 0.994300
ConmocionLance.jpg
0 -0.934900 5.087477 -12.236671 0.000000 -0.117707 -0.993048 0.882400 0.765900
0 -0.934900 3.189224 -19.580070 -0.000003 0.998396 -0.056626 0.903800 0.854900
0 -5.902400 -4.010817 -12.941395 -0.974757 -0.060595 -0.214890 0.992000 0.776300
ConmocionLance.jpg
0 -5.902400 -4.010817 -12.941395 -0.974757 -0.060595 -0.214890 0.992000 0.776300
0 -5.902400 -3.913448 -7.363443 -0.979669 -0.162989 0.116972 0.992000 0.709000
0 -4.430600 5.998865 -8.933573 -0.982656 0.068929 -0.172150 0.872100 0.725800
ConmocionLance.jpg
0 -4.430600 5.998865 -8.933573 -0.982656 0.068929 -0.172150 0.872100 0.725800
0 -3.482800 7.861341 -12.268188 -0.844758 0.054915 -0.532324 0.849000 0.765700
0 -0.934900 5.087477 -12.236671 0.000000 -0.117707 -0.993048 0.882400 0.765900
ConmocionLance.jpg
0 -4.430600 5.998865 -8.933573 -0.982656 0.068929 -0.172150 0.872100 0.725800
0 -3.645100 9.589254 -6.301142 -0.896637 0.283728 0.339914 0.829400 0.693300
0 -4.007800 10.619566 -7.862146 -0.939365 0.340388 -0.041590 0.816600 0.711900
ConmocionLance.jpg
0 -4.007800 10.619566 -7.862146 -0.939365 0.340388 -0.041590 0.816600 0.711900
0 -3.645100 9.589254 -6.301142 -0.896637 0.283728 0.339914 0.829400 0.693300
0 -0.934900 12.067064 -4.459787 -0.000005 0.510438 0.859914 0.799800 0.670600
ConmocionLance.jpg
0 -0.934900 12.067064 -4.459787 -0.000005 0.510438 0.859914 0.799800 0.670600
0 -3.292500 13.496092 -6.137993 -0.950698 0.272271 0.148464 0.782200 0.690500
0 -4.007800 10.619566 -7.862146 -0.939365 0.340388 -0.041590 0.816600 0.711900
ConmocionLance.jpg
0 -3.292500 13.496092 -6.137993 -0.950698 0.272271 0.148464 0.782200 0.690500
0 -0.934900 12.067064 -4.459787 -0.000005 0.510438 0.859914 0.799800 0.670600
0 -0.934900 18.566448 -4.466017 0.000000 0.890663 0.454663 0.721400 0.669300
ConmocionLance.jpg
0 -3.982100 -3.786575 -0.094948 -0.889383 -0.090237 0.448168 0.992000 0.621200
0 -0.934900 -3.726496 3.347127 -0.000008 0.017452 0.999848 0.992000 0.579700
0 -0.934900 2.110559 2.554441 -0.000005 0.030933 0.999521 0.921500 0.588000
ConmocionLance.jpg
0 -0.934900 2.110559 2.554441 -0.000005 0.030933 0.999521 0.921500 0.588000
0 -4.306900 4.808825 -3.361656 -0.949873 0.110905 0.292304 0.887700 0.658900
0 -3.982100 -3.786575 -0.094948 -0.889383 -0.090237 0.448168 0.992000 0.621200
ConmocionLance.jpg
0 -3.645100 9.589254 -6.301142 -0.896637 0.283728 0.339914 0.829400 0.693300
0 -4.430600 5.998865 -8.933573 -0.982656 0.068929 -0.172150 0.872100 0.725800
0 -4.306900 4.808825 -3.361656 -0.949873 0.110905 0.292304 0.887700 0.658900
ConmocionLance.jpg
0 -0.934900 12.067064 -4.459787 -0.000005 0.510438 0.859914 0.799800 0.670600
0 -3.645100 9.589254 -6.301142 -0.896637 0.283728 0.339914 0.829400 0.693300
0 -4.306900 4.808825 -3.361656 -0.949873 0.110905 0.292304 0.887700 0.658900
ConmocionLance.jpg
0 -0.934900 12.067064 -4.459787 -0.000005 0.510438 0.859914 0.799800 0.670600
0 -4.306900 4.808825 -3.361656 -0.949873 0.110905 0.292304 0.887700 0.658900
0 -2.879600 9.338612 2.981256 -0.972772 0.139790 0.184863 0.834300 0.581400
ConmocionLance.jpg
0 -2.879600 9.338612 2.981256 -0.972772 0.139790 0.184863 0.834300 0.581400
0 -0.934900 14.238802 1.625329 -0.000009 0.999463 -0.032768 0.774900 0.596700
0 -0.934900 12.067064 -4.459787 -0.000005 0.510438 0.859914 0.799800 0.670600
ConmocionLance.jpg
0 -4.306900 4.808825 -3.361656 -0.949873 0.110905 0.292304 0.887700 0.658900
0 -0.934900 2.110559 2.554441 -0.000005 0.030933 0.999521 0.921500 0.588000
0 -0.934900 8.271523 5.833418 -0.000009 -0.465881 0.884847 0.847800 0.547200
ConmocionLance.jpg
0 -0.934900 8.271523 5.833418 -0.000009 -0.465881 0.884847 0.847800 0.547200
0 -2.879600 9.338612 2.981256 -0.972772 0.139790 0.184863 0.834300 0.581400
0 -4.306900 4.808825 -3.361656 -0.949873 0.110905 0.292304 0.887700 0.658900
ConmocionLance.jpg
0 -0.934900 14.238802 1.625329 -0.000009 0.999463 -0.032768 0.774900 0.596700
0 -2.879600 9.338612 2.981256 -0.972772 0.139790 0.184863 0.834300 0.581400
0 -0.934900 12.865839 7.174942 -0.000015 0.362606 0.931942 0.792700 0.530000
ConmocionLance.jpg
0 -2.879600 9.338612 2.981256 -0.972772 0.139790 0.184863 0.834300 0.581400
0 -0.934900 8.271523 5.833418 -0.000009 -0.465881 0.884847 0.847800 0.547200
0 -0.934900 12.865839 7.174942 -0.000015 0.362606 0.931942 0.792700 0.530000
ConmocionLance.jpg
0 -4.306900 4.808825 -3.361656 -0.949873 0.110905 0.292304 0.887700 0.658900
0 -4.430600 5.998865 -8.933573 -0.982656 0.068929 -0.172150 0.872100 0.725800
0 -5.902400 -3.913448 -7.363443 -0.979669 -0.162989 0.116972 0.992000 0.709000
ConmocionLance.jpg
0 -0.934900 5.087477 -12.236671 0.000000 -0.117707 -0.993048 0.882400 0.765900
0 -3.482800 7.861341 -12.268188 -0.844758 0.054915 -0.532324 0.849000 0.765700
0 -0.934900 7.957232 -14.441994 -0.000000 -0.252153 -0.967687 0.847300 0.791900
ConmocionLance.jpg
0 -0.934900 18.566448 -4.466017 0.000000 0.890663 0.454663 0.721400 0.669300
0 -0.934900 14.910164 -7.676409 0.000000 0.689930 -0.723876 0.764900 0.708800
0 -3.292500 13.496092 -6.137993 -0.950698 0.272271 0.148464 0.782200 0.690500
ConmocionLance.jpg
0 -0.934900 14.910164 -7.676409 0.000000 0.689930 -0.723876 0.764900 0.708800
0 -0.934900 12.363327 -10.504297 0.000000 0.833994 -0.551773 0.795000 0.743500
0 -4.007800 10.619566 -7.862146 -0.939365 0.340388 -0.041590 0.816600 0.711900
ConmocionLance.jpg
0 -4.007800 10.619566 -7.862146 -0.939365 0.340388 -0.041590 0.816600 0.711900
0 -3.292500 13.496092 -6.137993 -0.950698 0.272271 0.148464 0.782200 0.690500
0 -0.934900 14.910164 -7.676409 0.000000 0.689930 -0.723876 0.764900 0.708800
ConmocionLance.jpg
0 -0.934900 12.363327 -10.504297 0.000000 0.833994 -0.551773 0.795000 0.743500
0 -0.934900 11.347506 -13.802464 0.000000 0.593935 -0.804513 0.806600 0.783500
0 -3.482800 7.861341 -12.268188 -0.844758 0.054915 -0.532324 0.849000 0.765700
ConmocionLance.jpg
0 -3.482800 7.861341 -12.268188 -0.844758 0.054915 -0.532324 0.849000 0.765700
0 -4.007800 10.619566 -7.862146 -0.939365 0.340388 -0.041590 0.816600 0.711900
0 -0.934900 12.363327 -10.504297 0.000000 0.833994 -0.551773 0.795000 0.743500
ConmocionLance.jpg
0 -3.482800 7.861341 -12.268188 -0.844758 0.054915 -0.532324 0.849000 0.765700
0 -0.934900 11.347506 -13.802464 0.000000 0.593935 -0.804513 0.806600 0.783500
0 -0.934900 7.957232 -14.441994 -0.000000 -0.252153 -0.967687 0.847300 0.791900
ConmocionLance.jpg
0 -1.997200 -0.412860 -31.070656 -0.838351 0.062360 -0.541553 0.944800 0.994300
0 -4.100400 -4.251745 -26.744789 -0.909563 -0.007249 -0.415504 0.992000 0.942900
0 -2.626500 -0.258804 -27.378689 -0.917040 0.381781 -0.115242 0.943800 0.949700
ConmocionLance.jpg
0 -2.626500 -0.258804 -27.378689 -0.917040 0.381781 -0.115242 0.943800 0.949700
0 -4.100400 -4.251745 -26.744789 -0.909563 -0.007249 -0.415504 0.992000 0.942900
0 -4.100400 -4.194777 -23.481003 -0.997757 0.001170 0.066936 0.992000 0.903500
ConmocionLance.jpg
0 -2.626500 -0.258804 -27.378689 -0.917040 0.381781 -0.115242 0.943800 0.949700
0 -4.100400 -4.194777 -23.481003 -0.997757 0.001170 0.066936 0.992000 0.903500
0 -0.934900 5.321972 -21.555283 -0.000009 0.998974 0.045290 0.877600 0.878300
ConmocionLance.jpg
0 -0.934900 5.321972 -21.555283 -0.000009 0.998974 0.045290 0.877600 0.878300
0 -0.934900 4.239369 -24.153393 -0.000015 0.962273 -0.272087 0.890200 0.909900
0 -2.626500 -0.258804 -27.378689 -0.917040 0.381781 -0.115242 0.943800 0.949700
ConmocionLance.jpg
0 -4.100400 -4.194777 -23.481003 -0.997757 0.001170 0.066936 0.992000 0.903500
0 -4.100400 -4.136618 -20.148594 -0.992536 -0.002129 -0.121932 0.992000 0.863300
0 -0.934900 3.189224 -19.580070 -0.000003 0.998396 -0.056626 0.903800 0.854900
ConmocionLance.jpg
0 -0.934900 3.189224 -19.580070 -0.000003 0.998396 -0.056626 0.903800 0.854900
0 -0.934900 5.321972 -21.555283 -0.000009 0.998974 0.045290 0.877600 0.878300
0 -4.100400 -4.194777 -23.481003 -0.997757 0.001170 0.066936 0.992000 0.903500
ConmocionLance.jpg
0 -4.430600 5.998865 -8.933573 -0.982656 0.068929 -0.172150 0.872100 0.725800
0 -0.934900 5.087477 -12.236671 0.000000 -0.117707 -0.993048 0.882400 0.765900
0 -5.902400 -4.010817 -12.941395 -0.974757 -0.060595 -0.214890 0.992000 0.776300
ConmocionLance.jpg
0 -0.934900 3.189224 -19.580070 -0.000003 0.998396 -0.056626 0.903800 0.854900
0 -4.100400 -4.136618 -20.148594 -0.992536 -0.002129 -0.121932 0.992000 0.863300
0 -5.902400 -4.010817 -12.941395 -0.974757 -0.060595 -0.214890 0.992000 0.776300
ConmocionLance.jpg
0 -4.306900 4.808825 -3.361656 -0.949873 0.110905 0.292304 0.887700 0.658900
0 -5.902400 -3.913448 -7.363443 -0.979669 -0.162989 0.116972 0.992000 0.709000
0 -3.982100 -3.786575 -0.094948 -0.889383 -0.090237 0.448168 0.992000 0.621200
ConmocionLance.jpg
0 -1.997200 -0.412860 -31.070656 -0.838351 0.062360 -0.541553 0.841300 0.993600
0 -0.934900 5.372320 -26.263092 0.000000 0.646574 -0.762851 0.915800 0.993500
0 -0.934900 -4.350300 -26.276699 0.000001 -0.664131 -0.747616 0.844100 0.914300
ConmocionLance.jpg
0 -4.100400 -4.251745 -26.744789 -0.909563 -0.007249 -0.415504 0.813800 0.925300
0 -1.997200 -0.412860 -31.070656 -0.838351 0.062360 -0.541553 0.841300 0.993600
0 -0.934900 -4.350300 -26.276699 0.000001 -0.664131 -0.747616 0.844100 0.914300
ConmocionLance.jpg
0 -4.007800 10.619566 -7.862146 -0.939365 0.340388 -0.041590 0.816600 0.711900
0 -3.482800 7.861341 -12.268188 -0.844758 0.054915 -0.532324 0.849000 0.765700
0 -4.430600 5.998865 -8.933573 -0.982656 0.068929 -0.172150 0.872100 0.725800
ConmocionLance.jpg
0 -1.997200 -8.239273 -30.934029 -0.838345 -0.081223 -0.539055 0.944800 0.994300
0 -0.934900 -13.853262 -25.927513 0.000002 -0.672792 -0.739832 0.876000 0.935100
0 -0.934900 -12.647270 -23.858624 -0.000015 -0.971180 -0.238348 0.890200 0.909900
ConmocionLance.jpg
0 -0.934900 -12.647270 -23.858624 -0.000015 -0.971180 -0.238348 0.890200 0.909900
0 -2.626500 -8.264486 -27.238941 -0.917039 -0.385572 -0.101852 0.943800 0.949700
0 -1.997200 -8.239273 -30.934029 -0.838345 -0.081223 -0.539055 0.944800 0.994300
ConmocionLance.jpg
0 -0.934900 -13.078970 -11.919579 0.000000 -0.974525 -0.224277 0.882400 0.765900
0 -5.902400 -4.010817 -12.941395 -0.974757 -0.060595 -0.214890 0.992000 0.776300
0 -0.934900 -11.438148 -19.324739 -0.000003 -0.999763 -0.021750 0.903800 0.854900
ConmocionLance.jpg
0 -5.902400 -4.010817 -12.941395 -0.974757 -0.060595 -0.214890 0.992000 0.776300
0 -0.934900 -13.874519 -8.586691 0.000000 -0.999993 0.003820 0.872100 0.725800
0 -5.902400 -3.913448 -7.363443 -0.979669 -0.162989 0.116972 0.992000 0.709000
ConmocionLance.jpg
0 -3.982100 -3.786575 -0.094948 -0.889383 -0.090237 0.448168 0.992000 0.621200
0 -0.934900 -12.490746 -3.059693 -0.000002 -0.914012 0.405688 0.887700 0.658900
0 -0.934900 -9.587656 2.758634 -0.000008 -0.465221 0.885195 0.921500 0.588000
ConmocionLance.jpg
0 -0.934900 -9.587656 2.758634 -0.000008 -0.465221 0.885195 0.921500 0.588000
0 -0.934900 -3.726496 3.347127 -0.000008 0.017452 0.999848 0.992000 0.579700
0 -3.982100 -3.786575 -0.094948 -0.889383 -0.090237 0.448168 0.992000 0.621200
ConmocionLance.jpg
0 -0.934900 -12.490746 -3.059693 -0.000002 -0.914012 0.405688 0.887700 0.658900
0 -5.902400 -3.913448 -7.363443 -0.979669 -0.162989 0.116972 0.992000 0.709000
0 -0.934900 -13.874519 -8.586691 0.000000 -0.999993 0.003820 0.872100 0.725800
ConmocionLance.jpg
0 -1.997200 -8.239273 -30.934029 -0.838345 -0.081223 -0.539055 0.944800 0.994300
0 -2.626500 -8.264486 -27.238941 -0.917039 -0.385572 -0.101852 0.943800 0.949700
0 -4.100400 -4.251745 -26.744789 -0.909563 -0.007249 -0.415504 0.992000 0.942900
ConmocionLance.jpg
0 -2.626500 -8.264486 -27.238941 -0.917039 -0.385572 -0.101852 0.943800 0.949700
0 -4.100400 -4.194777 -23.481003 -0.997757 0.001170 0.066936 0.992000 0.903500
0 -4.100400 -4.251745 -26.744789 -0.909563 -0.007249 -0.415504 0.992000 0.942900
ConmocionLance.jpg
0 -2.626500 -8.264486 -27.238941 -0.917039 -0.385572 -0.101852 0.943800 0.949700
0 -0.934900 -12.647270 -23.858624 -0.000015 -0.971180 -0.238348 0.890200 0.909900
0 -0.934900 -13.638546 -21.224339 -0.000009 -0.996785 0.080123 0.877600 0.878300
ConmocionLance.jpg
0 -0.934900 -13.638546 -21.224339 -0.000009 -0.996785 0.080123 0.877600 0.878300
0 -4.100400 -4.194777 -23.481003 -0.997757 0.001170 0.066936 0.992000 0.903500
0 -2.626500 -8.264486 -27.238941 -0.917039 -0.385572 -0.101852 0.943800 0.949700
ConmocionLance.jpg
0 -4.100400 -4.194777 -23.481003 -0.997757 0.001170 0.066936 0.992000 0.903500
0 -0.934900 -13.638546 -21.224339 -0.000009 -0.996785 0.080123 0.877600 0.878300
0 -0.934900 -11.438148 -19.324739 -0.000003 -0.999763 -0.021750 0.903800 0.854900
ConmocionLance.jpg
0 -0.934900 -11.438148 -19.324739 -0.000003 -0.999763 -0.021750 0.903800 0.854900
0 -4.100400 -4.136618 -20.148594 -0.992536 -0.002129 -0.121932 0.992000 0.863300
0 -4.100400 -4.194777 -23.481003 -0.997757 0.001170 0.066936 0.992000 0.903500
ConmocionLance.jpg
0 -0.934900 -13.874519 -8.586691 0.000000 -0.999993 0.003820 0.872100 0.725800
0 -5.902400 -4.010817 -12.941395 -0.974757 -0.060595 -0.214890 0.992000 0.776300
0 -0.934900 -13.078970 -11.919579 0.000000 -0.974525 -0.224277 0.882400 0.765900
ConmocionLance.jpg
0 -0.934900 -11.438148 -19.324739 -0.000003 -0.999763 -0.021750 0.903800 0.854900
0 -5.902400 -4.010817 -12.941395 -0.974757 -0.060595 -0.214890 0.992000 0.776300
0 -4.100400 -4.136618 -20.148594 -0.992536 -0.002129 -0.121932 0.992000 0.863300
ConmocionLance.jpg
0 -0.934900 -12.490746 -3.059693 -0.000002 -0.914012 0.405688 0.887700 0.658900
0 -3.982100 -3.786575 -0.094948 -0.889383 -0.090237 0.448168 0.992000 0.621200
0 -5.902400 -3.913448 -7.363443 -0.979669 -0.162989 0.116972 0.992000 0.709000
ConmocionLance.jpg
0 -1.997200 -8.239273 -30.934029 -0.838345 -0.081223 -0.539055 0.841300 0.993600
0 -0.934900 -4.136929 -26.280430 0.000001 0.637629 -0.770344 0.844100 0.914300
0 -0.934900 -13.853262 -25.927513 0.000002 -0.672792 -0.739832 0.915800 0.993500
ConmocionLance.jpg
0 -4.100400 -4.251745 -26.744789 -0.909563 -0.007249 -0.415504 0.813800 0.925300
0 -0.934900 -4.136929 -26.280430 0.000001 0.637629 -0.770344 0.844100 0.914300
0 -1.997200 -8.239273 -30.934029 -0.838345 -0.081223 -0.539055 0.841300 0.993600
ConmocionLance.jpg
0 -0.148400 3.191442 -101.751541 0.901110 0.431180 -0.045651 0.084200 0.690800
0 -0.893400 -3.893094 -92.746544 0.000097 -0.989795 0.142501 0.018300 0.609900
0 -0.382800 -0.796504 -125.068024 0.584735 0.784289 -0.207304 0.051600 0.903700
ConmocionLance.jpg
0 -0.382800 -0.796504 -125.068024 0.584735 0.784289 -0.207304 0.051600 0.903700
0 -0.893400 -3.893094 -92.746544 0.000097 -0.989795 0.142501 0.018300 0.609900
0 -0.894300 -4.621986 -134.504684 0.000020 0.868567 -0.495573 0.018300 0.990200
ConmocionLance.jpg
0 -0.893400 -3.893094 -92.746544 0.000097 -0.989795 0.142501 0.018300 0.609900
0 -0.148400 3.191442 -101.751541 0.901110 0.431180 -0.045651 0.084200 0.690800
0 -0.894300 -1.487140 -88.335556 0.000064 -0.957827 0.287344 0.039500 0.569400
ConmocionLance.jpg
0 -0.894300 -1.487140 -88.335556 0.000064 -0.957827 0.287344 0.039500 0.569400
0 -0.148400 3.191442 -101.751541 0.901110 0.431180 -0.045651 0.084200 0.690800
0 -0.894300 -0.228568 -80.463623 0.000000 -0.997547 0.069996 0.049700 0.497500
ConmocionLance.jpg
0 -0.148400 3.191442 -101.751541 0.901110 0.431180 -0.045651 0.084200 0.690800
0 0.171300 8.251482 -34.736538 0.850935 0.465099 0.244115 0.119700 0.079900
0 -0.894300 0.201725 -58.047104 -0.000000 -0.999993 -0.003619 0.050100 0.293400
ConmocionLance.jpg
0 -0.894300 0.201725 -58.047104 -0.000000 -0.999993 -0.003619 0.050100 0.293400
0 -0.894300 -0.228568 -80.463623 0.000000 -0.997547 0.069996 0.049700 0.497500
0 -0.148400 3.191442 -101.751541 0.901110 0.431180 -0.045651 0.084200 0.690800
ConmocionLance.jpg
0 -0.894300 0.201725 -58.047104 -0.000000 -0.999993 -0.003619 0.050100 0.293400
0 0.171300 8.251482 -34.736538 0.850935 0.465099 0.244115 0.119700 0.079900
0 -0.894300 -0.782597 -49.972099 0.000000 -0.956348 -0.292230 0.039800 0.220000
ConmocionLance.jpg
0 0.171300 8.251482 -34.736538 0.850935 0.465099 0.244115 0.119700 0.079900
0 -0.382000 5.703089 -31.298824 0.727849 0.522235 0.444417 0.095900 0.049000
0 -0.894300 -4.550289 -43.847801 0.001400 0.017488 0.999846 0.004600 0.164900
ConmocionLance.jpg
0 -0.894300 -4.550289 -43.847801 0.001400 0.017488 0.999846 0.004600 0.164900
0 -0.894300 -0.782597 -49.972099 0.000000 -0.956348 -0.292230 0.039800 0.220000
0 0.171300 8.251482 -34.736538 0.850935 0.465099 0.244115 0.119700 0.079900
ConmocionLance.jpg
0 -0.894300 -4.550289 -43.847801 0.001400 0.017488 0.999846 0.004600 0.164900
0 -0.382000 5.703089 -31.298824 0.727849 0.522235 0.444417 0.095900 0.049000
0 -0.894300 3.738571 -27.707397 0.000091 0.865225 0.501384 0.077500 0.016600
ConmocionLance.jpg
0 -0.894300 3.738571 -27.707397 0.000091 0.865225 0.501384 0.077500 0.016600
0 0.130300 -4.251745 -26.744789 0.998211 -0.001043 -0.059782 0.004600 0.009100
0 -0.894300 -4.550289 -43.847801 0.001400 0.017488 0.999846 0.004600 0.164900
ConmocionLance.jpg
0 -0.894300 -4.621986 -134.504684 0.000020 0.868567 -0.495573 0.910800 0.066400
0 -1.405800 -0.796504 -125.068024 -0.748217 0.632047 -0.201712 0.840400 0.069800
0 -0.382800 -0.796504 -125.068024 0.584735 0.784289 -0.207304 0.840400 0.062900
ConmocionLance.jpg
0 -0.382800 -0.796504 -125.068024 0.584735 0.784289 -0.207304 0.840400 0.062900
0 -1.405800 -0.796504 -125.068024 -0.748217 0.632047 -0.201712 0.840400 0.069800
0 -1.640200 3.191442 -101.751541 -0.901135 0.428990 -0.062636 0.676800 0.071300
ConmocionLance.jpg
0 -1.640200 3.191442 -101.751541 -0.901135 0.428990 -0.062636 0.676800 0.071300
0 -0.148400 3.191442 -101.751541 0.901110 0.431180 -0.045651 0.676800 0.061400
0 -0.382800 -0.796504 -125.068024 0.584735 0.784289 -0.207304 0.840400 0.062900
ConmocionLance.jpg
0 -0.148400 3.191442 -101.751541 0.901110 0.431180 -0.045651 0.676800 0.061400
0 -1.640200 3.191442 -101.751541 -0.901135 0.428990 -0.062636 0.676800 0.071300
0 -1.959900 8.251482 -34.736538 -0.854859 0.508967 0.100839 0.209400 0.073400
ConmocionLance.jpg
0 -1.959900 8.251482 -34.736538 -0.854859 0.508967 0.100839 0.209400 0.073400
0 0.171300 8.251482 -34.736538 0.850935 0.465099 0.244115 0.209400 0.059200
0 -0.148400 3.191442 -101.751541 0.901110 0.431180 -0.045651 0.676800 0.061400
ConmocionLance.jpg
0 -0.382000 5.703089 -31.298824 0.727849 0.522235 0.444417 0.180000 0.062800
0 -1.406600 5.703089 -31.298824 -0.568569 0.638818 0.518306 0.180000 0.069900
0 -0.894300 3.738571 -27.707397 0.000091 0.865225 0.501384 0.151800 0.066400
ConmocionLance.jpg
0 -0.894300 3.738571 -27.707397 0.000091 0.865225 0.501384 0.151800 0.066400
0 -0.894300 3.738571 -27.707397 0.000091 0.865225 0.501384 0.151800 0.066400
0 -0.382000 5.703089 -31.298824 0.727849 0.522235 0.444417 0.180000 0.062800
ConmocionLance.jpg
0 0.171300 8.251482 -34.736538 0.850935 0.465099 0.244115 0.209400 0.059200
0 -1.959900 8.251482 -34.736538 -0.854859 0.508967 0.100839 0.209400 0.073400
0 -1.406600 5.703089 -31.298824 -0.568569 0.638818 0.518306 0.180000 0.069900
ConmocionLance.jpg
0 -1.406600 5.703089 -31.298824 -0.568569 0.638818 0.518306 0.180000 0.069900
0 -0.382000 5.703089 -31.298824 0.727849 0.522235 0.444417 0.180000 0.062800
0 0.171300 8.251482 -34.736538 0.850935 0.465099 0.244115 0.209400 0.059200
ConmocionLance.jpg
0 -1.640200 3.191442 -101.751541 -0.901135 0.428990 -0.062636 0.084200 0.690800
0 -1.405800 -0.796504 -125.068024 -0.748217 0.632047 -0.201712 0.051600 0.903700
0 -0.893400 -3.893094 -92.746544 0.000097 -0.989795 0.142501 0.018300 0.609900
ConmocionLance.jpg
0 -1.405800 -0.796504 -125.068024 -0.748217 0.632047 -0.201712 0.051600 0.903700
0 -0.894300 -4.621986 -134.504684 0.000020 0.868567 -0.495573 0.018300 0.990200
0 -0.893400 -3.893094 -92.746544 0.000097 -0.989795 0.142501 0.018300 0.609900
ConmocionLance.jpg
0 -0.893400 -3.893094 -92.746544 0.000097 -0.989795 0.142501 0.018300 0.609900
0 -0.894300 -1.487140 -88.335556 0.000064 -0.957827 0.287344 0.039500 0.569400
0 -1.640200 3.191442 -101.751541 -0.901135 0.428990 -0.062636 0.084200 0.690800
ConmocionLance.jpg
0 -0.894300 -1.487140 -88.335556 0.000064 -0.957827 0.287344 0.039500 0.569400
0 -0.894300 -0.228568 -80.463623 0.000000 -0.997547 0.069996 0.049700 0.497500
0 -1.640200 3.191442 -101.751541 -0.901135 0.428990 -0.062636 0.084200 0.690800
ConmocionLance.jpg
0 -1.640200 3.191442 -101.751541 -0.901135 0.428990 -0.062636 0.084200 0.690800
0 -0.894300 -0.228568 -80.463623 0.000000 -0.997547 0.069996 0.049700 0.497500
0 -0.894300 0.201725 -58.047104 -0.000000 -0.999993 -0.003619 0.050100 0.293400
ConmocionLance.jpg
0 -0.894300 0.201725 -58.047104 -0.000000 -0.999993 -0.003619 0.050100 0.293400
0 -1.959900 8.251482 -34.736538 -0.854859 0.508967 0.100839 0.119700 0.079900
0 -1.640200 3.191442 -101.751541 -0.901135 0.428990 -0.062636 0.084200 0.690800
ConmocionLance.jpg
0 -0.894300 0.201725 -58.047104 -0.000000 -0.999993 -0.003619 0.050100 0.293400
0 -0.894300 -0.782597 -49.972099 0.000000 -0.956348 -0.292230 0.039800 0.220000
0 -1.959900 8.251482 -34.736538 -0.854859 0.508967 0.100839 0.119700 0.079900
ConmocionLance.jpg
0 -1.959900 8.251482 -34.736538 -0.854859 0.508967 0.100839 0.119700 0.079900
0 -0.894300 -0.782597 -49.972099 0.000000 -0.956348 -0.292230 0.039800 0.220000
0 -0.894300 -4.550289 -43.847801 0.001400 0.017488 0.999846 0.004600 0.164900
ConmocionLance.jpg
0 -0.894300 -4.550289 -43.847801 0.001400 0.017488 0.999846 0.004600 0.164900
0 -1.406600 5.703089 -31.298824 -0.568569 0.638818 0.518306 0.095900 0.049000
0 -1.959900 8.251482 -34.736538 -0.854859 0.508967 0.100839 0.119700 0.079900
ConmocionLance.jpg
0 -0.894300 -4.550289 -43.847801 0.001400 0.017488 0.999846 0.004600 0.164900
0 -0.894300 3.738571 -27.707397 0.000091 0.865225 0.501384 0.077500 0.016600
0 -1.406600 5.703089 -31.298824 -0.568569 0.638818 0.518306 0.095900 0.049000
ConmocionLance.jpg
0 -0.894300 3.738571 -27.707397 0.000091 0.865225 0.501384 0.077500 0.016600
0 -0.894300 -4.550289 -43.847801 0.001400 0.017488 0.999846 0.004600 0.164900
0 -1.924000 -4.251745 -26.744789 -0.998193 -0.001048 -0.060079 0.004600 0.009100
ConmocionLance.jpg
0 -0.148400 -14.308201 -101.446114 0.901111 -0.432510 -0.030575 0.084200 0.690800
0 -0.382800 -11.136431 -124.887558 0.584735 -0.791047 -0.179806 0.051600 0.903700
0 -0.893400 -6.913725 -92.693832 0.000097 0.994165 0.107870 0.018300 0.609900
ConmocionLance.jpg
0 -0.382800 -11.136431 -124.887558 0.584735 -0.791047 -0.179806 0.051600 0.903700
0 -0.894300 -7.642612 -134.451981 0.000020 -0.885333 -0.464958 0.018300 0.990200
0 -0.893400 -6.913725 -92.693832 0.000097 0.994165 0.107870 0.018300 0.609900
ConmocionLance.jpg
0 -0.893400 -6.913725 -92.693832 0.000097 0.994165 0.107870 0.018300 0.609900
0 -0.894300 -9.164265 -88.201530 0.000064 0.967272 0.253743 0.039500 0.569400
0 -0.148400 -14.308201 -101.446114 0.901111 -0.432510 -0.030575 0.084200 0.690800
ConmocionLance.jpg
0 -0.894300 -9.164265 -88.201530 0.000064 0.967272 0.253743 0.039500 0.569400
0 -0.894300 -10.147364 -80.290520 0.000000 0.999383 0.035136 0.049700 0.497500
0 -0.148400 -14.308201 -101.446114 0.901111 -0.432510 -0.030575 0.084200 0.690800
ConmocionLance.jpg
0 -0.148400 -14.308201 -101.446114 0.901111 -0.432510 -0.030575 0.084200 0.690800
0 -0.894300 -10.147364 -80.290520 0.000000 0.999383 0.035136 0.049700 0.497500
0 -0.894300 -9.794958 -57.872612 0.000000 0.999258 -0.038516 0.050100 0.293400
ConmocionLance.jpg
0 -0.894300 -9.794958 -57.872612 0.000000 0.999258 -0.038516 0.050100 0.293400
0 0.171300 -17.026390 -34.295208 0.850936 -0.456287 0.260211 0.119700 0.079900
0 -0.148400 -14.308201 -101.446114 0.901111 -0.432510 -0.030575 0.084200 0.690800
ConmocionLance.jpg
0 -0.894300 -9.794958 -57.872612 0.000000 0.999258 -0.038516 0.050100 0.293400
0 -0.894300 -8.529514 -49.836884 0.000000 0.945568 -0.325424 0.039800 0.220000
0 0.171300 -17.026390 -34.295208 0.850936 -0.456287 0.260211 0.119700 0.079900
ConmocionLance.jpg
0 0.171300 -17.026390 -34.295208 0.850936 -0.456287 0.260211 0.119700 0.079900
0 -0.894300 -8.529514 -49.836884 0.000000 0.945568 -0.325424 0.039800 0.220000
0 -0.894300 -4.550289 -43.847801 0.001400 0.017488 0.999846 0.004600 0.164900
ConmocionLance.jpg
0 -0.894300 -4.550289 -43.847801 0.001400 0.017488 0.999846 0.004600 0.164900
0 -0.382000 -14.359451 -30.948635 0.727849 -0.506402 0.462377 0.095900 0.049000
0 0.171300 -17.026390 -34.295208 0.850936 -0.456287 0.260211 0.119700 0.079900
ConmocionLance.jpg
0 -0.894300 -4.550289 -43.847801 0.001400 0.017488 0.999846 0.004600 0.164900
0 -0.894300 -12.270901 -27.427963 0.000091 -0.847207 0.531263 0.077500 0.016600
0 -0.382000 -14.359451 -30.948635 0.727849 -0.506402 0.462377 0.095900 0.049000
ConmocionLance.jpg
0 -0.894300 -12.270901 -27.427963 0.000091 -0.847207 0.531263 0.077500 0.016600
0 -0.894300 -4.550289 -43.847801 0.001400 0.017488 0.999846 0.004600 0.164900
0 0.130300 -4.251745 -26.744789 0.998211 -0.001043 -0.059782 0.004600 0.009100
ConmocionLance.jpg
0 -0.894300 -7.642612 -134.451981 0.000020 -0.885333 -0.464958 0.910800 0.066400
0 -0.382800 -11.136431 -124.887558 0.584735 -0.791047 -0.179806 0.840400 0.062900
0 -1.405800 -11.136431 -124.887558 -0.748217 -0.638702 -0.179531 0.840400 0.069800
ConmocionLance.jpg
0 -0.382800 -11.136431 -124.887558 0.584735 -0.791047 -0.179806 0.840400 0.062900
0 -0.148400 -14.308201 -101.446114 0.901111 -0.432510 -0.030575 0.676800 0.061400
0 -1.640200 -14.308201 -101.446114 -0.901135 -0.430914 -0.047626 0.676800 0.071300
ConmocionLance.jpg
0 -1.640200 -14.308201 -101.446114 -0.901135 -0.430914 -0.047626 0.676800 0.071300
0 -1.405800 -11.136431 -124.887558 -0.748217 -0.638702 -0.179531 0.840400 0.069800
0 -0.382800 -11.136431 -124.887558 0.584735 -0.791047 -0.179806 0.840400 0.062900
ConmocionLance.jpg
0 -0.148400 -14.308201 -101.446114 0.901111 -0.432510 -0.030575 0.676800 0.061400
0 0.171300 -17.026390 -34.295208 0.850936 -0.456287 0.260211 0.209400 0.059200
0 -1.959900 -17.026390 -34.295208 -0.854861 -0.505134 0.118547 0.209400 0.073400
ConmocionLance.jpg
0 -1.959900 -17.026390 -34.295208 -0.854861 -0.505134 0.118547 0.209400 0.073400
0 -1.640200 -14.308201 -101.446114 -0.901135 -0.430914 -0.047626 0.676800 0.071300
0 -0.148400 -14.308201 -101.446114 0.901111 -0.432510 -0.030575 0.676800 0.061400
ConmocionLance.jpg
0 -0.382000 -14.359451 -30.948635 0.727849 -0.506402 0.462377 0.180000 0.062800
0 -0.894300 -12.270901 -27.427963 0.000091 -0.847207 0.531263 0.151800 0.066400
0 -0.894300 -12.270901 -27.427963 0.000091 -0.847207 0.531263 0.151800 0.066400
ConmocionLance.jpg
0 -0.894300 -12.270901 -27.427963 0.000091 -0.847207 0.531263 0.151800 0.066400
0 -1.406600 -14.359451 -30.948635 -0.568569 -0.620330 0.540296 0.180000 0.069900
0 -0.382000 -14.359451 -30.948635 0.727849 -0.506402 0.462377 0.180000 0.062800
ConmocionLance.jpg
0 0.171300 -17.026390 -34.295208 0.850936 -0.456287 0.260211 0.209400 0.059200
0 -0.382000 -14.359451 -30.948635 0.727849 -0.506402 0.462377 0.180000 0.062800
0 -1.406600 -14.359451 -30.948635 -0.568569 -0.620330 0.540296 0.180000 0.069900
ConmocionLance.jpg
0 -1.406600 -14.359451 -30.948635 -0.568569 -0.620330 0.540296 0.180000 0.069900
0 -1.959900 -17.026390 -34.295208 -0.854861 -0.505134 0.118547 0.209400 0.073400
0 0.171300 -17.026390 -34.295208 0.850936 -0.456287 0.260211 0.209400 0.059200
ConmocionLance.jpg
0 -1.640200 -14.308201 -101.446114 -0.901135 -0.430914 -0.047626 0.084200 0.690800
0 -0.893400 -6.913725 -92.693832 0.000097 0.994165 0.107870 0.018300 0.609900
0 -1.405800 -11.136431 -124.887558 -0.748217 -0.638702 -0.179531 0.051600 0.903700
ConmocionLance.jpg
0 -1.405800 -11.136431 -124.887558 -0.748217 -0.638702 -0.179531 0.051600 0.903700
0 -0.893400 -6.913725 -92.693832 0.000097 0.994165 0.107870 0.018300 0.609900
0 -0.894300 -7.642612 -134.451981 0.000020 -0.885333 -0.464958 0.018300 0.990200
ConmocionLance.jpg
0 -0.893400 -6.913725 -92.693832 0.000097 0.994165 0.107870 0.018300 0.609900
0 -1.640200 -14.308201 -101.446114 -0.901135 -0.430914 -0.047626 0.084200 0.690800
0 -0.894300 -9.164265 -88.201530 0.000064 0.967272 0.253743 0.039500 0.569400
ConmocionLance.jpg
0 -0.894300 -9.164265 -88.201530 0.000064 0.967272 0.253743 0.039500 0.569400
0 -1.640200 -14.308201 -101.446114 -0.901135 -0.430914 -0.047626 0.084200 0.690800
0 -0.894300 -10.147364 -80.290520 0.000000 0.999383 0.035136 0.049700 0.497500
ConmocionLance.jpg
0 -1.640200 -14.308201 -101.446114 -0.901135 -0.430914 -0.047626 0.084200 0.690800
0 -1.959900 -17.026390 -34.295208 -0.854861 -0.505134 0.118547 0.119700 0.079900
0 -0.894300 -9.794958 -57.872612 0.000000 0.999258 -0.038516 0.050100 0.293400
ConmocionLance.jpg
0 -0.894300 -9.794958 -57.872612 0.000000 0.999258 -0.038516 0.050100 0.293400
0 -0.894300 -10.147364 -80.290520 0.000000 0.999383 0.035136 0.049700 0.497500
0 -1.640200 -14.308201 -101.446114 -0.901135 -0.430914 -0.047626 0.084200 0.690800
ConmocionLance.jpg
0 -0.894300 -9.794958 -57.872612 0.000000 0.999258 -0.038516 0.050100 0.293400
0 -1.959900 -17.026390 -34.295208 -0.854861 -0.505134 0.118547 0.119700 0.079900
0 -0.894300 -8.529514 -49.836884 0.000000 0.945568 -0.325424 0.039800 0.220000
ConmocionLance.jpg
0 -1.959900 -17.026390 -34.295208 -0.854861 -0.505134 0.118547 0.119700 0.079900
0 -1.406600 -14.359451 -30.948635 -0.568569 -0.620330 0.540296 0.095900 0.049000
0 -0.894300 -4.550289 -43.847801 0.001400 0.017488 0.999846 0.004600 0.164900
ConmocionLance.jpg
0 -0.894300 -4.550289 -43.847801 0.001400 0.017488 0.999846 0.004600 0.164900
0 -0.894300 -8.529514 -49.836884 0.000000 0.945568 -0.325424 0.039800 0.220000
0 -1.959900 -17.026390 -34.295208 -0.854861 -0.505134 0.118547 0.119700 0.079900
ConmocionLance.jpg
0 -0.894300 -4.550289 -43.847801 0.001400 0.017488 0.999846 0.004600 0.164900
0 -1.406600 -14.359451 -30.948635 -0.568569 -0.620330 0.540296 0.095900 0.049000
0 -0.894300 -12.270901 -27.427963 0.000091 -0.847207 0.531263 0.077500 0.016600
ConmocionLance.jpg
0 -0.894300 -12.270901 -27.427963 0.000091 -0.847207 0.531263 0.077500 0.016600
0 -1.924000 -4.251745 -26.744789 -0.998193 -0.001048 -0.060079 0.004600 0.009100
0 -0.894300 -4.550289 -43.847801 0.001400 0.017488 0.999846 0.004600 0.164900
ConmocionLance.jpg
0 -0.470400 -0.456189 78.323105 0.707107 0.707051 0.008866 0.984200 0.005600
0 -0.470400 -1.052596 78.333534 1.000000 -0.000000 0.000000 0.992400 0.005600
0 -0.470400 -1.294831 64.455917 1.000000 -0.000000 0.000000 0.992400 0.198100
ConmocionLance.jpg
0 -0.470400 -1.294831 64.455917 1.000000 -0.000000 0.000000 0.992400 0.198100
0 -0.470400 -0.282087 64.438263 0.707305 0.705642 0.042294 0.978400 0.198100
0 -0.470400 -0.456189 78.323105 0.707107 0.707051 0.008866 0.984200 0.005600
ConmocionLance.jpg
0 -0.470400 -0.282087 64.438263 0.707305 0.705642 0.042294 0.978400 0.198100
0 -0.470400 -1.294831 64.455917 1.000000 -0.000000 0.000000 0.992400 0.198100
0 -0.470400 -1.547513 49.979725 1.000000 -0.000000 0.000000 0.992400 0.398800
ConmocionLance.jpg
0 -0.470400 -1.547513 49.979725 1.000000 -0.000000 0.000000 0.992400 0.398800
0 -0.470400 0.933156 49.922012 0.712010 0.666614 0.220609 0.958000 0.399000
0 -0.470400 -0.282087 64.438263 0.707305 0.705642 0.042294 0.978400 0.198100
ConmocionLance.jpg
0 -0.470400 0.933156 49.922012 0.712010 0.666614 0.220609 0.958000 0.399000
0 -0.470400 -1.547513 49.979725 1.000000 -0.000000 0.000000 0.992400 0.398800
0 -0.470400 1.076553 41.102379 0.711099 0.497962 -0.496358 0.953900 0.521300
ConmocionLance.jpg
0 -0.470400 1.076553 41.102379 0.711099 0.497962 -0.496358 0.953900 0.521300
0 -0.470400 4.129180 43.076599 0.390812 0.778582 -0.490994 0.912100 0.493200
0 -0.470400 0.933156 49.922012 0.712010 0.666614 0.220609 0.958000 0.399000
ConmocionLance.jpg
0 -0.470400 -1.547513 49.979725 1.000000 -0.000000 0.000000 0.992400 0.398800
0 -0.470400 -1.761797 37.577473 0.707107 0.550750 -0.443479 0.992400 0.570800
0 -0.470400 1.076553 41.102379 0.711099 0.497962 -0.496358 0.953900 0.521300
ConmocionLance.jpg
0 -0.470400 -0.456189 78.323105 0.707107 0.707051 0.008866 0.941600 0.007500
0 -0.470400 -0.282087 64.438263 0.707305 0.705642 0.042294 0.941600 0.141300
0 -1.472300 -0.282087 64.438263 -0.699346 0.714329 0.025491 0.931700 0.141300
ConmocionLance.jpg
0 -1.472300 -0.282087 64.438263 -0.699346 0.714329 0.025491 0.931700 0.141300
0 -1.472300 -0.456189 78.323105 -0.880668 0.473705 0.005316 0.931700 0.007500
0 -0.470400 -0.456189 78.323105 0.707107 0.707051 0.008866 0.941600 0.007500
ConmocionLance.jpg
0 -0.470400 -0.282087 64.438263 0.707305 0.705642 0.042294 0.941600 0.141300
0 -0.470400 0.933156 49.922012 0.712010 0.666614 0.220609 0.941600 0.279000
0 -1.472300 0.933156 49.922012 -0.709326 0.690888 0.139752 0.931700 0.279000
ConmocionLance.jpg
0 -1.472300 0.933156 49.922012 -0.709326 0.690888 0.139752 0.931700 0.279000
0 -1.472300 -0.282087 64.438263 -0.699346 0.714329 0.025491 0.931700 0.141300
0 -0.470400 -0.282087 64.438263 0.707305 0.705642 0.042294 0.941600 0.141300
ConmocionLance.jpg
0 -0.470400 0.933156 49.922012 0.712010 0.666614 0.220609 0.941600 0.279000
0 -0.470400 4.129180 43.076599 0.390812 0.778582 -0.490994 0.941600 0.338300
0 -1.472300 4.129180 43.076599 -0.390812 0.920467 0.002501 0.931700 0.338300
ConmocionLance.jpg
0 -1.472300 4.129180 43.076599 -0.390812 0.920467 0.002501 0.931700 0.338300
0 -1.472300 0.933156 49.922012 -0.709326 0.690888 0.139752 0.931700 0.279000
0 -0.470400 0.933156 49.922012 0.712010 0.666614 0.220609 0.941600 0.279000
ConmocionLance.jpg
0 -0.470400 1.076553 41.102379 0.711099 0.497962 -0.496358 0.941600 0.364000
0 -0.470400 -1.761797 37.577473 0.707107 0.550750 -0.443479 0.941600 0.404200
0 -1.472300 -1.761797 37.577473 -0.446549 0.696909 -0.561170 0.931700 0.404200
ConmocionLance.jpg
0 -1.472300 -1.761797 37.577473 -0.446549 0.696909 -0.561170 0.931700 0.404200
0 -1.472300 1.076553 41.102379 -0.709831 0.444660 -0.546277 0.931700 0.364000
0 -0.470400 1.076553 41.102379 0.711099 0.497962 -0.496358 0.941600 0.364000
ConmocionLance.jpg
0 -0.470400 4.129180 43.076599 0.390812 0.778582 -0.490994 0.941600 0.338300
0 -0.470400 1.076553 41.102379 0.711099 0.497962 -0.496358 0.941600 0.364000
0 -1.472300 1.076553 41.102379 -0.709831 0.444660 -0.546277 0.931700 0.364000
ConmocionLance.jpg
0 -1.472300 1.076553 41.102379 -0.709831 0.444660 -0.546277 0.931700 0.364000
0 -1.472300 4.129180 43.076599 -0.390812 0.920467 0.002501 0.931700 0.338300
0 -0.470400 4.129180 43.076599 0.390812 0.778582 -0.490994 0.941600 0.338300
ConmocionLance.jpg
0 -1.472300 -0.456189 78.323105 -0.880668 0.473705 0.005316 0.984200 0.005600
0 -1.472300 -0.282087 64.438263 -0.699346 0.714329 0.025491 0.978400 0.198100
0 -1.500500 -1.294831 64.455917 -0.999412 0.034295 -0.000320 0.992400 0.198100
ConmocionLance.jpg
0 -1.500500 -1.294831 64.455917 -0.999412 0.034295 -0.000320 0.992400 0.198100
0 -1.500500 -1.052596 78.333534 -0.998884 0.047216 -0.000824 0.992400 0.005600
0 -1.472300 -0.456189 78.323105 -0.880668 0.473705 0.005316 0.984200 0.005600
ConmocionLance.jpg
0 -1.472300 -0.282087 64.438263 -0.699346 0.714329 0.025491 0.978400 0.198100
0 -1.472300 0.933156 49.922012 -0.709326 0.690888 0.139752 0.958000 0.399000
0 -1.500500 -1.547513 49.979725 -0.999911 0.013369 -0.000418 0.992400 0.398800
ConmocionLance.jpg
0 -1.500500 -1.547513 49.979725 -0.999911 0.013369 -0.000418 0.992400 0.398800
0 -1.500500 -1.294831 64.455917 -0.999412 0.034295 -0.000320 0.992400 0.198100
0 -1.472300 -0.282087 64.438263 -0.699346 0.714329 0.025491 0.978400 0.198100
ConmocionLance.jpg
0 -1.472300 0.933156 49.922012 -0.709326 0.690888 0.139752 0.958000 0.399000
0 -1.472300 4.129180 43.076599 -0.390812 0.920467 0.002501 0.912100 0.493200
0 -1.472300 1.076553 41.102379 -0.709831 0.444660 -0.546277 0.953900 0.521300
ConmocionLance.jpg
0 -1.472300 1.076553 41.102379 -0.709831 0.444660 -0.546277 0.953900 0.521300
0 -1.500500 -1.547513 49.979725 -0.999911 0.013369 -0.000418 0.992400 0.398800
0 -1.472300 0.933156 49.922012 -0.709326 0.690888 0.139752 0.958000 0.399000
ConmocionLance.jpg
0 -1.500500 -1.547513 49.979725 -0.999911 0.013369 -0.000418 0.992400 0.398800
0 -1.472300 1.076553 41.102379 -0.709831 0.444660 -0.546277 0.953900 0.521300
0 -1.472300 -1.761797 37.577473 -0.446549 0.696909 -0.561170 0.992400 0.570800
ConmocionLance.jpg
0 -0.470400 -4.378185 78.391579 0.707107 -0.706311 0.033536 0.984200 0.005600
0 -0.470400 -5.036758 64.521240 0.707305 -0.703737 0.066895 0.978400 0.198100
0 -0.470400 -4.024014 64.503571 1.000000 -0.000000 0.000000 0.992400 0.198100
ConmocionLance.jpg
0 -0.470400 -4.024014 64.503571 1.000000 -0.000000 0.000000 0.992400 0.198100
0 -0.470400 -3.781788 78.381165 1.000000 -0.000000 0.000000 0.992400 0.005600
0 -0.470400 -4.378185 78.391579 0.707107 -0.706311 0.033536 0.984200 0.005600
ConmocionLance.jpg
0 -0.470400 -5.036758 64.521240 0.707305 -0.703737 0.066895 0.978400 0.198100
0 -0.470400 -6.757875 50.056263 0.712009 -0.658509 0.243739 0.958000 0.399000
0 -0.470400 -4.276703 50.027370 1.000000 -0.000000 0.000000 0.992400 0.398800
ConmocionLance.jpg
0 -0.470400 -4.276703 50.027370 1.000000 -0.000000 0.000000 0.992400 0.398800
0 -0.470400 -4.024014 64.503571 1.000000 -0.000000 0.000000 0.992400 0.198100
0 -0.470400 -5.036758 64.521240 0.707305 -0.703737 0.066895 0.978400 0.198100
ConmocionLance.jpg
0 -0.470400 -6.757875 50.056263 0.712009 -0.658509 0.243739 0.958000 0.399000
0 -0.470400 -10.190849 43.326565 0.390811 -0.795245 -0.463521 0.912100 0.493200
0 -0.470400 -7.208990 41.246998 0.711099 -0.514982 -0.478677 0.953900 0.521300
ConmocionLance.jpg
0 -0.470400 -7.208990 41.246998 0.711099 -0.514982 -0.478677 0.953900 0.521300
0 -0.470400 -4.276703 50.027370 1.000000 -0.000000 0.000000 0.992400 0.398800
0 -0.470400 -6.757875 50.056263 0.712009 -0.658509 0.243739 0.958000 0.399000
ConmocionLance.jpg
0 -0.470400 -4.276703 50.027370 1.000000 -0.000000 0.000000 0.992400 0.398800
0 -0.470400 -7.208990 41.246998 0.711099 -0.514982 -0.478677 0.953900 0.521300
0 -0.470400 -4.495380 37.625183 0.707107 -0.565892 -0.423989 0.992400 0.570800
ConmocionLance.jpg
0 -0.470400 -4.378185 78.391579 0.707107 -0.706311 0.033536 0.941600 0.007500
0 -1.472300 -4.378185 78.391579 -0.880667 -0.473231 0.021845 0.931700 0.007500
0 -1.472300 -5.036758 64.521240 -0.699346 -0.713004 0.050405 0.931700 0.141300
ConmocionLance.jpg
0 -1.472300 -5.036758 64.521240 -0.699346 -0.713004 0.050405 0.931700 0.141300
0 -0.470400 -5.036758 64.521240 0.707305 -0.703737 0.066895 0.941600 0.141300
0 -0.470400 -4.378185 78.391579 0.707107 -0.706311 0.033536 0.941600 0.007500
ConmocionLance.jpg
0 -0.470400 -5.036758 64.521240 0.707305 -0.703737 0.066895 0.941600 0.141300
0 -1.472300 -5.036758 64.521240 -0.699346 -0.713004 0.050405 0.931700 0.141300
0 -1.472300 -6.757875 50.056263 -0.709325 -0.685590 0.163778 0.931700 0.279000
ConmocionLance.jpg
0 -1.472300 -6.757875 50.056263 -0.709325 -0.685590 0.163778 0.931700 0.279000
0 -0.470400 -6.757875 50.056263 0.712009 -0.658509 0.243739 0.941600 0.279000
0 -0.470400 -5.036758 64.521240 0.707305 -0.703737 0.066895 0.941600 0.141300
ConmocionLance.jpg
0 -0.470400 -6.757875 50.056263 0.712009 -0.658509 0.243739 0.941600 0.279000
0 -1.472300 -6.757875 50.056263 -0.709325 -0.685590 0.163778 0.931700 0.279000
0 -1.472300 -10.190849 43.326565 -0.390811 -0.919819 0.034624 0.931700 0.338300
ConmocionLance.jpg
0 -1.472300 -10.190849 43.326565 -0.390811 -0.919819 0.034624 0.931700 0.338300
0 -0.470400 -10.190849 43.326565 0.390811 -0.795245 -0.463521 0.941600 0.338300
0 -0.470400 -6.757875 50.056263 0.712009 -0.658509 0.243739 0.941600 0.279000
ConmocionLance.jpg
0 -0.470400 -7.208990 41.246998 0.711099 -0.514982 -0.478677 0.941600 0.364000
0 -1.472300 -7.208990 41.246998 -0.709831 -0.463455 -0.530424 0.931700 0.364000
0 -1.472300 -4.495380 37.625183 -0.446549 -0.716068 -0.536507 0.931700 0.404200
ConmocionLance.jpg
0 -1.472300 -4.495380 37.625183 -0.446549 -0.716068 -0.536507 0.931700 0.404200
0 -0.470400 -4.495380 37.625183 0.707107 -0.565892 -0.423989 0.941600 0.404200
0 -0.470400 -7.208990 41.246998 0.711099 -0.514982 -0.478677 0.941600 0.364000
ConmocionLance.jpg
0 -0.470400 -10.190849 43.326565 0.390811 -0.795245 -0.463521 0.941600 0.338300
0 -1.472300 -10.190849 43.326565 -0.390811 -0.919819 0.034624 0.931700 0.338300
0 -1.472300 -7.208990 41.246998 -0.709831 -0.463455 -0.530424 0.931700 0.364000
ConmocionLance.jpg
0 -1.472300 -7.208990 41.246998 -0.709831 -0.463455 -0.530424 0.931700 0.364000
0 -0.470400 -7.208990 41.246998 0.711099 -0.514982 -0.478677 0.941600 0.364000
0 -0.470400 -10.190849 43.326565 0.390811 -0.795245 -0.463521 0.941600 0.338300
ConmocionLance.jpg
0 -1.472300 -4.378185 78.391579 -0.880667 -0.473231 0.021845 0.984200 0.005600
0 -1.500500 -3.781788 78.381165 -0.998884 -0.047217 0.000824 0.992400 0.005600
0 -1.500500 -4.024014 64.503571 -0.999412 -0.034286 0.000877 0.992400 0.198100
ConmocionLance.jpg
0 -1.500500 -4.024014 64.503571 -0.999412 -0.034286 0.000877 0.992400 0.198100
0 -1.472300 -5.036758 64.521240 -0.699346 -0.713004 0.050405 0.978400 0.198100
0 -1.472300 -4.378185 78.391579 -0.880667 -0.473231 0.021845 0.984200 0.005600
ConmocionLance.jpg
0 -1.472300 -5.036758 64.521240 -0.699346 -0.713004 0.050405 0.978400 0.198100
0 -1.500500 -4.024014 64.503571 -0.999412 -0.034286 0.000877 0.992400 0.198100
0 -1.500500 -4.276703 50.027370 -0.999911 -0.013375 0.000049 0.992400 0.398800
ConmocionLance.jpg
0 -1.500500 -4.276703 50.027370 -0.999911 -0.013375 0.000049 0.992400 0.398800
0 -1.472300 -6.757875 50.056263 -0.709325 -0.685590 0.163778 0.958000 0.399000
0 -1.472300 -5.036758 64.521240 -0.699346 -0.713004 0.050405 0.978400 0.198100
ConmocionLance.jpg
0 -1.472300 -6.757875 50.056263 -0.709325 -0.685590 0.163778 0.958000 0.399000
0 -1.500500 -4.276703 50.027370 -0.999911 -0.013375 0.000049 0.992400 0.398800
0 -1.472300 -7.208990 41.246998 -0.709831 -0.463455 -0.530424 0.953900 0.521300
ConmocionLance.jpg
0 -1.472300 -7.208990 41.246998 -0.709831 -0.463455 -0.530424 0.953900 0.521300
0 -1.472300 -10.190849 43.326565 -0.390811 -0.919819 0.034624 0.912100 0.493200
0 -1.472300 -6.757875 50.056263 -0.709325 -0.685590 0.163778 0.958000 0.399000
ConmocionLance.jpg
0 -1.500500 -4.276703 50.027370 -0.999911 -0.013375 0.000049 0.992400 0.398800
0 -1.472300 -4.495380 37.625183 -0.446549 -0.716068 -0.536507 0.992400 0.570800
0 -1.472300 -7.208990 41.246998 -0.709831 -0.463455 -0.530424 0.953900 0.521300
ConmocionLance.jpg
0 -2.946800 -1.902172 78.348366 -0.706789 0.707369 0.008850 0.984200 0.005600
0 -2.350300 -1.902172 78.348366 0.000000 0.999848 -0.017460 0.992400 0.005600
0 -2.350300 -2.144508 64.470734 0.000000 0.999848 -0.017457 0.992400 0.198100
ConmocionLance.jpg
0 -2.350300 -2.144508 64.470734 0.000000 0.999848 -0.017457 0.992400 0.198100
0 -3.363100 -2.144508 64.470734 -0.704797 0.708150 0.042250 0.978400 0.198100
0 -2.946800 -1.902172 78.348366 -0.706789 0.707369 0.008850 0.984200 0.005600
ConmocionLance.jpg
0 -3.363100 -2.144508 64.470734 -0.704797 0.708150 0.042250 0.978400 0.198100
0 -2.350300 -2.144508 64.470734 0.000000 0.999848 -0.017457 0.992400 0.198100
0 -2.350300 -2.397186 49.994556 -0.000000 0.999848 -0.017452 0.992400 0.398800
ConmocionLance.jpg
0 -2.350300 -2.397186 49.994556 -0.000000 0.999848 -0.017452 0.992400 0.398800
0 -4.831600 -2.397438 49.980156 -0.662662 0.715953 0.219749 0.958000 0.399000
0 -3.363100 -2.144508 64.470734 -0.704797 0.708150 0.042250 0.978400 0.198100
ConmocionLance.jpg
0 -4.831600 -2.397438 49.980156 -0.662662 0.715953 0.219749 0.958000 0.399000
0 -2.350300 -2.397186 49.994556 -0.000000 0.999848 -0.017452 0.992400 0.398800
0 -5.128800 -2.551297 41.165691 -0.506547 0.702481 -0.499930 0.953900 0.521300
ConmocionLance.jpg
0 -5.128800 -2.551297 41.165691 -0.506547 0.702481 -0.499930 0.953900 0.521300
0 -8.146600 -2.515914 43.192589 -0.787028 0.382421 -0.484088 0.912100 0.493200
0 -4.831600 -2.397438 49.980156 -0.662662 0.715953 0.219749 0.958000 0.399000
ConmocionLance.jpg
0 -2.350300 -2.397186 49.994556 -0.000000 0.999848 -0.017452 0.992400 0.398800
0 -2.352400 -2.613667 37.592339 -0.558406 0.699429 -0.446074 0.992400 0.570800
0 -5.128800 -2.551297 41.165691 -0.506547 0.702481 -0.499930 0.953900 0.521300
ConmocionLance.jpg
0 -2.946800 -1.902172 78.348366 -0.706789 0.707369 0.008850 0.941600 0.007500
0 -3.363100 -2.144508 64.470734 -0.704797 0.708150 0.042250 0.941600 0.141300
0 -3.363100 -3.146158 64.488235 -0.713773 -0.698579 0.050151 0.931700 0.141300
ConmocionLance.jpg
0 -3.363100 -3.146158 64.488235 -0.713773 -0.698579 0.050151 0.931700 0.141300
0 -2.946800 -2.903915 78.365822 -0.473541 -0.880296 0.028947 0.931700 0.007500
0 -2.946800 -1.902172 78.348366 -0.706789 0.707369 0.008850 0.941600 0.007500
ConmocionLance.jpg
0 -3.363100 -2.144508 64.470734 -0.704797 0.708150 0.042250 0.941600 0.141300
0 -4.831600 -2.397438 49.980156 -0.662662 0.715953 0.219749 0.941600 0.279000
0 -4.831600 -3.399092 49.997631 -0.688343 -0.706569 0.164147 0.931700 0.279000
ConmocionLance.jpg
0 -4.831600 -3.399092 49.997631 -0.688343 -0.706569 0.164147 0.931700 0.279000
0 -3.363100 -3.146158 64.488235 -0.713773 -0.698579 0.050151 0.931700 0.141300
0 -3.363100 -2.144508 64.470734 -0.704797 0.708150 0.042250 0.941600 0.141300
ConmocionLance.jpg
0 -4.831600 -2.397438 49.980156 -0.662662 0.715953 0.219749 0.941600 0.279000
0 -8.146600 -2.515914 43.192589 -0.787028 0.382421 -0.484088 0.941600 0.338300
0 -8.146600 -3.517562 43.210072 -0.920282 -0.390431 0.025379 0.931700 0.338300
ConmocionLance.jpg
0 -8.146600 -3.517562 43.210072 -0.920282 -0.390431 0.025379 0.931700 0.338300
0 -4.831600 -3.399092 49.997631 -0.688343 -0.706569 0.164147 0.931700 0.279000
0 -4.831600 -2.397438 49.980156 -0.662662 0.715953 0.219749 0.941600 0.279000
ConmocionLance.jpg
0 -5.128800 -2.551297 41.165691 -0.506547 0.702481 -0.499930 0.941600 0.364000
0 -2.352400 -2.613667 37.592339 -0.558406 0.699429 -0.446074 0.941600 0.404200
0 -2.352400 -3.615316 37.609818 -0.706597 -0.456061 -0.541045 0.931700 0.404200
ConmocionLance.jpg
0 -2.352400 -3.615316 37.609818 -0.706597 -0.456061 -0.541045 0.931700 0.404200
0 -5.128800 -3.552938 41.183182 -0.454120 -0.719121 -0.525966 0.931700 0.364000
0 -5.128800 -2.551297 41.165691 -0.506547 0.702481 -0.499930 0.941600 0.364000
ConmocionLance.jpg
0 -8.146600 -2.515914 43.192589 -0.787028 0.382421 -0.484088 0.941600 0.338300
0 -5.128800 -2.551297 41.165691 -0.506547 0.702481 -0.499930 0.941600 0.364000
0 -5.128800 -3.552938 41.183182 -0.454120 -0.719121 -0.525966 0.931700 0.364000
ConmocionLance.jpg
0 -5.128800 -3.552938 41.183182 -0.454120 -0.719121 -0.525966 0.931700 0.364000
0 -8.146600 -3.517562 43.210072 -0.920282 -0.390431 0.025379 0.931700 0.338300
0 -8.146600 -2.515914 43.192589 -0.787028 0.382421 -0.484088 0.941600 0.338300
ConmocionLance.jpg
0 -2.946800 -2.903915 78.365822 -0.473541 -0.880296 0.028947 0.984200 0.005600
0 -3.363100 -3.146158 64.488235 -0.713773 -0.698579 0.050151 0.978400 0.198100
0 -2.350300 -3.174345 64.488724 -0.034294 -0.999255 0.017720 0.992400 0.198100
ConmocionLance.jpg
0 -2.350300 -3.174345 64.488724 -0.034294 -0.999255 0.017720 0.992400 0.198100
0 -2.350300 -2.932116 78.366325 -0.047231 -0.998732 0.017433 0.992400 0.005600
0 -2.946800 -2.903915 78.365822 -0.473541 -0.880296 0.028947 0.984200 0.005600
ConmocionLance.jpg
0 -3.363100 -3.146158 64.488235 -0.713773 -0.698579 0.050151 0.978400 0.198100
0 -4.831600 -3.399092 49.997631 -0.688343 -0.706569 0.164147 0.958000 0.399000
0 -2.350300 -3.427031 50.012531 -0.013372 -0.999762 0.017266 0.992400 0.398800
ConmocionLance.jpg
0 -2.350300 -3.427031 50.012531 -0.013372 -0.999762 0.017266 0.992400 0.398800
0 -2.350300 -3.174345 64.488724 -0.034294 -0.999255 0.017720 0.992400 0.198100
0 -3.363100 -3.146158 64.488235 -0.713773 -0.698579 0.050151 0.978400 0.198100
ConmocionLance.jpg
0 -4.831600 -3.399092 49.997631 -0.688343 -0.706569 0.164147 0.958000 0.399000
0 -8.146600 -3.517562 43.210072 -0.920282 -0.390431 0.025379 0.912100 0.493200
0 -5.128800 -3.552938 41.183182 -0.454120 -0.719121 -0.525966 0.953900 0.521300
ConmocionLance.jpg
0 -5.128800 -3.552938 41.183182 -0.454120 -0.719121 -0.525966 0.953900 0.521300
0 -2.350300 -3.427031 50.012531 -0.013372 -0.999762 0.017266 0.992400 0.398800
0 -4.831600 -3.399092 49.997631 -0.688343 -0.706569 0.164147 0.958000 0.399000
ConmocionLance.jpg
0 -2.350300 -3.427031 50.012531 -0.013372 -0.999762 0.017266 0.992400 0.398800
0 -5.128800 -3.552938 41.183182 -0.454120 -0.719121 -0.525966 0.953900 0.521300
0 -2.352400 -3.615316 37.609818 -0.706597 -0.456061 -0.541045 0.992400 0.570800
ConmocionLance.jpg
0 0.975800 -1.902172 78.348366 0.706789 0.707369 0.008855 0.984200 0.005600
0 1.392200 -2.144508 64.470734 0.704796 0.708150 0.042252 0.978400 0.198100
0 0.379400 -2.144508 64.470734 0.000000 0.999848 -0.017457 0.992400 0.198100
ConmocionLance.jpg
0 0.379400 -2.144508 64.470734 0.000000 0.999848 -0.017457 0.992400 0.198100
0 0.379400 -1.902172 78.348366 0.000000 0.999848 -0.017460 0.992400 0.005600
0 0.975800 -1.902172 78.348366 0.706789 0.707369 0.008855 0.984200 0.005600
ConmocionLance.jpg
0 1.392200 -2.144508 64.470734 0.704796 0.708150 0.042252 0.978400 0.198100
0 2.860700 -2.397438 49.980156 0.662662 0.715953 0.219749 0.958000 0.399000
0 0.379400 -2.397186 49.994556 0.000000 0.999848 -0.017452 0.992400 0.398800
ConmocionLance.jpg
0 0.379400 -2.397186 49.994556 0.000000 0.999848 -0.017452 0.992400 0.398800
0 0.379400 -2.144508 64.470734 0.000000 0.999848 -0.017457 0.992400 0.198100
0 1.392200 -2.144508 64.470734 0.704796 0.708150 0.042252 0.978400 0.198100
ConmocionLance.jpg
0 2.860700 -2.397438 49.980156 0.662662 0.715953 0.219749 0.958000 0.399000
0 6.175700 -2.515914 43.192589 0.787028 0.382421 -0.484088 0.912100 0.493200
0 3.157900 -2.551297 41.165691 0.506547 0.702481 -0.499930 0.953900 0.521300
ConmocionLance.jpg
0 3.157900 -2.551297 41.165691 0.506547 0.702481 -0.499930 0.953900 0.521300
0 0.379400 -2.397186 49.994556 0.000000 0.999848 -0.017452 0.992400 0.398800
0 2.860700 -2.397438 49.980156 0.662662 0.715953 0.219749 0.958000 0.399000
ConmocionLance.jpg
0 0.379400 -2.397186 49.994556 0.000000 0.999848 -0.017452 0.992400 0.398800
0 3.157900 -2.551297 41.165691 0.506547 0.702481 -0.499930 0.953900 0.521300
0 0.381500 -2.613667 37.592339 0.558406 0.699429 -0.446074 0.992400 0.570800
ConmocionLance.jpg
0 0.975800 -1.902172 78.348366 0.706789 0.707369 0.008855 0.941600 0.007500
0 0.975800 -2.903915 78.365822 0.473543 -0.880295 0.028950 0.931700 0.007500
0 1.392200 -3.146158 64.488235 0.713773 -0.698579 0.050155 0.931700 0.141300
ConmocionLance.jpg
0 1.392200 -3.146158 64.488235 0.713773 -0.698579 0.050155 0.931700 0.141300
0 1.392200 -2.144508 64.470734 0.704796 0.708150 0.042252 0.941600 0.141300
0 0.975800 -1.902172 78.348366 0.706789 0.707369 0.008855 0.941600 0.007500
ConmocionLance.jpg
0 1.392200 -2.144508 64.470734 0.704796 0.708150 0.042252 0.941600 0.141300
0 1.392200 -3.146158 64.488235 0.713773 -0.698579 0.050155 0.931700 0.141300
0 2.860700 -3.399092 49.997631 0.688343 -0.706569 0.164147 0.931700 0.279000
ConmocionLance.jpg
0 2.860700 -3.399092 49.997631 0.688343 -0.706569 0.164147 0.931700 0.279000
0 2.860700 -2.397438 49.980156 0.662662 0.715953 0.219749 0.941600 0.279000
0 1.392200 -2.144508 64.470734 0.704796 0.708150 0.042252 0.941600 0.141300
ConmocionLance.jpg
0 2.860700 -2.397438 49.980156 0.662662 0.715953 0.219749 0.941600 0.279000
0 2.860700 -3.399092 49.997631 0.688343 -0.706569 0.164147 0.931700 0.279000
0 6.175700 -3.517562 43.210072 0.920282 -0.390431 0.025379 0.931700 0.338300
ConmocionLance.jpg
0 6.175700 -3.517562 43.210072 0.920282 -0.390431 0.025379 0.931700 0.338300
0 6.175700 -2.515914 43.192589 0.787028 0.382421 -0.484088 0.941600 0.338300
0 2.860700 -2.397438 49.980156 0.662662 0.715953 0.219749 0.941600 0.279000
ConmocionLance.jpg
0 3.157900 -2.551297 41.165691 0.506547 0.702481 -0.499930 0.941600 0.364000
0 3.157900 -3.552938 41.183182 0.454120 -0.719121 -0.525966 0.931700 0.364000
0 0.381500 -3.615316 37.609818 0.706597 -0.456061 -0.541045 0.931700 0.404200
ConmocionLance.jpg
0 0.381500 -3.615316 37.609818 0.706597 -0.456061 -0.541045 0.931700 0.404200
0 0.381500 -2.613667 37.592339 0.558406 0.699429 -0.446074 0.941600 0.404200
0 3.157900 -2.551297 41.165691 0.506547 0.702481 -0.499930 0.941600 0.364000
ConmocionLance.jpg
0 6.175700 -2.515914 43.192589 0.787028 0.382421 -0.484088 0.941600 0.338300
0 6.175700 -3.517562 43.210072 0.920282 -0.390431 0.025379 0.931700 0.338300
0 3.157900 -3.552938 41.183182 0.454120 -0.719121 -0.525966 0.931700 0.364000
ConmocionLance.jpg
0 3.157900 -3.552938 41.183182 0.454120 -0.719121 -0.525966 0.931700 0.364000
0 3.157900 -2.551297 41.165691 0.506547 0.702481 -0.499930 0.941600 0.364000
0 6.175700 -2.515914 43.192589 0.787028 0.382421 -0.484088 0.941600 0.338300
ConmocionLance.jpg
0 0.975800 -2.903915 78.365822 0.473543 -0.880295 0.028950 0.984200 0.005600
0 0.379400 -2.932116 78.366325 0.047239 -0.998731 0.017433 0.992400 0.005600
0 0.379400 -3.174345 64.488724 0.034297 -0.999255 0.017721 0.992400 0.198100
ConmocionLance.jpg
0 0.379400 -3.174345 64.488724 0.034297 -0.999255 0.017721 0.992400 0.198100
0 1.392200 -3.146158 64.488235 0.713773 -0.698579 0.050155 0.978400 0.198100
0 0.975800 -2.903915 78.365822 0.473543 -0.880295 0.028950 0.984200 0.005600
ConmocionLance.jpg
0 1.392200 -3.146158 64.488235 0.713773 -0.698579 0.050155 0.978400 0.198100
0 0.379400 -3.174345 64.488724 0.034297 -0.999255 0.017721 0.992400 0.198100
0 0.379400 -3.427031 50.012531 0.013372 -0.999762 0.017266 0.992400 0.398800
ConmocionLance.jpg
0 0.379400 -3.427031 50.012531 0.013372 -0.999762 0.017266 0.992400 0.398800
0 2.860700 -3.399092 49.997631 0.688343 -0.706569 0.164147 0.958000 0.399000
0 1.392200 -3.146158 64.488235 0.713773 -0.698579 0.050155 0.978400 0.198100
ConmocionLance.jpg
0 2.860700 -3.399092 49.997631 0.688343 -0.706569 0.164147 0.958000 0.399000
0 0.379400 -3.427031 50.012531 0.013372 -0.999762 0.017266 0.992400 0.398800
0 3.157900 -3.552938 41.183182 0.454120 -0.719121 -0.525966 0.953900 0.521300
ConmocionLance.jpg
0 3.157900 -3.552938 41.183182 0.454120 -0.719121 -0.525966 0.953900 0.521300
0 6.175700 -3.517562 43.210072 0.920282 -0.390431 0.025379 0.912100 0.493200
0 2.860700 -3.399092 49.997631 0.688343 -0.706569 0.164147 0.958000 0.399000
ConmocionLance.jpg
0 0.379400 -3.427031 50.012531 0.013372 -0.999762 0.017266 0.992400 0.398800
0 0.381500 -3.615316 37.609818 0.706597 -0.456061 -0.541045 0.992400 0.570800
0 3.157900 -3.552938 41.183182 0.454120 -0.719121 -0.525966 0.953900 0.521300
ConmocionLance.jpg
0 -9.648000 -4.810043 -101.611900 -0.432016 0.900200 -0.054799 0.084200 0.690800
0 -2.407400 -5.400057 -92.720200 0.992131 0.002272 0.125185 0.018300 0.609900
0 -6.067600 -5.452461 -124.986740 -0.787786 0.581270 -0.203759 0.051600 0.903700
ConmocionLance.jpg
0 -6.067600 -5.452461 -124.986740 -0.787786 0.581270 -0.203759 0.051600 0.903700
0 -2.407400 -5.400057 -92.720200 0.992131 0.002272 0.125185 0.018300 0.609900
0 -2.407400 -6.129717 -134.478363 -0.877081 -0.008363 -0.480270 0.018300 0.990200
ConmocionLance.jpg
0 -2.407400 -5.400057 -92.720200 0.992131 0.002272 0.125185 0.018300 0.609900
0 -9.648000 -4.810043 -101.611900 -0.432016 0.900200 -0.054799 0.084200 0.690800
0 -4.736000 -5.323158 -88.268585 0.962696 0.004779 0.270543 0.039500 0.569400
ConmocionLance.jpg
0 -4.736000 -5.323158 -88.268585 0.962696 0.004779 0.270543 0.039500 0.569400
0 -9.648000 -4.810043 -101.611900 -0.432016 0.900200 -0.054799 0.084200 0.690800
0 -5.857000 -5.185421 -80.377121 0.998617 0.000912 0.052564 0.049700 0.497500
ConmocionLance.jpg
0 -9.648000 -4.810043 -101.611900 -0.432016 0.900200 -0.054799 0.084200 0.690800
0 -13.537700 -3.372013 -37.545086 -0.460962 0.855056 0.237471 0.119700 0.079900
0 -5.895900 -4.794113 -57.959900 0.999760 -0.000386 -0.021913 0.050100 0.293400
ConmocionLance.jpg
0 -5.895900 -4.794113 -57.959900 0.999760 -0.000386 -0.021913 0.050100 0.293400
0 -5.857000 -5.185421 -80.377121 0.998617 0.000912 0.052564 0.049700 0.497500
0 -9.648000 -4.810043 -101.611900 -0.432016 0.900200 -0.054799 0.084200 0.690800
ConmocionLance.jpg
0 -5.895900 -4.794113 -57.959900 0.999760 -0.000386 -0.021913 0.050100 0.293400
0 -13.537700 -3.372013 -37.545086 -0.460962 0.855056 0.237471 0.119700 0.079900
0 -4.770801 -4.653500 -49.904522 0.948789 -0.005512 -0.315861 0.039800 0.220000
ConmocionLance.jpg
0 -13.537700 -3.372013 -37.545086 -0.460962 0.855056 0.237471 0.119700 0.079900
0 -10.929600 -3.866005 -34.143257 -0.519029 0.730946 0.443089 0.095900 0.049000
0 -0.896800 -4.547791 -43.847839 0.000007 0.017527 0.999846 0.004600 0.164900
ConmocionLance.jpg
0 -0.896800 -4.547791 -43.847839 0.000007 0.017527 0.999846 0.004600 0.164900
0 -4.770801 -4.653500 -49.904522 0.948789 -0.005512 -0.315861 0.039800 0.220000
0 -13.537700 -3.372013 -37.545086 -0.460962 0.855056 0.237471 0.119700 0.079900
ConmocionLance.jpg
0 -0.896800 -4.547791 -43.847839 0.000007 0.017527 0.999846 0.004600 0.164900
0 -10.929600 -3.866005 -34.143257 -0.519029 0.730946 0.443089 0.095900 0.049000
0 -8.902800 -4.316166 -30.578262 -0.732938 0.011888 0.680191 0.077500 0.016600
ConmocionLance.jpg
0 -8.902800 -4.316166 -30.578262 -0.732938 0.011888 0.680191 0.077500 0.016600
0 -0.896800 -4.046379 -26.748390 0.000000 0.999570 -0.029311 0.004600 0.009100
0 -0.896800 -4.547791 -43.847839 0.000007 0.017527 0.999846 0.004600 0.164900
ConmocionLance.jpg
0 -2.407400 -6.129717 -134.478363 -0.877081 -0.008363 -0.480270 0.910800 0.066400
0 -6.067600 -6.475342 -124.968887 -0.635474 -0.751428 -0.177564 0.840400 0.069800
0 -6.067600 -5.452461 -124.986740 -0.787786 0.581270 -0.203759 0.840400 0.062900
ConmocionLance.jpg
0 -6.067600 -5.452461 -124.986740 -0.787786 0.581270 -0.203759 0.840400 0.062900
0 -6.067600 -6.475342 -124.968887 -0.635474 -0.751428 -0.177564 0.840400 0.069800
0 -9.648000 -6.301607 -101.585854 -0.430161 -0.901872 -0.039869 0.676800 0.071300
ConmocionLance.jpg
0 -9.648000 -6.301607 -101.585854 -0.430161 -0.901872 -0.039869 0.676800 0.071300
0 -9.648000 -4.810043 -101.611900 -0.432016 0.900200 -0.054799 0.676800 0.061400
0 -6.067600 -5.452461 -124.986740 -0.787786 0.581270 -0.203759 0.840400 0.062900
ConmocionLance.jpg
0 -9.648000 -4.810043 -101.611900 -0.432016 0.900200 -0.054799 0.676800 0.061400
0 -9.648000 -6.301607 -101.585854 -0.430161 -0.901872 -0.039869 0.676800 0.071300
0 -13.537600 -5.502888 -37.507908 -0.507317 -0.852760 0.124216 0.209400 0.073400
ConmocionLance.jpg
0 -13.537600 -5.502888 -37.507908 -0.507317 -0.852760 0.124216 0.209400 0.073400
0 -13.537700 -3.372013 -37.545086 -0.460962 0.855056 0.237471 0.209400 0.059200
0 -9.648000 -4.810043 -101.611900 -0.432016 0.900200 -0.054799 0.676800 0.061400
ConmocionLance.jpg
0 -10.929600 -3.866005 -34.143257 -0.519029 0.730946 0.443089 0.180000 0.062800
0 -10.929600 -4.890459 -34.125374 -0.631982 -0.555884 0.539992 0.180000 0.069900
0 -8.902800 -4.316166 -30.578262 -0.732938 0.011888 0.680191 0.151800 0.066400
ConmocionLance.jpg
0 -8.902800 -4.316166 -30.578262 -0.732938 0.011888 0.680191 0.151800 0.066400
0 -8.902800 -4.316166 -30.578262 -0.732938 0.011888 0.680191 0.151800 0.066400
0 -10.929600 -3.866005 -34.143257 -0.519029 0.730946 0.443089 0.180000 0.062800
ConmocionLance.jpg
0 -13.537700 -3.372013 -37.545086 -0.460962 0.855056 0.237471 0.209400 0.059200
0 -13.537600 -5.502888 -37.507908 -0.507317 -0.852760 0.124216 0.209400 0.073400
0 -10.929600 -4.890459 -34.125374 -0.631982 -0.555884 0.539992 0.180000 0.069900
ConmocionLance.jpg
0 -10.929600 -4.890459 -34.125374 -0.631982 -0.555884 0.539992 0.180000 0.069900
0 -10.929600 -3.866005 -34.143257 -0.519029 0.730946 0.443089 0.180000 0.062800
0 -13.537700 -3.372013 -37.545086 -0.460962 0.855056 0.237471 0.209400 0.059200
ConmocionLance.jpg
0 -9.648000 -6.301607 -101.585854 -0.430161 -0.901872 -0.039869 0.084200 0.690800
0 -6.067600 -6.475342 -124.968887 -0.635474 -0.751428 -0.177564 0.051600 0.903700
0 -2.407400 -5.400057 -92.720200 0.992131 0.002272 0.125185 0.018300 0.609900
ConmocionLance.jpg
0 -6.067600 -6.475342 -124.968887 -0.635474 -0.751428 -0.177564 0.051600 0.903700
0 -2.407400 -6.129717 -134.478363 -0.877081 -0.008363 -0.480270 0.018300 0.990200
0 -2.407400 -5.400057 -92.720200 0.992131 0.002272 0.125185 0.018300 0.609900
ConmocionLance.jpg
0 -2.407400 -5.400057 -92.720200 0.992131 0.002272 0.125185 0.018300 0.609900
0 -4.736000 -5.323158 -88.268585 0.962696 0.004779 0.270543 0.039500 0.569400
0 -9.648000 -6.301607 -101.585854 -0.430161 -0.901872 -0.039869 0.084200 0.690800
ConmocionLance.jpg
0 -4.736000 -5.323158 -88.268585 0.962696 0.004779 0.270543 0.039500 0.569400
0 -5.857000 -5.185421 -80.377121 0.998617 0.000912 0.052564 0.049700 0.497500
0 -9.648000 -6.301607 -101.585854 -0.430161 -0.901872 -0.039869 0.084200 0.690800
ConmocionLance.jpg
0 -9.648000 -6.301607 -101.585854 -0.430161 -0.901872 -0.039869 0.084200 0.690800
0 -5.857000 -5.185421 -80.377121 0.998617 0.000912 0.052564 0.049700 0.497500
0 -5.895900 -4.794113 -57.959900 0.999760 -0.000386 -0.021913 0.050100 0.293400
ConmocionLance.jpg
0 -5.895900 -4.794113 -57.959900 0.999760 -0.000386 -0.021913 0.050100 0.293400
0 -13.537600 -5.502888 -37.507908 -0.507317 -0.852760 0.124216 0.119700 0.079900
0 -9.648000 -6.301607 -101.585854 -0.430161 -0.901872 -0.039869 0.084200 0.690800
ConmocionLance.jpg
0 -5.895900 -4.794113 -57.959900 0.999760 -0.000386 -0.021913 0.050100 0.293400
0 -4.770801 -4.653500 -49.904522 0.948789 -0.005512 -0.315861 0.039800 0.220000
0 -13.537600 -5.502888 -37.507908 -0.507317 -0.852760 0.124216 0.119700 0.079900
ConmocionLance.jpg
0 -13.537600 -5.502888 -37.507908 -0.507317 -0.852760 0.124216 0.119700 0.079900
0 -4.770801 -4.653500 -49.904522 0.948789 -0.005512 -0.315861 0.039800 0.220000
0 -0.896800 -4.547791 -43.847839 0.000007 0.017527 0.999846 0.004600 0.164900
ConmocionLance.jpg
0 -0.896800 -4.547791 -43.847839 0.000007 0.017527 0.999846 0.004600 0.164900
0 -10.929600 -4.890459 -34.125374 -0.631982 -0.555884 0.539992 0.095900 0.049000
0 -13.537600 -5.502888 -37.507908 -0.507317 -0.852760 0.124216 0.119700 0.079900
ConmocionLance.jpg
0 -0.896800 -4.547791 -43.847839 0.000007 0.017527 0.999846 0.004600 0.164900
0 -8.902800 -4.316166 -30.578262 -0.732938 0.011888 0.680191 0.077500 0.016600
0 -10.929600 -4.890459 -34.125374 -0.631982 -0.555884 0.539992 0.095900 0.049000
ConmocionLance.jpg
0 -8.902800 -4.316166 -30.578262 -0.732938 0.011888 0.680191 0.077500 0.016600
0 -0.896800 -4.547791 -43.847839 0.000007 0.017527 0.999846 0.004600 0.164900
0 -0.896800 -4.457222 -26.741203 0.000000 -0.999986 0.005294 0.004600 0.009100
ConmocionLance.jpg
0 7.854300 -4.810043 -101.611900 0.432013 0.900201 -0.054798 0.084200 0.690800
0 4.273900 -5.452461 -124.986740 0.787786 0.581270 -0.203759 0.051600 0.903700
0 0.613700 -5.400057 -92.720200 -0.992131 0.002272 0.125185 0.018300 0.609900
ConmocionLance.jpg
0 4.273900 -5.452461 -124.986740 0.787786 0.581270 -0.203759 0.051600 0.903700
0 0.613700 -6.129717 -134.478363 0.877081 -0.008363 -0.480270 0.018300 0.990200
0 0.613700 -5.400057 -92.720200 -0.992131 0.002272 0.125185 0.018300 0.609900
ConmocionLance.jpg
0 0.613700 -5.400057 -92.720200 -0.992131 0.002272 0.125185 0.018300 0.609900
0 2.942300 -5.323158 -88.268585 -0.962696 0.004779 0.270543 0.039500 0.569400
0 7.854300 -4.810043 -101.611900 0.432013 0.900201 -0.054798 0.084200 0.690800
ConmocionLance.jpg
0 2.942300 -5.323158 -88.268585 -0.962696 0.004779 0.270543 0.039500 0.569400
0 4.063300 -5.185421 -80.377121 -0.998617 0.000912 0.052568 0.049700 0.497500
0 7.854300 -4.810043 -101.611900 0.432013 0.900201 -0.054798 0.084200 0.690800
ConmocionLance.jpg
0 7.854300 -4.810043 -101.611900 0.432013 0.900201 -0.054798 0.084200 0.690800
0 4.063300 -5.185421 -80.377121 -0.998617 0.000912 0.052568 0.049700 0.497500
0 4.102300 -4.794113 -57.959900 -0.999760 -0.000386 -0.021911 0.050100 0.293400
ConmocionLance.jpg
0 4.102300 -4.794113 -57.959900 -0.999760 -0.000386 -0.021911 0.050100 0.293400
0 11.744000 -3.372013 -37.545086 0.460957 0.855061 0.237464 0.119700 0.079900
0 7.854300 -4.810043 -101.611900 0.432013 0.900201 -0.054798 0.084200 0.690800
ConmocionLance.jpg
0 4.102300 -4.794113 -57.959900 -0.999760 -0.000386 -0.021911 0.050100 0.293400
0 2.977200 -4.653500 -49.904522 -0.948789 -0.005512 -0.315861 0.039800 0.220000
0 11.744000 -3.372013 -37.545086 0.460957 0.855061 0.237464 0.119700 0.079900
ConmocionLance.jpg
0 11.744000 -3.372013 -37.545086 0.460957 0.855061 0.237464 0.119700 0.079900
0 2.977200 -4.653500 -49.904522 -0.948789 -0.005512 -0.315861 0.039800 0.220000
0 -0.896800 -4.547791 -43.847839 0.000007 0.017527 0.999846 0.004600 0.164900
ConmocionLance.jpg
0 -0.896800 -4.547791 -43.847839 0.000007 0.017527 0.999846 0.004600 0.164900
0 9.136000 -3.866005 -34.143257 0.519028 0.730945 0.443090 0.095900 0.049000
0 11.744000 -3.372013 -37.545086 0.460957 0.855061 0.237464 0.119700 0.079900
ConmocionLance.jpg
0 -0.896800 -4.547791 -43.847839 0.000007 0.017527 0.999846 0.004600 0.164900
0 7.109099 -4.316166 -30.578262 0.732928 0.011888 0.680203 0.077500 0.016600
0 9.136000 -3.866005 -34.143257 0.519028 0.730945 0.443090 0.095900 0.049000
ConmocionLance.jpg
0 7.109099 -4.316166 -30.578262 0.732928 0.011888 0.680203 0.077500 0.016600
0 -0.896800 -4.547791 -43.847839 0.000007 0.017527 0.999846 0.004600 0.164900
0 -0.896800 -4.046379 -26.748390 0.000000 0.999570 -0.029311 0.004600 0.009100
ConmocionLance.jpg
0 0.613700 -6.129717 -134.478363 0.877081 -0.008363 -0.480270 0.910800 0.066400
0 4.273900 -5.452461 -124.986740 0.787786 0.581270 -0.203759 0.840400 0.062900
0 4.273900 -6.475342 -124.968887 0.635474 -0.751428 -0.177564 0.840400 0.069800
ConmocionLance.jpg
0 4.273900 -5.452461 -124.986740 0.787786 0.581270 -0.203759 0.840400 0.062900
0 7.854300 -4.810043 -101.611900 0.432013 0.900201 -0.054798 0.676800 0.061400
0 7.854300 -6.301607 -101.585854 0.430161 -0.901871 -0.039869 0.676800 0.071300
ConmocionLance.jpg
0 7.854300 -6.301607 -101.585854 0.430161 -0.901871 -0.039869 0.676800 0.071300
0 4.273900 -6.475342 -124.968887 0.635474 -0.751428 -0.177564 0.840400 0.069800
0 4.273900 -5.452461 -124.986740 0.787786 0.581270 -0.203759 0.840400 0.062900
ConmocionLance.jpg
0 7.854300 -4.810043 -101.611900 0.432013 0.900201 -0.054798 0.676800 0.061400
0 11.744000 -3.372013 -37.545086 0.460957 0.855061 0.237464 0.209400 0.059200
0 11.744000 -5.502888 -37.507908 0.507325 -0.852755 0.124216 0.209400 0.073400
ConmocionLance.jpg
0 11.744000 -5.502888 -37.507908 0.507325 -0.852755 0.124216 0.209400 0.073400
0 7.854300 -6.301607 -101.585854 0.430161 -0.901871 -0.039869 0.676800 0.071300
0 7.854300 -4.810043 -101.611900 0.432013 0.900201 -0.054798 0.676800 0.061400
ConmocionLance.jpg
0 9.136000 -3.866005 -34.143257 0.519028 0.730945 0.443090 0.180000 0.062800
0 7.109099 -4.316166 -30.578262 0.732928 0.011888 0.680203 0.151800 0.066400
0 7.109099 -4.316166 -30.578262 0.732928 0.011888 0.680203 0.151800 0.066400
ConmocionLance.jpg
0 7.109099 -4.316166 -30.578262 0.732928 0.011888 0.680203 0.151800 0.066400
0 9.136000 -4.890459 -34.125374 0.631987 -0.555877 0.539994 0.180000 0.069900
0 9.136000 -3.866005 -34.143257 0.519028 0.730945 0.443090 0.180000 0.062800
ConmocionLance.jpg
0 11.744000 -3.372013 -37.545086 0.460957 0.855061 0.237464 0.209400 0.059200
0 9.136000 -3.866005 -34.143257 0.519028 0.730945 0.443090 0.180000 0.062800
0 9.136000 -4.890459 -34.125374 0.631987 -0.555877 0.539994 0.180000 0.069900
ConmocionLance.jpg
0 9.136000 -4.890459 -34.125374 0.631987 -0.555877 0.539994 0.180000 0.069900
0 11.744000 -5.502888 -37.507908 0.507325 -0.852755 0.124216 0.209400 0.073400
0 11.744000 -3.372013 -37.545086 0.460957 0.855061 0.237464 0.209400 0.059200
ConmocionLance.jpg
0 7.854300 -6.301607 -101.585854 0.430161 -0.901871 -0.039869 0.084200 0.690800
0 0.613700 -5.400057 -92.720200 -0.992131 0.002272 0.125185 0.018300 0.609900
0 4.273900 -6.475342 -124.968887 0.635474 -0.751428 -0.177564 0.051600 0.903700
ConmocionLance.jpg
0 4.273900 -6.475342 -124.968887 0.635474 -0.751428 -0.177564 0.051600 0.903700
0 0.613700 -5.400057 -92.720200 -0.992131 0.002272 0.125185 0.018300 0.609900
0 0.613700 -6.129717 -134.478363 0.877081 -0.008363 -0.480270 0.018300 0.990200
ConmocionLance.jpg
0 0.613700 -5.400057 -92.720200 -0.992131 0.002272 0.125185 0.018300 0.609900
0 7.854300 -6.301607 -101.585854 0.430161 -0.901871 -0.039869 0.084200 0.690800
0 2.942300 -5.323158 -88.268585 -0.962696 0.004779 0.270543 0.039500 0.569400
ConmocionLance.jpg
0 2.942300 -5.323158 -88.268585 -0.962696 0.004779 0.270543 0.039500 0.569400
0 7.854300 -6.301607 -101.585854 0.430161 -0.901871 -0.039869 0.084200 0.690800
0 4.063300 -5.185421 -80.377121 -0.998617 0.000912 0.052568 0.049700 0.497500
ConmocionLance.jpg
0 7.854300 -6.301607 -101.585854 0.430161 -0.901871 -0.039869 0.084200 0.690800
0 11.744000 -5.502888 -37.507908 0.507325 -0.852755 0.124216 0.119700 0.079900
0 4.102300 -4.794113 -57.959900 -0.999760 -0.000386 -0.021911 0.050100 0.293400
ConmocionLance.jpg
0 4.102300 -4.794113 -57.959900 -0.999760 -0.000386 -0.021911 0.050100 0.293400
0 4.063300 -5.185421 -80.377121 -0.998617 0.000912 0.052568 0.049700 0.497500
0 7.854300 -6.301607 -101.585854 0.430161 -0.901871 -0.039869 0.084200 0.690800
ConmocionLance.jpg
0 4.102300 -4.794113 -57.959900 -0.999760 -0.000386 -0.021911 0.050100 0.293400
0 11.744000 -5.502888 -37.507908 0.507325 -0.852755 0.124216 0.119700 0.079900
0 2.977200 -4.653500 -49.904522 -0.948789 -0.005512 -0.315861 0.039800 0.220000
ConmocionLance.jpg
0 11.744000 -5.502888 -37.507908 0.507325 -0.852755 0.124216 0.119700 0.079900
0 9.136000 -4.890459 -34.125374 0.631987 -0.555877 0.539994 0.095900 0.049000
0 -0.896800 -4.547791 -43.847839 0.000007 0.017527 0.999846 0.004600 0.164900
ConmocionLance.jpg
0 -0.896800 -4.547791 -43.847839 0.000007 0.017527 0.999846 0.004600 0.164900
0 2.977200 -4.653500 -49.904522 -0.948789 -0.005512 -0.315861 0.039800 0.220000
0 11.744000 -5.502888 -37.507908 0.507325 -0.852755 0.124216 0.119700 0.079900
ConmocionLance.jpg
0 -0.896800 -4.547791 -43.847839 0.000007 0.017527 0.999846 0.004600 0.164900
0 9.136000 -4.890459 -34.125374 0.631987 -0.555877 0.539994 0.095900 0.049000
0 7.109099 -4.316166 -30.578262 0.732928 0.011888 0.680203 0.077500 0.016600
ConmocionLance.jpg
0 7.109099 -4.316166 -30.578262 0.732928 0.011888 0.680203 0.077500 0.016600
0 -0.896800 -4.457222 -26.741203 0.000000 -0.999986 0.005294 0.004600 0.009100
0 -0.896800 -4.547791 -43.847839 0.000007 0.017527 0.999846 0.004600 0.164900
ConmocionLance.jpg
0 0.919400 -3.902285 -6.666630 0.952421 0.304738 -0.005319 0.363700 0.029400
0 -0.934900 -1.971079 -6.700344 -0.000014 0.999848 -0.017452 0.363700 0.007800
0 -0.934900 -1.032768 47.055599 -0.000014 0.999848 -0.017452 0.871300 0.007800
ConmocionLance.jpg
0 -0.934900 -1.032768 47.055599 -0.000014 0.999848 -0.017452 0.871300 0.007800
0 0.919400 -2.963976 47.089317 0.952421 -0.304738 0.005319 0.871300 0.029400
0 0.919400 -3.902285 -6.666630 0.952421 0.304738 -0.005319 0.363700 0.029400
ConmocionLance.jpg
0 -0.934900 -5.833494 -6.632914 -0.000013 -0.999848 0.017452 0.363700 0.050900
0 0.919400 -3.902285 -6.666630 0.952421 0.304738 -0.005319 0.363700 0.029400
0 0.919400 -2.963976 47.089317 0.952421 -0.304738 0.005319 0.871300 0.029400
ConmocionLance.jpg
0 0.919400 -2.963976 47.089317 0.952421 -0.304738 0.005319 0.871300 0.029400
0 -0.934900 -4.895182 47.123005 -0.000013 -0.999848 0.017452 0.871300 0.050900
0 -0.934900 -5.833494 -6.632914 -0.000013 -0.999848 0.017452 0.363700 0.050900
ConmocionLance.jpg
0 -2.789100 -3.902285 -6.666630 -0.952426 0.304723 -0.005319 0.363700 0.029400
0 -2.789100 -2.963976 47.089317 -0.952426 -0.304723 0.005319 0.871300 0.029400
0 -0.934900 -1.032768 47.055599 -0.000014 0.999848 -0.017452 0.871300 0.007800
ConmocionLance.jpg
0 -0.934900 -1.032768 47.055599 -0.000014 0.999848 -0.017452 0.871300 0.007800
0 -0.934900 -1.971079 -6.700344 -0.000014 0.999848 -0.017452 0.363700 0.007800
0 -2.789100 -3.902285 -6.666630 -0.952426 0.304723 -0.005319 0.363700 0.029400
ConmocionLance.jpg
0 -0.934900 -5.833494 -6.632914 -0.000013 -0.999848 0.017452 0.363700 0.050900
0 -0.934900 -4.895182 47.123005 -0.000013 -0.999848 0.017452 0.871300 0.050900
0 -2.789100 -2.963976 47.089317 -0.952426 -0.304723 0.005319 0.871300 0.029400
ConmocionLance.jpg
0 -2.789100 -2.963976 47.089317 -0.952426 -0.304723 0.005319 0.871300 0.029400
0 -2.789100 -3.902285 -6.666630 -0.952426 0.304723 -0.005319 0.363700 0.029400
0 -0.934900 -5.833494 -6.632914 -0.000013 -0.999848 0.017452 0.363700 0.050900
ConmocionLance.jpg
0 -0.934900 -1.072124 78.641808 -0.000009 0.999554 0.029880 0.109700 0.446200
0 0.417900 -2.411810 78.665192 0.998866 0.000835 0.047602 0.134100 0.446200
0 1.786400 -2.912899 49.958031 0.998010 0.001102 0.063052 0.146500 0.814400
ConmocionLance.jpg
0 1.786400 -2.912899 49.958031 0.998010 0.001102 0.063052 0.146500 0.814400
0 -0.934900 -0.208610 49.910851 0.000000 0.998160 0.060629 0.097300 0.814400
0 -0.934900 -1.072124 78.641808 -0.000009 0.999554 0.029880 0.109700 0.446200
ConmocionLance.jpg
0 -0.934900 -0.208610 49.910851 0.000000 0.998160 0.060629 0.097300 0.814400
0 1.786400 -2.912899 49.958031 0.998010 0.001102 0.063052 0.146500 0.814400
0 2.326700 -3.013113 44.216831 0.999980 -0.000112 -0.006393 0.151400 0.888000
ConmocionLance.jpg
0 2.326700 -3.013113 44.216831 0.999980 -0.000112 -0.006393 0.151400 0.888000
0 -0.934900 0.229896 44.160229 0.000000 0.992963 -0.118426 0.092400 0.888000
0 -0.934900 -0.208610 49.910851 0.000000 0.998160 0.060629 0.097300 0.814400
ConmocionLance.jpg
0 -0.934900 0.229896 44.160229 0.000000 0.992963 -0.118426 0.092400 0.888000
0 2.326700 -3.013113 44.216831 0.999980 -0.000112 -0.006393 0.151400 0.888000
0 0.924500 -3.130011 37.519638 0.981049 -0.003381 -0.193731 0.139500 0.974100
ConmocionLance.jpg
0 0.924500 -3.130011 37.519638 0.981049 -0.003381 -0.193731 0.139500 0.974100
0 -0.934900 -1.188009 37.485741 0.000000 0.978171 -0.207799 0.104300 0.974100
0 -0.934900 0.229896 44.160229 0.000000 0.992963 -0.118426 0.092400 0.888000
ConmocionLance.jpg
0 -0.934900 -3.751518 78.688576 -0.000009 -0.997902 0.064746 0.109700 0.446200
0 -0.934900 -5.617186 50.005253 -0.000000 -0.995436 0.095427 0.097300 0.814400
0 1.786400 -2.912899 49.958031 0.998010 0.001102 0.063052 0.146500 0.814400
ConmocionLance.jpg
0 1.786400 -2.912899 49.958031 0.998010 0.001102 0.063052 0.146500 0.814400
0 0.417900 -2.411810 78.665192 0.998866 0.000835 0.047602 0.134100 0.446200
0 -0.934900 -3.751518 78.688576 -0.000009 -0.997902 0.064746 0.109700 0.446200
ConmocionLance.jpg
0 -0.934900 -5.617186 50.005253 -0.000000 -0.995436 0.095427 0.097300 0.814400
0 -0.934900 -6.256123 44.273426 -0.000000 -0.996491 -0.083700 0.092400 0.888000
0 2.326700 -3.013113 44.216831 0.999980 -0.000112 -0.006393 0.151400 0.888000
ConmocionLance.jpg
0 2.326700 -3.013113 44.216831 0.999980 -0.000112 -0.006393 0.151400 0.888000
0 1.786400 -2.912899 49.958031 0.998010 0.001102 0.063052 0.146500 0.814400
0 -0.934900 -5.617186 50.005253 -0.000000 -0.995436 0.095427 0.097300 0.814400
ConmocionLance.jpg
0 -0.934900 -6.256123 44.273426 -0.000000 -0.996491 -0.083700 0.092400 0.888000
0 -0.934900 -5.072018 37.553543 0.000000 -0.984828 -0.173536 0.104300 0.974100
0 0.924500 -3.130011 37.519638 0.981049 -0.003381 -0.193731 0.139500 0.974100
ConmocionLance.jpg
0 0.924500 -3.130011 37.519638 0.981049 -0.003381 -0.193731 0.139500 0.974100
0 2.326700 -3.013113 44.216831 0.999980 -0.000112 -0.006393 0.151400 0.888000
0 -0.934900 -6.256123 44.273426 -0.000000 -0.996491 -0.083700 0.092400 0.888000
ConmocionLance.jpg
0 -0.934900 -1.072124 78.641808 -0.000009 0.999554 0.029880 0.109700 0.446200
0 -0.934900 -0.208610 49.910851 0.000000 0.998160 0.060629 0.097300 0.814400
0 -3.656200 -2.912899 49.958031 -0.998010 0.001102 0.063053 0.146500 0.814400
ConmocionLance.jpg
0 -3.656200 -2.912899 49.958031 -0.998010 0.001102 0.063053 0.146500 0.814400
0 -2.287600 -2.411810 78.665192 -0.998866 0.000835 0.047606 0.134100 0.446200
0 -0.934900 -1.072124 78.641808 -0.000009 0.999554 0.029880 0.109700 0.446200
ConmocionLance.jpg
0 -0.934900 -0.208610 49.910851 0.000000 0.998160 0.060629 0.097300 0.814400
0 -0.934900 0.229896 44.160229 0.000000 0.992963 -0.118426 0.092400 0.888000
0 -4.196500 -3.013113 44.216831 -0.999980 -0.000112 -0.006393 0.151400 0.888000
ConmocionLance.jpg
0 -4.196500 -3.013113 44.216831 -0.999980 -0.000112 -0.006393 0.151400 0.888000
0 -3.656200 -2.912899 49.958031 -0.998010 0.001102 0.063053 0.146500 0.814400
0 -0.934900 -0.208610 49.910851 0.000000 0.998160 0.060629 0.097300 0.814400
ConmocionLance.jpg
0 -0.934900 0.229896 44.160229 0.000000 0.992963 -0.118426 0.092400 0.888000
0 -0.934900 -1.188009 37.485741 0.000000 0.978171 -0.207799 0.104300 0.974100
0 -2.794300 -3.130011 37.519638 -0.981049 -0.003381 -0.193731 0.139500 0.974100
ConmocionLance.jpg
0 -2.794300 -3.130011 37.519638 -0.981049 -0.003381 -0.193731 0.139500 0.974100
0 -4.196500 -3.013113 44.216831 -0.999980 -0.000112 -0.006393 0.151400 0.888000
0 -0.934900 0.229896 44.160229 0.000000 0.992963 -0.118426 0.092400 0.888000
ConmocionLance.jpg
0 -0.934900 -3.751518 78.688576 -0.000009 -0.997902 0.064746 0.109700 0.446200
0 -2.287600 -2.411810 78.665192 -0.998866 0.000835 0.047606 0.134100 0.446200
0 -3.656200 -2.912899 49.958031 -0.998010 0.001102 0.063053 0.146500 0.814400
ConmocionLance.jpg
0 -3.656200 -2.912899 49.958031 -0.998010 0.001102 0.063053 0.146500 0.814400
0 -0.934900 -5.617186 50.005253 -0.000000 -0.995436 0.095427 0.097300 0.814400
0 -0.934900 -3.751518 78.688576 -0.000009 -0.997902 0.064746 0.109700 0.446200
ConmocionLance.jpg
0 -0.934900 -5.617186 50.005253 -0.000000 -0.995436 0.095427 0.097300 0.814400
0 -3.656200 -2.912899 49.958031 -0.998010 0.001102 0.063053 0.146500 0.814400
0 -4.196500 -3.013113 44.216831 -0.999980 -0.000112 -0.006393 0.151400 0.888000
ConmocionLance.jpg
0 -4.196500 -3.013113 44.216831 -0.999980 -0.000112 -0.006393 0.151400 0.888000
0 -0.934900 -6.256123 44.273426 -0.000000 -0.996491 -0.083700 0.092400 0.888000
0 -0.934900 -5.617186 50.005253 -0.000000 -0.995436 0.095427 0.097300 0.814400
ConmocionLance.jpg
0 -0.934900 -6.256123 44.273426 -0.000000 -0.996491 -0.083700 0.092400 0.888000
0 -4.196500 -3.013113 44.216831 -0.999980 -0.000112 -0.006393 0.151400 0.888000
0 -2.794300 -3.130011 37.519638 -0.981049 -0.003381 -0.193731 0.139500 0.974100
ConmocionLance.jpg
0 -2.794300 -3.130011 37.519638 -0.981049 -0.003381 -0.193731 0.139500 0.974100
0 -0.934900 -5.072018 37.553543 0.000000 -0.984828 -0.173536 0.104300 0.974100
0 -0.934900 -6.256123 44.273426 -0.000000 -0.996491 -0.083700 0.092400 0.888000
ConmocionLance.jpg
0 0.414000 -2.417181 78.357346 0.872996 -0.008513 -0.487653 0.892300 0.528700
0 -0.491600 -0.246009 78.319443 0.338485 0.491854 -0.802189 0.848500 0.528700
0 -0.491600 0.375610 82.927895 0.711457 0.668986 -0.215143 0.837600 0.435500
ConmocionLance.jpg
0 -0.491600 0.375610 82.927895 0.711457 0.668986 -0.215143 0.837600 0.435500
0 0.414000 -2.336267 82.993355 0.998808 0.000847 0.048795 0.892300 0.435100
0 0.414000 -2.417181 78.357346 0.872996 -0.008513 -0.487653 0.892300 0.528700
ConmocionLance.jpg
0 0.414000 -2.336267 82.993355 0.998808 0.000847 0.048795 0.892300 0.435100
0 -0.491600 0.375610 82.927895 0.711457 0.668986 -0.215143 0.837600 0.435500
0 -0.274400 -1.397562 88.651718 0.968400 0.087413 0.233581 0.875400 0.320600
ConmocionLance.jpg
0 -0.274400 -1.397562 88.651718 0.968400 0.087413 0.233581 0.875400 0.320600
0 -0.035200 -2.231340 89.004410 0.442822 0.015642 0.896473 0.892300 0.313800
0 0.414000 -2.336267 82.993355 0.998808 0.000847 0.048795 0.892300 0.435100
ConmocionLance.jpg
0 -0.274400 -1.397562 88.651718 0.968400 0.087413 0.233581 0.875400 0.320600
0 -0.491600 0.375610 82.927895 0.711457 0.668986 -0.215143 0.837600 0.435500
0 -0.934900 3.763040 84.647331 -0.000132 0.766114 -0.642705 0.769800 0.399600
ConmocionLance.jpg
0 -0.274400 -1.397562 88.651718 0.968400 0.087413 0.233581 0.875400 0.320600
0 -0.934900 3.199986 87.950890 -0.000013 0.924463 0.381271 0.782400 0.333100
0 -0.934900 -1.421711 95.193260 -0.000007 -0.961699 0.274107 0.878200 0.188600
ConmocionLance.jpg
0 -0.934900 3.763040 84.647331 -0.000132 0.766114 -0.642705 0.769800 0.399600
0 -0.934900 3.199986 87.950890 -0.000013 0.924463 0.381271 0.782400 0.333100
0 -0.274400 -1.397562 88.651718 0.968400 0.087413 0.233581 0.875400 0.320600
ConmocionLance.jpg
0 -0.491600 0.375610 82.927895 0.711457 0.668986 -0.215143 0.835300 0.480700
0 -0.491600 -0.246009 78.319443 0.338485 0.491854 -0.802189 0.835300 0.529200
0 -1.374400 -0.246009 78.319443 -0.323615 0.825162 -0.463013 0.825000 0.529200
ConmocionLance.jpg
0 -1.374400 -0.246009 78.319443 -0.323615 0.825162 -0.463013 0.825000 0.529200
0 -1.370800 0.375610 82.927895 -0.806763 0.549938 -0.216104 0.825100 0.480700
0 -0.491600 0.375610 82.927895 0.711457 0.668986 -0.215143 0.835300 0.480700
ConmocionLance.jpg
0 -0.491600 0.375610 82.927895 0.711457 0.668986 -0.215143 0.835300 0.480700
0 -1.370800 0.375610 82.927895 -0.806763 0.549938 -0.216104 0.825100 0.480700
0 -0.934900 3.763040 84.647331 -0.000132 0.766114 -0.642705 0.830100 0.441100
ConmocionLance.jpg
0 -0.491600 -0.246009 78.319443 0.338485 0.491854 -0.802189 0.805800 0.426500
0 0.414000 -2.417181 78.357346 0.872996 -0.008513 -0.487653 0.772100 0.412400
0 -2.283700 -2.417181 78.357346 -0.674765 -0.012880 -0.737921 0.772100 0.454300
ConmocionLance.jpg
0 -2.283700 -2.417181 78.357346 -0.674765 -0.012880 -0.737921 0.772100 0.454300
0 -1.374400 -0.246009 78.319443 -0.323615 0.825162 -0.463013 0.805800 0.440100
0 -0.491600 -0.246009 78.319443 0.338485 0.491854 -0.802189 0.805800 0.426500
ConmocionLance.jpg
0 -1.595300 -1.397562 88.651718 -0.907495 0.154850 0.390480 0.811000 0.503800
0 -1.834500 -2.231340 89.004410 -0.689737 0.012631 0.723949 0.814500 0.521200
0 -0.035200 -2.231340 89.004410 0.442822 0.015642 0.896473 0.788700 0.521200
ConmocionLance.jpg
0 -0.035200 -2.231340 89.004410 0.442822 0.015642 0.896473 0.788700 0.521200
0 -0.274400 -1.397562 88.651718 0.968400 0.087413 0.233581 0.792100 0.503800
0 -1.595300 -1.397562 88.651718 -0.907495 0.154850 0.390480 0.811000 0.503800
ConmocionLance.jpg
0 -0.274400 -1.397562 88.651718 0.968400 0.087413 0.233581 0.792100 0.503800
0 -0.934900 -1.421711 95.193260 -0.000007 -0.961699 0.274107 0.801600 0.452200
0 -1.595300 -1.397562 88.651718 -0.907495 0.154850 0.390480 0.811000 0.503800
ConmocionLance.jpg
0 0.414000 -2.417181 78.357346 0.872996 -0.008513 -0.487653 0.892300 0.528700
0 0.414000 -2.336267 82.993355 0.998808 0.000847 0.048795 0.892300 0.435100
0 -0.491600 -5.048668 83.022568 0.711456 -0.676090 -0.191657 0.837600 0.435500
ConmocionLance.jpg
0 -0.491600 -5.048668 83.022568 0.711456 -0.676090 -0.191657 0.837600 0.435500
0 -0.491600 -4.588354 78.395226 0.338489 -0.519552 -0.784532 0.848500 0.528700
0 0.414000 -2.417181 78.357346 0.872996 -0.008513 -0.487653 0.892300 0.528700
ConmocionLance.jpg
0 0.414000 -2.336267 82.993355 0.998808 0.000847 0.048795 0.892300 0.435100
0 -0.035200 -2.231340 89.004410 0.442822 0.015642 0.896473 0.892300 0.313800
0 -0.274400 -3.076910 88.681023 0.968400 -0.079213 0.236489 0.875400 0.320600
ConmocionLance.jpg
0 -0.274400 -3.076910 88.681023 0.968400 -0.079213 0.236489 0.875400 0.320600
0 -0.491600 -5.048668 83.022568 0.711456 -0.676090 -0.191657 0.837600 0.435500
0 0.414000 -2.336267 82.993355 0.998808 0.000847 0.048795 0.892300 0.435100
ConmocionLance.jpg
0 -0.274400 -3.076910 88.681023 0.968400 -0.079213 0.236489 0.875400 0.320600
0 -0.934900 -8.374119 84.859192 -0.000132 -0.788069 -0.615587 0.769800 0.399600
0 -0.491600 -5.048668 83.022568 0.711456 -0.676090 -0.191657 0.837600 0.435500
ConmocionLance.jpg
0 -0.274400 -3.076910 88.681023 0.968400 -0.079213 0.236489 0.875400 0.320600
0 -0.934900 -2.824503 95.217735 -0.000007 0.970679 0.240381 0.878200 0.188600
0 -0.934900 -7.696136 88.141068 -0.000013 -0.910595 0.413300 0.782400 0.333100
ConmocionLance.jpg
0 -0.934900 -8.374119 84.859192 -0.000132 -0.788069 -0.615587 0.769800 0.399600
0 -0.274400 -3.076910 88.681023 0.968400 -0.079213 0.236489 0.875400 0.320600
0 -0.934900 -7.696136 88.141068 -0.000013 -0.910595 0.413300 0.782400 0.333100
ConmocionLance.jpg
0 -0.491600 -5.048668 83.022568 0.711456 -0.676090 -0.191657 0.835300 0.480700
0 -1.370800 -5.048668 83.022568 -0.806762 -0.557149 -0.196776 0.825100 0.480700
0 -1.374400 -4.588354 78.395226 -0.323617 -0.840824 -0.433920 0.825000 0.529200
ConmocionLance.jpg
0 -1.374400 -4.588354 78.395226 -0.323617 -0.840824 -0.433920 0.825000 0.529200
0 -0.491600 -4.588354 78.395226 0.338489 -0.519552 -0.784532 0.835300 0.529200
0 -0.491600 -5.048668 83.022568 0.711456 -0.676090 -0.191657 0.835300 0.480700
ConmocionLance.jpg
0 -0.491600 -5.048668 83.022568 0.711456 -0.676090 -0.191657 0.835300 0.480700
0 -0.934900 -8.374119 84.859192 -0.000132 -0.788069 -0.615587 0.830100 0.441100
0 -1.370800 -5.048668 83.022568 -0.806762 -0.557149 -0.196776 0.825100 0.480700
ConmocionLance.jpg
0 -0.491600 -4.588354 78.395226 0.338489 -0.519552 -0.784532 0.805800 0.426500
0 -1.374400 -4.588354 78.395226 -0.323617 -0.840824 -0.433920 0.805800 0.440100
0 -2.283700 -2.417181 78.357346 -0.674765 -0.012880 -0.737921 0.772100 0.454300
ConmocionLance.jpg
0 -2.283700 -2.417181 78.357346 -0.674765 -0.012880 -0.737921 0.772100 0.454300
0 0.414000 -2.417181 78.357346 0.872996 -0.008513 -0.487653 0.772100 0.412400
0 -0.491600 -4.588354 78.395226 0.338489 -0.519552 -0.784532 0.805800 0.426500
ConmocionLance.jpg
0 -1.595300 -3.076910 88.681023 -0.907495 -0.141135 0.395644 0.811000 0.503800
0 -0.274400 -3.076910 88.681023 0.968400 -0.079213 0.236489 0.792100 0.503800
0 -0.035200 -2.231340 89.004410 0.442822 0.015642 0.896473 0.788700 0.521200
ConmocionLance.jpg
0 -0.035200 -2.231340 89.004410 0.442822 0.015642 0.896473 0.788700 0.521200
0 -1.834500 -2.231340 89.004410 -0.689737 0.012631 0.723949 0.814500 0.521200
0 -1.595300 -3.076910 88.681023 -0.907495 -0.141135 0.395644 0.811000 0.503800
ConmocionLance.jpg
0 -0.274400 -3.076910 88.681023 0.968400 -0.079213 0.236489 0.792100 0.503800
0 -1.595300 -3.076910 88.681023 -0.907495 -0.141135 0.395644 0.811000 0.503800
0 -0.934900 -2.824503 95.217735 -0.000007 0.970679 0.240381 0.801600 0.452200
ConmocionLance.jpg
0 -2.283700 -2.417181 78.357346 -0.674765 -0.012880 -0.737921 0.892300 0.528700
0 -2.283800 -2.336267 82.993355 -0.998814 0.000845 0.048673 0.892300 0.435100
0 -1.370800 0.375610 82.927895 -0.806763 0.549938 -0.216104 0.837600 0.435500
ConmocionLance.jpg
0 -1.370800 0.375610 82.927895 -0.806763 0.549938 -0.216104 0.837600 0.435500
0 -1.374400 -0.246009 78.319443 -0.323615 0.825162 -0.463013 0.848500 0.528700
0 -2.283700 -2.417181 78.357346 -0.674765 -0.012880 -0.737921 0.892300 0.528700
ConmocionLance.jpg
0 -2.283800 -2.336267 82.993355 -0.998814 0.000845 0.048673 0.892300 0.435100
0 -1.834500 -2.231340 89.004410 -0.689737 0.012631 0.723949 0.892300 0.313800
0 -1.595300 -1.397562 88.651718 -0.907495 0.154850 0.390480 0.875400 0.320600
ConmocionLance.jpg
0 -1.595300 -1.397562 88.651718 -0.907495 0.154850 0.390480 0.875400 0.320600
0 -1.370800 0.375610 82.927895 -0.806763 0.549938 -0.216104 0.837600 0.435500
0 -2.283800 -2.336267 82.993355 -0.998814 0.000845 0.048673 0.892300 0.435100
ConmocionLance.jpg
0 -1.595300 -1.397562 88.651718 -0.907495 0.154850 0.390480 0.875400 0.320600
0 -0.934900 3.763040 84.647331 -0.000132 0.766114 -0.642705 0.769800 0.399600
0 -1.370800 0.375610 82.927895 -0.806763 0.549938 -0.216104 0.837600 0.435500
ConmocionLance.jpg
0 -1.595300 -1.397562 88.651718 -0.907495 0.154850 0.390480 0.875400 0.320600
0 -0.934900 -1.421711 95.193260 -0.000007 -0.961699 0.274107 0.878200 0.188600
0 -0.934900 3.199986 87.950890 -0.000013 0.924463 0.381271 0.782400 0.333100
ConmocionLance.jpg
0 -0.934900 3.763040 84.647331 -0.000132 0.766114 -0.642705 0.769800 0.399600
0 -1.595300 -1.397562 88.651718 -0.907495 0.154850 0.390480 0.875400 0.320600
0 -0.934900 3.199986 87.950890 -0.000013 0.924463 0.381271 0.782400 0.333100
ConmocionLance.jpg
0 -2.283700 -2.417181 78.357346 -0.674765 -0.012880 -0.737921 0.892300 0.528700
0 -1.374400 -4.588354 78.395226 -0.323617 -0.840824 -0.433920 0.848500 0.528700
0 -1.370800 -5.048668 83.022568 -0.806762 -0.557149 -0.196776 0.837600 0.435500
ConmocionLance.jpg
0 -1.370800 -5.048668 83.022568 -0.806762 -0.557149 -0.196776 0.837600 0.435500
0 -2.283800 -2.336267 82.993355 -0.998814 0.000845 0.048673 0.892300 0.435100
0 -2.283700 -2.417181 78.357346 -0.674765 -0.012880 -0.737921 0.892300 0.528700
ConmocionLance.jpg
0 -2.283800 -2.336267 82.993355 -0.998814 0.000845 0.048673 0.892300 0.435100
0 -1.370800 -5.048668 83.022568 -0.806762 -0.557149 -0.196776 0.837600 0.435500
0 -1.595300 -3.076910 88.681023 -0.907495 -0.141135 0.395644 0.875400 0.320600
ConmocionLance.jpg
0 -1.595300 -3.076910 88.681023 -0.907495 -0.141135 0.395644 0.875400 0.320600
0 -1.834500 -2.231340 89.004410 -0.689737 0.012631 0.723949 0.892300 0.313800
0 -2.283800 -2.336267 82.993355 -0.998814 0.000845 0.048673 0.892300 0.435100
ConmocionLance.jpg
0 -1.595300 -3.076910 88.681023 -0.907495 -0.141135 0.395644 0.875400 0.320600
0 -1.370800 -5.048668 83.022568 -0.806762 -0.557149 -0.196776 0.837600 0.435500
0 -0.934900 -8.374119 84.859192 -0.000132 -0.788069 -0.615587 0.769800 0.399600
ConmocionLance.jpg
0 -1.595300 -3.076910 88.681023 -0.907495 -0.141135 0.395644 0.875400 0.320600
0 -0.934900 -7.696136 88.141068 -0.000013 -0.910595 0.413300 0.782400 0.333100
0 -0.934900 -2.824503 95.217735 -0.000007 0.970679 0.240381 0.878200 0.188600
ConmocionLance.jpg
0 -0.934900 -8.374119 84.859192 -0.000132 -0.788069 -0.615587 0.769800 0.399600
0 -0.934900 -7.696136 88.141068 -0.000013 -0.910595 0.413300 0.782400 0.333100
0 -1.595300 -3.076910 88.681023 -0.907495 -0.141135 0.395644 0.875400 0.320600
ConmocionLance.jpg
0 3.772200 -9.839958 -11.609453 0.859431 -0.377848 -0.344398 0.467800 0.648100
0 7.679999 -4.150375 -2.280432 0.915382 0.297442 -0.271300 0.403200 0.553900
0 7.679999 -4.150375 -2.280432 0.000000 -0.000000 0.000000 0.403200 0.553900
ConmocionLance.jpg
0 7.679999 -4.150375 -2.280432 0.915382 0.297442 -0.271300 0.403200 0.553900
0 11.467200 -8.340902 7.518101 0.958464 -0.277770 -0.064735 0.457500 0.430700
0 3.772200 -9.839958 -11.609453 0.859431 -0.377848 -0.344398 0.467800 0.648100
ConmocionLance.jpg
0 -0.807600 -12.221029 -18.451544 0.821770 -0.454266 -0.344001 0.492400 0.732200
0 -0.971900 -12.248255 -18.825226 0.452349 -0.818955 -0.353118 0.492600 0.736600
0 3.772200 -9.839958 -11.609453 0.859431 -0.377848 -0.344398 0.467800 0.648100
ConmocionLance.jpg
0 3.772200 -9.839958 -11.609453 0.859431 -0.377848 -0.344398 0.467800 0.648100
0 6.909400 -13.971653 0.975371 0.708901 -0.661595 -0.244440 0.524600 0.496600
0 -0.807600 -12.221029 -18.451544 0.821770 -0.454266 -0.344001 0.492400 0.732200
ConmocionLance.jpg
0 -0.971900 -14.791508 -8.847319 -0.223523 -0.927458 -0.299765 0.536700 0.613700
0 6.909400 -13.971653 0.975371 0.708901 -0.661595 -0.244440 0.524600 0.496600
0 -0.971900 -17.993242 -0.930535 -0.114131 -0.976159 -0.184627 0.590800 0.512100
ConmocionLance.jpg
0 9.357100 1.886293 17.604853 0.937179 0.314761 0.150405 0.336700 0.349200
0 5.569600 -1.570818 24.974510 0.875031 0.162019 0.456148 0.378600 0.231100
0 7.665100 -10.853153 16.624937 0.892783 -0.335735 0.300368 0.491200 0.295600
ConmocionLance.jpg
0 7.665100 -10.853153 16.624937 0.892783 -0.335735 0.300368 0.491200 0.295600
0 11.467200 -8.340902 7.518101 0.958464 -0.277770 -0.064735 0.457500 0.430700
0 9.357100 1.886293 17.604853 0.937179 0.314761 0.150405 0.336700 0.349200
ConmocionLance.jpg
0 6.909400 -13.971653 0.975371 0.708901 -0.661595 -0.244440 0.524600 0.496600
0 3.772200 -16.224222 10.886198 0.606947 -0.794355 0.024798 0.564500 0.357900
0 -0.971900 -17.993242 -0.930535 -0.114131 -0.976159 -0.184627 0.590800 0.512100
ConmocionLance.jpg
0 0.562800 10.823183 25.525093 0.297882 0.719994 0.626797 0.201700 0.243100
0 5.569600 -1.570818 24.974510 0.875031 0.162019 0.456148 0.378600 0.231100
0 9.357100 1.886293 17.604853 0.937179 0.314761 0.150405 0.336700 0.349200
ConmocionLance.jpg
0 4.634800 5.468485 8.628563 0.827613 0.533486 -0.174496 0.293100 0.449000
0 0.562700 13.508738 14.124981 0.016050 0.978953 -0.203456 0.190200 0.390300
0 0.562700 14.434191 18.577913 0.092188 0.994737 -0.044722 0.178000 0.342000
ConmocionLance.jpg
0 9.357100 1.886293 17.604853 0.937179 0.314761 0.150405 0.336700 0.349200
0 0.562700 14.434191 18.577913 0.092188 0.994737 -0.044722 0.178000 0.342000
0 0.562800 10.823183 25.525093 0.297882 0.719994 0.626797 0.201700 0.243100
ConmocionLance.jpg
0 9.357100 1.886293 17.604853 0.937179 0.314761 0.150405 0.336700 0.349200
0 7.679999 -4.150375 -2.280432 0.915382 0.297442 -0.271300 0.403200 0.553900
0 7.679999 -4.150375 -2.280432 0.915382 0.297442 -0.271300 0.403200 0.553900
ConmocionLance.jpg
0 7.679999 -4.150375 -2.280432 0.915382 0.297442 -0.271300 0.403200 0.553900
0 4.634800 5.468485 8.628563 0.827613 0.533486 -0.174496 0.293100 0.449000
0 9.357100 1.886293 17.604853 0.937179 0.314761 0.150405 0.336700 0.349200
ConmocionLance.jpg
0 3.772200 -16.224222 10.886198 0.606947 -0.794355 0.024798 0.564500 0.357900
0 6.909400 -13.971653 0.975371 0.708901 -0.661595 -0.244440 0.524600 0.496600
0 11.467200 -8.340902 7.518101 0.958464 -0.277770 -0.064735 0.457500 0.430700
ConmocionLance.jpg
0 0.562700 14.434191 18.577913 0.092188 0.994737 -0.044722 0.598000 0.933500
0 0.562700 13.508738 14.124981 0.016050 0.978953 -0.203456 0.582500 0.993200
0 -6.653300 2.662569 16.697067 -0.900044 0.240482 -0.363440 0.417500 0.982400
ConmocionLance.jpg
0 -6.653300 2.662569 16.697067 -0.900044 0.240482 -0.363440 0.417500 0.982400
0 -11.068600 2.665577 24.696434 -0.941953 0.333328 0.040218 0.417600 0.872800
0 0.562700 14.434191 18.577913 0.092188 0.994737 -0.044722 0.598000 0.933500
ConmocionLance.jpg
0 0.562800 10.823183 25.525093 0.297882 0.719994 0.626797 0.568000 0.812700
0 0.562700 14.434191 18.577913 0.092188 0.994737 -0.044722 0.598000 0.933500
0 -11.068600 2.665577 24.696434 -0.941953 0.333328 0.040218 0.417600 0.872800
ConmocionLance.jpg
0 0.562800 4.177405 31.096531 0.485710 0.561576 0.669864 0.427900 0.730600
0 0.562800 10.823183 25.525093 0.297882 0.719994 0.626797 0.568000 0.812700
0 -5.304000 1.249868 33.412067 -0.585445 0.575734 0.570775 0.392400 0.754200
ConmocionLance.jpg
0 0.562800 10.823183 25.525093 0.297882 0.719994 0.626797 0.568000 0.812700
0 -11.068600 2.665577 24.696434 -0.941953 0.333328 0.040218 0.417600 0.872800
0 -5.304000 1.249868 33.412067 -0.585445 0.575734 0.570775 0.392400 0.754200
ConmocionLance.jpg
0 -11.068600 2.665577 24.696434 -0.941953 0.333328 0.040218 0.417600 0.872800
0 -6.653300 2.662569 16.697067 -0.900044 0.240482 -0.363440 0.417500 0.982400
0 -5.710800 -10.577900 27.649918 -0.777247 -0.566043 -0.274740 0.217400 0.808700
ConmocionLance.jpg
0 -5.710800 -10.577900 27.649918 -0.777247 -0.566043 -0.274740 0.217400 0.808700
0 -9.723700 -7.290276 32.790932 -0.884570 -0.397698 0.243663 0.267300 0.740100
0 -11.068600 2.665577 24.696434 -0.941953 0.333328 0.040218 0.417600 0.872800
ConmocionLance.jpg
0 -5.304000 1.249868 33.412067 -0.585445 0.575734 0.570775 0.392400 0.754200
0 -11.068600 2.665577 24.696434 -0.941953 0.333328 0.040218 0.417600 0.872800
0 -9.723700 -7.290276 32.790932 -0.884570 -0.397698 0.243663 0.267300 0.740100
ConmocionLance.jpg
0 -9.723700 -7.290276 32.790932 -0.884570 -0.397698 0.243663 0.267300 0.740100
0 -6.372701 -4.139309 37.700378 -0.836075 -0.054235 0.545927 0.310500 0.662500
0 -5.304000 1.249868 33.412067 -0.585445 0.575734 0.570775 0.392400 0.754200
ConmocionLance.jpg
0 -9.723700 -7.290276 32.790932 -0.884570 -0.397698 0.243663 0.267300 0.740100
0 -5.710800 -10.577900 27.649918 -0.777247 -0.566043 -0.274740 0.217400 0.808700
0 -1.214200 -13.905375 32.665558 -0.163248 -0.981837 -0.096671 0.160300 0.721300
ConmocionLance.jpg
0 -9.723700 -7.290276 32.790932 -0.884570 -0.397698 0.243663 0.267300 0.740100
0 -0.061000 -14.420334 36.970001 0.429686 -0.902977 -0.001765 0.151700 0.658100
0 -0.061000 -13.704748 40.922009 0.057758 -0.878898 0.473499 0.159800 0.599300
ConmocionLance.jpg
0 -6.372701 -4.139309 37.700378 -0.836075 -0.054235 0.545927 0.310500 0.662500
0 -9.723700 -7.290276 32.790932 -0.884570 -0.397698 0.243663 0.267300 0.740100
0 -0.061000 -13.704748 40.922009 0.057758 -0.878898 0.473499 0.159800 0.599300
ConmocionLance.jpg
0 -0.061000 -13.704748 40.922009 0.057758 -0.878898 0.473499 0.159800 0.599300
0 2.541700 -9.117090 47.078983 0.604803 -0.732807 0.311781 0.226800 0.501300
0 -6.372701 -4.139309 37.700378 -0.836075 -0.054235 0.545927 0.310500 0.662500
ConmocionLance.jpg
0 -1.214200 -13.905375 32.665558 -0.163248 -0.981837 -0.096671 0.160300 0.721300
0 -0.061000 -14.420334 36.970001 0.429686 -0.902977 -0.001765 0.151700 0.658100
0 -9.723700 -7.290276 32.790932 -0.884570 -0.397698 0.243663 0.267300 0.740100
ConmocionLance.jpg
0 2.532300 1.916595 55.851959 0.727829 0.676033 0.115085 0.563600 0.134500
0 2.532300 1.999966 58.169868 0.585712 0.791883 0.172808 0.548100 0.110400
0 5.083600 -4.622192 50.786816 0.978026 -0.162758 0.130285 0.668700 0.125500
ConmocionLance.jpg
0 5.083600 -4.622192 50.786816 0.978026 -0.162758 0.130285 0.668700 0.125500
0 5.460999 -2.301719 48.507671 0.992567 -0.121342 0.009296 0.668000 0.168100
0 2.532300 1.916595 55.851959 0.727829 0.676033 0.115085 0.563600 0.134500
ConmocionLance.jpg
0 5.460999 -2.301719 48.507671 0.992567 -0.121342 0.009296 0.668000 0.168100
0 5.083600 -4.622192 50.786816 0.978026 -0.162758 0.130285 0.668700 0.125500
0 3.492500 -8.354368 45.469513 0.892230 -0.451542 -0.005942 0.748100 0.144600
ConmocionLance.jpg
0 3.492500 -8.354368 45.469513 0.892230 -0.451542 -0.005942 0.748100 0.144600
0 3.492500 -7.266808 43.962517 0.939863 -0.310697 -0.141865 0.753500 0.168300
0 5.460999 -2.301719 48.507671 0.992567 -0.121342 0.009296 0.668000 0.168100
ConmocionLance.jpg
0 2.532300 1.999966 58.169868 0.585712 0.791883 0.172808 0.548100 0.110400
0 2.532300 0.797493 60.267471 0.707147 0.613421 0.351650 0.534100 0.082900
0 3.866500 -7.076607 53.047791 0.976384 -0.157068 0.148336 0.668500 0.084100
ConmocionLance.jpg
0 3.866500 -7.076607 53.047791 0.976384 -0.157068 0.148336 0.668500 0.084100
0 5.083600 -4.622192 50.786816 0.978026 -0.162758 0.130285 0.668700 0.125500
0 2.532300 1.999966 58.169868 0.585712 0.791883 0.172808 0.548100 0.110400
ConmocionLance.jpg
0 5.083600 -4.622192 50.786816 0.978026 -0.162758 0.130285 0.668700 0.125500
0 3.866500 -7.076607 53.047791 0.976384 -0.157068 0.148336 0.668500 0.084100
0 2.541700 -9.117090 47.078983 0.604803 -0.732807 0.311781 0.739800 0.123900
ConmocionLance.jpg
0 2.541700 -9.117090 47.078983 0.604803 -0.732807 0.311781 0.739800 0.123900
0 3.492500 -8.354368 45.469513 0.892230 -0.451542 -0.005942 0.748100 0.144600
0 5.083600 -4.622192 50.786816 0.978026 -0.162758 0.130285 0.668700 0.125500
ConmocionLance.jpg
0 3.492500 -7.266808 43.962517 0.939863 -0.310697 -0.141865 0.753500 0.168300
0 3.492500 -8.354368 45.469513 0.892230 -0.451542 -0.005942 0.748100 0.144600
0 0.652400 -13.084564 39.391857 0.879358 -0.475896 -0.015856 0.849200 0.148300
ConmocionLance.jpg
0 0.652400 -13.084564 39.391857 0.879358 -0.475896 -0.015856 0.849200 0.148300
0 0.958400 -12.234112 37.994400 0.919850 -0.371587 -0.125696 0.855600 0.168700
0 3.492500 -7.266808 43.962517 0.939863 -0.310697 -0.141865 0.753500 0.168300
ConmocionLance.jpg
0 3.492500 -8.354368 45.469513 0.892230 -0.451542 -0.005942 0.748100 0.144600
0 2.541700 -9.117090 47.078983 0.604803 -0.732807 0.311781 0.739800 0.123900
0 -0.061000 -13.704748 40.922009 0.057758 -0.878898 0.473499 0.840500 0.129700
ConmocionLance.jpg
0 -0.061000 -13.704748 40.922009 0.057758 -0.878898 0.473499 0.840500 0.129700
0 0.652400 -13.084564 39.391857 0.879358 -0.475896 -0.015856 0.849200 0.148300
0 3.492500 -8.354368 45.469513 0.892230 -0.451542 -0.005942 0.748100 0.144600
ConmocionLance.jpg
0 -1.214200 -13.905375 32.665558 -0.163248 -0.981837 -0.096671 0.920700 0.168900
0 0.958400 -12.234112 37.994400 0.919850 -0.371587 -0.125696 0.855600 0.168700
0 -0.061000 -14.420334 36.970001 0.429686 -0.902977 -0.001765 0.885600 0.153800
ConmocionLance.jpg
0 0.221100 0.350542 73.728218 0.702434 0.706947 -0.082536 0.208600 0.173200
0 0.769400 0.612331 76.205841 0.846665 0.521455 0.106030 0.173300 0.158700
0 3.705500 -3.319139 71.950699 0.980394 -0.127854 -0.149937 0.244400 0.136700
ConmocionLance.jpg
0 3.705500 -3.319139 71.950699 0.980394 -0.127854 -0.149937 0.244400 0.136700
0 2.744200 -2.074162 69.726730 0.933991 0.224173 -0.278221 0.270100 0.168600
0 0.221100 0.350542 73.728218 0.702434 0.706947 -0.082536 0.208600 0.173200
ConmocionLance.jpg
0 2.744200 -2.074162 69.726730 0.933991 0.224173 -0.278221 0.270100 0.168600
0 3.705500 -3.319139 71.950699 0.980394 -0.127854 -0.149937 0.244400 0.136700
0 0.716100 -4.835022 68.200684 0.665127 -0.504342 -0.550676 0.310100 0.136600
ConmocionLance.jpg
0 0.769400 0.612331 76.205841 0.846665 0.521455 0.106030 0.173300 0.158700
0 0.221100 -0.029554 78.911179 0.884754 0.380217 0.269529 0.136700 0.137900
0 3.199800 -3.920316 74.621902 0.981481 -0.004641 0.191504 0.210800 0.111800
ConmocionLance.jpg
0 3.199800 -3.920316 74.621902 0.981481 -0.004641 0.191504 0.210800 0.111800
0 3.705500 -3.319139 71.950699 0.980394 -0.127854 -0.149937 0.244400 0.136700
0 0.769400 0.612331 76.205841 0.846665 0.521455 0.106030 0.173300 0.158700
ConmocionLance.jpg
0 3.705500 -3.319139 71.950699 0.980394 -0.127854 -0.149937 0.244400 0.136700
0 3.199800 -3.920316 74.621902 0.981481 -0.004641 0.191504 0.210800 0.111800
0 -0.266600 -6.468531 71.308571 0.059438 -0.992361 0.108104 0.277800 0.090800
ConmocionLance.jpg
0 -0.266600 -6.468531 71.308571 0.059438 -0.992361 0.108104 0.277800 0.090800
0 -0.227100 -6.612350 69.125336 0.412193 -0.864285 -0.288286 0.306600 0.110900
0 3.705500 -3.319139 71.950699 0.980394 -0.127854 -0.149937 0.244400 0.136700
ConmocionLance.jpg
0 0.652400 -13.084564 39.391857 0.879358 -0.475896 -0.015856 0.849200 0.148300
0 -0.061000 -13.704748 40.922009 0.057758 -0.878898 0.473499 0.840500 0.129700
0 -0.061000 -14.420334 36.970001 0.429686 -0.902977 -0.001765 0.885600 0.153800
ConmocionLance.jpg
0 2.541700 8.558411 -31.763638 0.649844 0.720539 -0.241921 0.595500 0.377000
0 6.380000 5.553049 -28.956654 0.959051 0.169242 0.227109 0.632400 0.343700
0 6.380000 1.451340 -40.306400 0.949340 -0.020492 -0.313582 0.679600 0.481800
ConmocionLance.jpg
0 6.380000 1.451340 -40.306400 0.949340 -0.020492 -0.313582 0.679600 0.481800
0 2.600900 2.981529 -43.150539 0.853191 0.315136 -0.415637 0.660500 0.515800
0 2.541700 8.558411 -31.763638 0.649844 0.720539 -0.241921 0.595500 0.377000
ConmocionLance.jpg
0 2.600900 2.981529 -43.150539 0.853191 0.315136 -0.415637 0.660500 0.515800
0 6.380000 1.451340 -40.306400 0.949340 -0.020492 -0.313582 0.679600 0.481800
0 -1.109800 -1.044970 -51.813480 0.883484 -0.267860 -0.384328 0.714900 0.633800
ConmocionLance.jpg
0 -1.109800 -1.044970 -51.813480 0.883484 -0.267860 -0.384328 0.714900 0.633800
0 6.380000 1.451340 -40.306400 0.949340 -0.020492 -0.313582 0.679600 0.481800
0 -1.109800 -3.199579 -47.165592 0.639134 -0.744457 -0.193110 0.735700 0.565700
ConmocionLance.jpg
0 2.541700 8.558411 -31.763638 0.649844 0.720539 -0.241921 0.595500 0.377000
0 -1.109800 12.941837 -25.028019 0.004540 0.985224 -0.171210 0.544000 0.294700
0 6.380000 5.553049 -28.956654 0.959051 0.169242 0.227109 0.632400 0.343700
ConmocionLance.jpg
0 -3.856800 7.843657 -13.464960 0.377885 0.458265 0.804485 0.608000 0.159200
0 3.262300 1.990042 -25.017860 0.862398 -0.340436 0.374663 0.676300 0.296900
0 6.380000 5.553049 -28.956654 0.959051 0.169242 0.227109 0.632400 0.343700
ConmocionLance.jpg
0 6.380000 5.553049 -28.956654 0.959051 0.169242 0.227109 0.632400 0.343700
0 3.262300 1.990042 -25.017860 0.862398 -0.340436 0.374663 0.676300 0.296900
0 3.262300 -1.154517 -36.057682 0.741642 -0.663416 0.099230 0.712000 0.431000
ConmocionLance.jpg
0 3.262300 -1.154517 -36.057682 0.741642 -0.663416 0.099230 0.712000 0.431000
0 6.380000 1.451340 -40.306400 0.949340 -0.020492 -0.313582 0.679600 0.481800
0 6.380000 5.553049 -28.956654 0.959051 0.169242 0.227109 0.632400 0.343700
ConmocionLance.jpg
0 -2.726400 12.487183 -16.283339 0.272293 0.794131 0.543334 0.722100 0.907600
0 -12.356000 4.993418 -13.946495 -0.900901 0.433903 0.010270 0.668500 0.845400
0 -3.856800 7.843657 -13.464960 0.377885 0.458265 0.804485 0.699900 0.855000
ConmocionLance.jpg
0 -1.109800 12.941837 -25.028019 0.004540 0.985224 -0.171210 0.671100 0.988800
0 -9.702100 5.060782 -18.532970 -0.853323 0.174835 -0.491195 0.637900 0.887300
0 -12.356000 4.993418 -13.946495 -0.900901 0.433903 0.010270 0.668500 0.845400
ConmocionLance.jpg
0 -12.356000 4.993418 -13.946495 -0.900901 0.433903 0.010270 0.668500 0.845400
0 -9.702100 5.060782 -18.532970 -0.853323 0.174835 -0.491195 0.637900 0.887300
0 -8.571900 -6.239347 -17.232851 -0.799709 -0.495347 -0.339260 0.559000 0.778100
ConmocionLance.jpg
0 -8.571900 -6.239347 -17.232851 -0.799709 -0.495347 -0.339260 0.559000 0.778100
0 -11.798300 -6.241093 -8.886951 -0.881469 -0.454826 -0.127065 0.609900 0.710100
0 -12.356000 4.993418 -13.946495 -0.900901 0.433903 0.010270 0.668500 0.845400
ConmocionLance.jpg
0 -11.770900 1.635567 -8.259321 -0.891401 0.309871 0.330731 0.680200 0.772500
0 -12.356000 4.993418 -13.946495 -0.900901 0.433903 0.010270 0.668500 0.845400
0 -11.798300 -6.241093 -8.886951 -0.881469 -0.454826 -0.127065 0.609900 0.710100
ConmocionLance.jpg
0 -0.971900 -14.791508 -8.847319 -0.223523 -0.927458 -0.299765 0.536700 0.613700
0 -0.971900 -17.993242 -0.930535 -0.114131 -0.976159 -0.184627 0.590800 0.512100
0 -11.798300 -6.241093 -8.886951 -0.881469 -0.454826 -0.127065 0.609900 0.710100
ConmocionLance.jpg
0 -11.798300 -6.241093 -8.886951 -0.881469 -0.454826 -0.127065 0.609900 0.710100
0 -0.971900 -17.993242 -0.930535 -0.114131 -0.976159 -0.184627 0.590800 0.512100
0 -9.994600 -9.284315 -1.578925 -0.850060 -0.526179 0.023108 0.649300 0.606200
ConmocionLance.jpg
0 -8.571900 -6.239347 -17.232851 -0.799709 -0.495347 -0.339260 0.559000 0.778100
0 -0.971900 -12.248255 -18.825226 0.452349 -0.818955 -0.353118 0.492600 0.736600
0 -0.971900 -14.791508 -8.847319 -0.223523 -0.927458 -0.299765 0.536700 0.613700
ConmocionLance.jpg
0 2.532300 1.999966 58.169868 0.585712 0.791883 0.172808 0.548100 0.110400
0 2.532300 1.916595 55.851959 0.727829 0.676033 0.115085 0.563600 0.134500
0 -5.679400 -0.402464 61.799347 -0.899492 0.396705 -0.183137 0.447000 0.106200
ConmocionLance.jpg
0 2.532300 1.999966 58.169868 0.585712 0.791883 0.172808 0.548100 0.110400
0 -5.679400 -0.402464 61.799347 -0.899492 0.396705 -0.183137 0.447000 0.106200
0 -5.679400 0.062086 63.666016 -0.600392 0.785083 0.152230 0.436400 0.084700
ConmocionLance.jpg
0 -5.679400 -0.402464 61.799347 -0.899492 0.396705 -0.183137 0.447000 0.106200
0 -2.699200 -5.757776 67.122406 -0.428036 -0.881356 -0.199994 0.350600 0.108000
0 -4.941600 -3.396957 67.297638 -0.846910 -0.531248 0.022802 0.375000 0.085600
ConmocionLance.jpg
0 -2.699200 -5.757776 67.122406 -0.428036 -0.881356 -0.199994 0.350600 0.108000
0 -0.227100 -6.612350 69.125336 0.412193 -0.864285 -0.288286 0.306600 0.110900
0 -0.266600 -6.468531 71.308571 0.059438 -0.992361 0.108104 0.277800 0.090800
ConmocionLance.jpg
0 0.562700 14.434191 18.577913 0.092188 0.994737 -0.044722 0.178000 0.342000
0 9.357100 1.886293 17.604853 0.937179 0.314761 0.150405 0.336700 0.349200
0 4.634800 5.468485 8.628563 0.827613 0.533486 -0.174496 0.293100 0.449000
ConmocionLance.jpg
0 0.562800 10.823183 25.525093 0.297882 0.719994 0.626797 0.201700 0.243100
0 0.562800 4.177405 31.096531 0.485710 0.561576 0.669864 0.312700 0.173700
0 5.569600 -1.570818 24.974510 0.875031 0.162019 0.456148 0.378600 0.231100
ConmocionLance.jpg
0 -0.227100 -6.612350 69.125336 0.412193 -0.864285 -0.288286 0.306600 0.110900
0 -2.699200 -5.757776 67.122406 -0.428036 -0.881356 -0.199994 0.350600 0.108000
0 0.716100 -4.835022 68.200684 0.665127 -0.504342 -0.550676 0.310100 0.136600
ConmocionLance.jpg
0 3.705500 -3.319139 71.950699 0.980394 -0.127854 -0.149937 0.244400 0.136700
0 -0.227100 -6.612350 69.125336 0.412193 -0.864285 -0.288286 0.306600 0.110900
0 0.716100 -4.835022 68.200684 0.665127 -0.504342 -0.550676 0.310100 0.136600
ConmocionLance.jpg
0 -0.266600 -6.468531 71.308571 0.059438 -0.992361 0.108104 0.277800 0.090800
0 -4.941600 -3.396957 67.297638 -0.846910 -0.531248 0.022802 0.375000 0.085600
0 -2.699200 -5.757776 67.122406 -0.428036 -0.881356 -0.199994 0.350600 0.108000
ConmocionLance.jpg
0 -4.941600 -3.396957 67.297638 -0.846910 -0.531248 0.022802 0.375000 0.085600
0 -5.679400 0.062086 63.666016 -0.600392 0.785083 0.152230 0.436400 0.084700
0 -5.679400 -0.402464 61.799347 -0.899492 0.396705 -0.183137 0.447000 0.106200
ConmocionLance.jpg
0 -5.679400 0.062086 63.666016 -0.600392 0.785083 0.152230 0.436400 0.084700
0 2.532300 0.797493 60.267471 0.707147 0.613421 0.351650 0.534100 0.082900
0 2.532300 1.999966 58.169868 0.585712 0.791883 0.172808 0.548100 0.110400
ConmocionLance.jpg
0 -12.356000 4.993418 -13.946495 -0.900901 0.433903 0.010270 0.668500 0.845400
0 -11.770900 1.635567 -8.259321 -0.891401 0.309871 0.330731 0.680200 0.772500
0 -3.856800 7.843657 -13.464960 0.377885 0.458265 0.804485 0.699900 0.855000
ConmocionLance.jpg
0 -0.971900 -17.993242 -0.930535 -0.114131 -0.976159 -0.184627 0.590800 0.512100
0 -0.971900 -18.410139 6.670605 -0.146618 -0.987709 -0.054172 0.597200 0.415900
0 -9.994600 -9.284315 -1.578925 -0.850060 -0.526179 0.023108 0.649300 0.606200
ConmocionLance.jpg
0 -11.798300 -6.241093 -8.886951 -0.881469 -0.454826 -0.127065 0.609900 0.710100
0 -9.994600 -9.284315 -1.578925 -0.850060 -0.526179 0.023108 0.649300 0.606200
0 -11.770900 1.635567 -8.259321 -0.891401 0.309871 0.330731 0.680200 0.772500
ConmocionLance.jpg
0 7.607200 -4.138676 -2.057197 -0.951170 -0.024709 0.307677 0.403200 0.553900
0 3.727800 -9.773912 -11.309860 -0.756794 0.579299 0.302780 0.467800 0.648100
0 6.851100 -13.861187 1.149873 -0.698006 0.679550 0.225830 0.524600 0.496600
ConmocionLance.jpg
0 6.851100 -13.861187 1.149873 -0.698006 0.679550 0.225830 0.524600 0.496600
0 11.380600 -8.286381 7.639566 -0.987696 0.149895 0.044579 0.457500 0.430700
0 7.607200 -4.138676 -2.057197 -0.951170 -0.024709 0.307677 0.403200 0.553900
ConmocionLance.jpg
0 3.727800 -9.773912 -11.309860 -0.756794 0.579299 0.302780 0.467800 0.648100
0 -0.970800 -12.160557 -18.453503 0.255341 0.936622 0.239877 0.492600 0.736600
0 -0.970800 -14.669367 -8.577002 -0.111606 0.933113 0.341826 0.536700 0.613700
ConmocionLance.jpg
0 -0.970800 -14.669367 -8.577002 -0.111606 0.933113 0.341826 0.536700 0.613700
0 6.851100 -13.861187 1.149873 -0.698006 0.679550 0.225830 0.524600 0.496600
0 3.727800 -9.773912 -11.309860 -0.756794 0.579299 0.302780 0.467800 0.648100
ConmocionLance.jpg
0 -0.970800 -14.669367 -8.577002 -0.111606 0.933113 0.341826 0.536700 0.613700
0 -0.970800 -17.828251 -0.744383 0.251073 0.942638 0.219989 0.590800 0.512100
0 6.851100 -13.861187 1.149873 -0.698006 0.679550 0.225830 0.524600 0.496600
ConmocionLance.jpg
0 8.559300 1.840567 17.661060 -0.936196 -0.290379 -0.198033 0.336700 0.349200
0 11.380600 -8.286381 7.639566 -0.987696 0.149895 0.044579 0.457500 0.430700
0 7.592299 -10.772972 16.635036 -0.907442 0.303501 -0.290579 0.491200 0.295600
ConmocionLance.jpg
0 7.592299 -10.772972 16.635036 -0.907442 0.303501 -0.290579 0.491200 0.295600
0 5.516900 -1.583836 24.933434 -0.889932 -0.184007 -0.417328 0.378600 0.231100
0 8.559300 1.840567 17.661060 -0.936196 -0.290379 -0.198033 0.336700 0.349200
ConmocionLance.jpg
0 6.851100 -13.861187 1.149873 -0.698006 0.679550 0.225830 0.524600 0.496600
0 -0.970800 -17.828251 -0.744383 0.251073 0.942638 0.219989 0.590800 0.512100
0 -0.970800 -18.241341 6.777870 -0.090337 0.994260 0.057328 0.597200 0.415900
ConmocionLance.jpg
0 -0.970800 -18.241341 6.777870 -0.090337 0.994260 0.057328 0.597200 0.415900
0 3.727800 -16.082960 10.946341 -0.650300 0.758055 -0.049627 0.564500 0.357900
0 6.851100 -13.861187 1.149873 -0.698006 0.679550 0.225830 0.524600 0.496600
ConmocionLance.jpg
0 0.549100 10.665257 25.496338 -0.313156 -0.722690 -0.616159 0.201700 0.243100
0 8.559300 1.840567 17.661060 -0.936196 -0.290379 -0.198033 0.336700 0.349200
0 5.516900 -1.583836 24.933434 -0.889932 -0.184007 -0.417328 0.378600 0.231100
ConmocionLance.jpg
0 4.582100 5.388393 8.767282 -0.859029 -0.488119 0.154299 0.293100 0.449000
0 0.549100 14.258280 18.630589 -0.109889 -0.993239 0.037421 0.178000 0.342000
0 0.549100 13.343517 14.217079 -0.016054 -0.979063 0.202925 0.190200 0.390300
ConmocionLance.jpg
0 8.559300 1.840567 17.661060 -0.936196 -0.290379 -0.198033 0.336700 0.349200
0 0.549100 10.665257 25.496338 -0.313156 -0.722690 -0.616159 0.201700 0.243100
0 0.549100 14.258280 18.630589 -0.109889 -0.993239 0.037421 0.178000 0.342000
ConmocionLance.jpg
0 4.582100 5.388393 8.767282 -0.859029 -0.488119 0.154299 0.293100 0.449000
0 7.607200 -4.138676 -2.057197 -0.951170 -0.024709 0.307677 0.403200 0.553900
0 11.380600 -8.286381 7.639566 -0.987696 0.149895 0.044579 0.457500 0.430700
ConmocionLance.jpg
0 11.380600 -8.286381 7.639566 -0.987696 0.149895 0.044579 0.457500 0.430700
0 8.559300 1.840567 17.661060 -0.936196 -0.290379 -0.198033 0.336700 0.349200
0 4.582100 5.388393 8.767282 -0.859029 -0.488119 0.154299 0.293100 0.449000
ConmocionLance.jpg
0 3.727800 -16.082960 10.946341 -0.650300 0.758055 -0.049627 0.564500 0.357900
0 7.592299 -10.772972 16.635036 -0.907442 0.303501 -0.290579 0.491200 0.295600
0 11.380600 -8.286381 7.639566 -0.987696 0.149895 0.044579 0.457500 0.430700
ConmocionLance.jpg
0 11.380600 -8.286381 7.639566 -0.987696 0.149895 0.044579 0.457500 0.430700
0 6.851100 -13.861187 1.149873 -0.698006 0.679550 0.225830 0.524600 0.496600
0 3.727800 -16.082960 10.946341 -0.650300 0.758055 -0.049627 0.564500 0.357900
ConmocionLance.jpg
0 0.549100 14.258280 18.630589 -0.109889 -0.993239 0.037421 0.598000 0.933500
0 -10.995800 2.612486 24.686058 0.941726 -0.333973 -0.040173 0.417600 0.872800
0 -6.597800 2.609516 16.763302 0.899475 -0.240482 0.364847 0.417500 0.982400
ConmocionLance.jpg
0 -6.597800 2.609516 16.763302 0.899475 -0.240482 0.364847 0.417500 0.982400
0 0.549100 13.343517 14.217079 -0.016054 -0.979063 0.202925 0.582500 0.993200
0 0.549100 14.258280 18.630589 -0.109889 -0.993239 0.037421 0.598000 0.933500
ConmocionLance.jpg
0 0.549100 10.665257 25.496338 -0.313156 -0.722690 -0.616159 0.568000 0.812700
0 -10.995800 2.612486 24.686058 0.941726 -0.333973 -0.040173 0.417600 0.872800
0 0.549100 14.258280 18.630589 -0.109889 -0.993239 0.037421 0.598000 0.933500
ConmocionLance.jpg
0 0.549100 4.109570 31.009300 -0.486510 -0.562311 -0.668667 0.427900 0.730600
0 -5.261500 1.210450 33.325447 0.583962 -0.576543 -0.571477 0.392400 0.754200
0 0.549100 10.665257 25.496338 -0.313156 -0.722690 -0.616159 0.568000 0.812700
ConmocionLance.jpg
0 0.549100 10.665257 25.496338 -0.313156 -0.722690 -0.616159 0.568000 0.812700
0 -5.261500 1.210450 33.325447 0.583962 -0.576543 -0.571477 0.392400 0.754200
0 -10.995800 2.612486 24.686058 0.941726 -0.333973 -0.040173 0.417600 0.872800
ConmocionLance.jpg
0 -10.995800 2.612486 24.686058 0.941726 -0.333973 -0.040173 0.417600 0.872800
0 -9.654900 -7.248224 32.690369 0.883306 0.399425 -0.245418 0.267300 0.740100
0 -5.664400 -10.504284 27.598621 0.775555 0.568368 0.274722 0.217400 0.808700
ConmocionLance.jpg
0 -5.664400 -10.504284 27.598621 0.775555 0.568368 0.274722 0.217400 0.808700
0 -6.597800 2.609516 16.763302 0.899475 -0.240482 0.364847 0.417500 0.982400
0 -10.995800 2.612486 24.686058 0.941726 -0.333973 -0.040173 0.417600 0.872800
ConmocionLance.jpg
0 -5.261500 1.210450 33.325447 0.583962 -0.576543 -0.571477 0.392400 0.754200
0 -6.319901 -4.127487 37.552750 0.837630 0.053221 -0.543639 0.310500 0.662500
0 -9.654900 -7.248224 32.690369 0.883306 0.399425 -0.245418 0.267300 0.740100
ConmocionLance.jpg
0 -9.654900 -7.248224 32.690369 0.883306 0.399425 -0.245418 0.267300 0.740100
0 -10.995800 2.612486 24.686058 0.941726 -0.333973 -0.040173 0.417600 0.872800
0 -5.261500 1.210450 33.325447 0.583962 -0.576543 -0.571477 0.392400 0.754200
ConmocionLance.jpg
0 -9.654900 -7.248224 32.690369 0.883306 0.399425 -0.245418 0.267300 0.740100
0 -1.210900 -13.734922 32.666878 0.167886 0.984538 0.049990 0.160300 0.721300
0 -5.664400 -10.504284 27.598621 0.775555 0.568368 0.274722 0.217400 0.808700
ConmocionLance.jpg
0 -9.654900 -7.248224 32.690369 0.883306 0.399425 -0.245418 0.267300 0.740100
0 -0.189600 -13.444973 40.740757 -0.003208 0.885938 -0.463793 0.159800 0.599300
0 -0.368700 -14.002604 36.825081 -0.336744 0.941596 -0.000808 0.151700 0.658100
ConmocionLance.jpg
0 -6.319901 -4.127487 37.552750 0.837630 0.053221 -0.543639 0.310500 0.662500
0 2.294500 -8.897655 46.838718 -0.523416 0.773715 -0.356933 0.226800 0.501300
0 -0.189600 -13.444973 40.740757 -0.003208 0.885938 -0.463793 0.159800 0.599300
ConmocionLance.jpg
0 -0.189600 -13.444973 40.740757 -0.003208 0.885938 -0.463793 0.159800 0.599300
0 -9.654900 -7.248224 32.690369 0.883306 0.399425 -0.245418 0.267300 0.740100
0 -6.319901 -4.127487 37.552750 0.837630 0.053221 -0.543639 0.310500 0.662500
ConmocionLance.jpg
0 -1.210900 -13.734922 32.666878 0.167886 0.984538 0.049990 0.160300 0.721300
0 -9.654900 -7.248224 32.690369 0.883306 0.399425 -0.245418 0.267300 0.740100
0 -0.368700 -14.002604 36.825081 -0.336744 0.941596 -0.000808 0.151700 0.658100
ConmocionLance.jpg
0 2.499700 1.880173 55.742073 -0.726832 -0.677439 -0.113102 0.563600 0.134500
0 5.400300 -2.307505 48.256535 -0.991381 0.131005 -0.000717 0.668000 0.168100
0 5.026600 -4.605658 50.513863 -0.967843 0.201374 -0.150757 0.668700 0.125500
ConmocionLance.jpg
0 5.026600 -4.605658 50.513863 -0.967843 0.201374 -0.150757 0.668700 0.125500
0 2.499700 1.966278 58.039246 -0.593786 -0.780954 -0.193725 0.548100 0.110400
0 2.499700 1.880173 55.742073 -0.726832 -0.677439 -0.113102 0.563600 0.134500
ConmocionLance.jpg
0 5.400300 -2.307505 48.256535 -0.991381 0.131005 -0.000717 0.668000 0.168100
0 3.354600 -7.225655 43.850384 -0.934923 0.327730 0.136057 0.753500 0.168300
0 3.354600 -8.302773 45.342918 -0.872962 0.487470 -0.017636 0.748100 0.144600
ConmocionLance.jpg
0 3.354600 -8.302773 45.342918 -0.872962 0.487470 -0.017636 0.748100 0.144600
0 5.026600 -4.605658 50.513863 -0.967843 0.201374 -0.150757 0.668700 0.125500
0 5.400300 -2.307505 48.256535 -0.991381 0.131005 -0.000717 0.668000 0.168100
ConmocionLance.jpg
0 2.499700 1.966278 58.039246 -0.593786 -0.780954 -0.193725 0.548100 0.110400
0 5.026600 -4.605658 50.513863 -0.967843 0.201374 -0.150757 0.668700 0.125500
0 3.606600 -6.876770 52.750366 -0.963925 0.206432 -0.168032 0.668500 0.084100
ConmocionLance.jpg
0 3.606600 -6.876770 52.750366 -0.963925 0.206432 -0.168032 0.668500 0.084100
0 2.499700 0.768135 59.903412 -0.725862 -0.578632 -0.371900 0.534100 0.082900
0 2.499700 1.966278 58.039246 -0.593786 -0.780954 -0.193725 0.548100 0.110400
ConmocionLance.jpg
0 5.026600 -4.605658 50.513863 -0.967843 0.201374 -0.150757 0.668700 0.125500
0 3.354600 -8.302773 45.342918 -0.872962 0.487470 -0.017636 0.748100 0.144600
0 2.294500 -8.897655 46.838718 -0.523416 0.773715 -0.356933 0.739800 0.123900
ConmocionLance.jpg
0 2.294500 -8.897655 46.838718 -0.523416 0.773715 -0.356933 0.739800 0.123900
0 3.606600 -6.876770 52.750366 -0.963925 0.206432 -0.168032 0.668500 0.084100
0 5.026600 -4.605658 50.513863 -0.967843 0.201374 -0.150757 0.668700 0.125500
ConmocionLance.jpg
0 3.354600 -7.225655 43.850384 -0.934923 0.327730 0.136057 0.753500 0.168300
0 0.853700 -12.143061 37.939400 -0.877547 0.469000 0.099749 0.855600 0.168700
0 0.469400 -12.985243 39.323521 -0.841992 0.539154 0.019044 0.849200 0.148300
ConmocionLance.jpg
0 0.469400 -12.985243 39.323521 -0.841992 0.539154 0.019044 0.849200 0.148300
0 3.354600 -8.302773 45.342918 -0.872962 0.487470 -0.017636 0.748100 0.144600
0 3.354600 -7.225655 43.850384 -0.934923 0.327730 0.136057 0.753500 0.168300
ConmocionLance.jpg
0 3.354600 -8.302773 45.342918 -0.872962 0.487470 -0.017636 0.748100 0.144600
0 0.469400 -12.985243 39.323521 -0.841992 0.539154 0.019044 0.849200 0.148300
0 -0.189600 -13.444973 40.740757 -0.003208 0.885938 -0.463793 0.840500 0.129700
ConmocionLance.jpg
0 -0.189600 -13.444973 40.740757 -0.003208 0.885938 -0.463793 0.840500 0.129700
0 2.294500 -8.897655 46.838718 -0.523416 0.773715 -0.356933 0.739800 0.123900
0 3.354600 -8.302773 45.342918 -0.872962 0.487470 -0.017636 0.748100 0.144600
ConmocionLance.jpg
0 0.853700 -12.143061 37.939400 -0.877547 0.469000 0.099749 0.855600 0.168700
0 -1.210900 -13.734922 32.666878 0.167886 0.984538 0.049990 0.920700 0.168900
0 -0.368700 -14.002604 36.825081 -0.336744 0.941596 -0.000808 0.885600 0.153800
ConmocionLance.jpg
0 -0.368700 -14.002604 36.825081 -0.336744 0.941596 -0.000808 0.885600 0.153800
0 0.469400 -12.985243 39.323521 -0.841992 0.539154 0.019044 0.849200 0.148300
0 0.853700 -12.143061 37.939400 -0.877547 0.469000 0.099749 0.855600 0.168700
ConmocionLance.jpg
0 0.131700 0.327240 73.687714 -0.700471 -0.708648 0.084603 0.208600 0.173200
0 2.636300 -2.076485 69.702469 -0.934383 -0.229919 0.272151 0.270100 0.168600
0 3.602100 -3.307148 71.978683 -0.980016 0.137484 0.143762 0.244400 0.136700
ConmocionLance.jpg
0 3.602100 -3.307148 71.978683 -0.980016 0.137484 0.143762 0.244400 0.136700
0 0.697000 0.590483 76.215118 -0.853468 -0.507956 -0.116505 0.173300 0.158700
0 0.131700 0.327240 73.687714 -0.700471 -0.708648 0.084603 0.208600 0.173200
ConmocionLance.jpg
0 2.636300 -2.076485 69.702469 -0.934383 -0.229919 0.272151 0.270100 0.168600
0 0.700900 -4.792055 68.181114 -0.665733 0.526093 0.529174 0.310100 0.136600
0 3.602100 -3.307148 71.978683 -0.980016 0.137484 0.143762 0.244400 0.136700
ConmocionLance.jpg
0 0.697000 0.590483 76.215118 -0.853468 -0.507956 -0.116505 0.173300 0.158700
0 3.602100 -3.307148 71.978683 -0.980016 0.137484 0.143762 0.244400 0.136700
0 3.172000 -3.911367 74.120468 -0.982014 0.023240 -0.187371 0.210800 0.111800
ConmocionLance.jpg
0 3.172000 -3.911367 74.120468 -0.982014 0.023240 -0.187371 0.210800 0.111800
0 0.147800 -0.048561 78.854286 -0.890954 -0.362695 -0.273226 0.136700 0.137900
0 0.697000 0.590483 76.215118 -0.853468 -0.507956 -0.116505 0.173300 0.158700
ConmocionLance.jpg
0 3.602100 -3.307148 71.978683 -0.980016 0.137484 0.143762 0.244400 0.136700
0 -0.233200 -6.469368 69.174667 -0.396604 0.878995 0.264714 0.306600 0.110900
0 -0.272300 -6.309029 71.289886 -0.048798 0.993836 -0.099543 0.277800 0.090800
ConmocionLance.jpg
0 -0.272300 -6.309029 71.289886 -0.048798 0.993836 -0.099543 0.277800 0.090800
0 3.172000 -3.911367 74.120468 -0.982014 0.023240 -0.187371 0.210800 0.111800
0 3.602100 -3.307148 71.978683 -0.980016 0.137484 0.143762 0.244400 0.136700
ConmocionLance.jpg
0 0.469400 -12.985243 39.323521 -0.841992 0.539154 0.019044 0.849200 0.148300
0 -0.368700 -14.002604 36.825081 -0.336744 0.941596 -0.000808 0.885600 0.153800
0 -0.189600 -13.444973 40.740757 -0.003208 0.885938 -0.463793 0.840500 0.129700
ConmocionLance.jpg
0 2.409400 8.448635 -31.245644 -0.761046 -0.622660 0.181942 0.595500 0.377000
0 2.468700 2.925171 -42.523457 -0.952233 0.015831 0.304962 0.660500 0.515800
0 5.117400 1.409599 -39.706570 -0.963422 0.034387 0.265773 0.679600 0.481800
ConmocionLance.jpg
0 5.117400 1.409599 -39.706570 -0.963422 0.034387 0.265773 0.679600 0.481800
0 5.117400 5.471998 -28.465569 -0.966710 -0.198629 -0.161301 0.632400 0.343700
0 2.409400 8.448635 -31.245644 -0.761046 -0.622660 0.181942 0.595500 0.377000
ConmocionLance.jpg
0 2.468700 2.925171 -42.523457 -0.952233 0.015831 0.304962 0.660500 0.515800
0 -1.107400 -0.962398 -51.649498 -0.831769 0.547313 0.092787 0.713600 0.639700
0 -1.107400 -1.056608 -51.093681 -0.897478 0.286287 0.335518 0.714900 0.633800
ConmocionLance.jpg
0 -1.107400 -1.056608 -51.093681 -0.897478 0.286287 0.335518 0.714900 0.633800
0 5.117400 1.409599 -39.706570 -0.963422 0.034387 0.265773 0.679600 0.481800
0 2.468700 2.925171 -42.523457 -0.952233 0.015831 0.304962 0.660500 0.515800
ConmocionLance.jpg
0 5.117400 1.409599 -39.706570 -0.963422 0.034387 0.265773 0.679600 0.481800
0 -1.107400 -1.056608 -51.093681 -0.897478 0.286287 0.335518 0.714900 0.633800
0 -1.107400 -3.195665 -46.499947 -0.716399 0.667145 0.204179 0.735700 0.565700
ConmocionLance.jpg
0 -1.107400 -3.195665 -46.499947 -0.716399 0.667145 0.204179 0.735700 0.565700
0 3.130000 -1.171257 -35.498505 -0.847062 0.529317 -0.048065 0.712000 0.431000
0 5.117400 1.409599 -39.706570 -0.963422 0.034387 0.265773 0.679600 0.481800
ConmocionLance.jpg
0 -1.107400 12.790028 -24.574581 -0.063263 -0.995850 0.065421 0.544000 0.294700
0 2.409400 8.448635 -31.245644 -0.761046 -0.622660 0.181942 0.595500 0.377000
0 5.117400 5.471998 -28.465569 -0.966710 -0.198629 -0.161301 0.632400 0.343700
ConmocionLance.jpg
0 5.117400 5.471998 -28.465569 -0.966710 -0.198629 -0.161301 0.632400 0.343700
0 -3.100500 11.713072 -16.580667 -0.495552 -0.633467 -0.594263 0.555100 0.189100
0 -1.107400 12.790028 -24.574581 -0.063263 -0.995850 0.065421 0.544000 0.294700
ConmocionLance.jpg
0 -3.100500 11.713072 -16.580667 -0.495552 -0.633467 -0.594263 0.555100 0.189100
0 5.117400 5.471998 -28.465569 -0.966710 -0.198629 -0.161301 0.632400 0.343700
0 3.130000 1.943151 -24.564480 -0.919492 0.042634 -0.390789 0.676300 0.296900
ConmocionLance.jpg
0 3.130000 1.943151 -24.564480 -0.919492 0.042634 -0.390789 0.676300 0.296900
0 -3.828100 7.727173 -13.898796 -0.161982 -0.646210 -0.745771 0.608000 0.159200
0 -3.100500 11.713072 -16.580667 -0.495552 -0.633467 -0.594263 0.555100 0.189100
ConmocionLance.jpg
0 5.117400 5.471998 -28.465569 -0.966710 -0.198629 -0.161301 0.632400 0.343700
0 5.117400 1.409599 -39.706570 -0.963422 0.034387 0.265773 0.679600 0.481800
0 3.130000 -1.171257 -35.498505 -0.847062 0.529317 -0.048065 0.712000 0.431000
ConmocionLance.jpg
0 3.130000 -1.171257 -35.498505 -0.847062 0.529317 -0.048065 0.712000 0.431000
0 3.130000 1.943151 -24.564480 -0.919492 0.042634 -0.390789 0.676300 0.296900
0 5.117400 5.471998 -28.465569 -0.966710 -0.198629 -0.161301 0.632400 0.343700
ConmocionLance.jpg
0 -3.100500 11.713072 -16.580667 -0.495552 -0.633467 -0.594263 0.722100 0.907600
0 -3.828100 7.727173 -13.898796 -0.161982 -0.646210 -0.745771 0.699900 0.855000
0 -11.685600 4.914463 -13.788990 0.898326 -0.438522 -0.026632 0.668500 0.845400
ConmocionLance.jpg
0 -1.107400 12.790028 -24.574581 -0.063263 -0.995850 0.065421 0.671100 0.988800
0 -3.100500 11.713072 -16.580667 -0.495552 -0.633467 -0.594263 0.722100 0.907600
0 -11.685600 4.914463 -13.788990 0.898326 -0.438522 -0.026632 0.668500 0.845400
ConmocionLance.jpg
0 -11.685600 4.914463 -13.788990 0.898326 -0.438522 -0.026632 0.668500 0.845400
0 -9.621900 4.984507 -18.141773 0.883736 -0.215291 0.415524 0.637900 0.887300
0 -1.107400 12.790028 -24.574581 -0.063263 -0.995850 0.065421 0.671100 0.988800
ConmocionLance.jpg
0 -11.685600 4.914463 -13.788990 0.898326 -0.438522 -0.026632 0.668500 0.845400
0 -11.049100 -6.209293 -8.600464 0.844578 0.508466 0.167780 0.609900 0.710100
0 -8.502500 -6.207691 -16.874453 0.868285 0.378667 0.320457 0.559000 0.778100
ConmocionLance.jpg
0 -8.502500 -6.207691 -16.874453 0.868285 0.378667 0.320457 0.559000 0.778100
0 -9.621900 4.984507 -18.141773 0.883736 -0.215291 0.415524 0.637900 0.887300
0 -11.685600 4.914463 -13.788990 0.898326 -0.438522 -0.026632 0.668500 0.845400
ConmocionLance.jpg
0 -11.674800 1.583034 -8.489651 0.932941 -0.267834 -0.240594 0.680200 0.772500
0 -11.049100 -6.209293 -8.600464 0.844578 0.508466 0.167780 0.609900 0.710100
0 -11.685600 4.914463 -13.788990 0.898326 -0.438522 -0.026632 0.668500 0.845400
ConmocionLance.jpg
0 -0.970800 -14.669367 -8.577002 -0.111606 0.933113 0.341826 0.536700 0.613700
0 -11.049100 -6.209293 -8.600464 0.844578 0.508466 0.167780 0.609900 0.710100
0 -0.970800 -17.828251 -0.744383 0.251073 0.942638 0.219989 0.590800 0.512100
ConmocionLance.jpg
0 -11.049100 -6.209293 -8.600464 0.844578 0.508466 0.167780 0.609900 0.710100
0 -9.911600 -9.220913 -1.378599 0.840097 0.541034 0.038973 0.649300 0.606200
0 -0.970800 -17.828251 -0.744383 0.251073 0.942638 0.219989 0.590800 0.512100
ConmocionLance.jpg
0 -0.970800 -12.160557 -18.453503 0.255341 0.936622 0.239877 0.492600 0.736600
0 -8.502500 -6.207691 -16.874453 0.868285 0.378667 0.320457 0.559000 0.778100
0 -11.049100 -6.209293 -8.600464 0.844578 0.508466 0.167780 0.609900 0.710100
ConmocionLance.jpg
0 -11.049100 -6.209293 -8.600464 0.844578 0.508466 0.167780 0.609900 0.710100
0 -0.970800 -14.669367 -8.577002 -0.111606 0.933113 0.341826 0.536700 0.613700
0 -0.970800 -12.160557 -18.453503 0.255341 0.936622 0.239877 0.492600 0.736600
ConmocionLance.jpg
0 2.499700 1.966278 58.039246 -0.593786 -0.780954 -0.193725 0.548100 0.110400
0 -5.523900 -0.548365 61.794685 0.907132 -0.383454 0.173422 0.447000 0.106200
0 2.499700 1.880173 55.742073 -0.726832 -0.677439 -0.113102 0.563600 0.134500
ConmocionLance.jpg
0 2.499700 1.966278 58.039246 -0.593786 -0.780954 -0.193725 0.548100 0.110400
0 -5.523900 -0.088225 63.643547 0.604807 -0.776389 -0.177283 0.436400 0.084700
0 -5.523900 -0.548365 61.794685 0.907132 -0.383454 0.173422 0.447000 0.106200
ConmocionLance.jpg
0 -5.523900 -0.548365 61.794685 0.907132 -0.383454 0.173422 0.447000 0.106200
0 -4.778700 -3.385153 67.269333 0.845200 0.533723 -0.027872 0.375000 0.085600
0 -2.681600 -5.595825 67.083878 0.433529 0.882353 0.183049 0.350600 0.108000
ConmocionLance.jpg
0 -2.681600 -5.595825 67.083878 0.433529 0.882353 0.183049 0.350600 0.108000
0 -0.272300 -6.309029 71.289886 -0.048798 0.993836 -0.099543 0.277800 0.090800
0 -0.233200 -6.469368 69.174667 -0.396604 0.878995 0.264714 0.306600 0.110900
ConmocionLance.jpg
0 0.549100 14.258280 18.630589 -0.109889 -0.993239 0.037421 0.178000 0.342000
0 4.582100 5.388393 8.767282 -0.859029 -0.488119 0.154299 0.293100 0.449000
0 8.559300 1.840567 17.661060 -0.936196 -0.290379 -0.198033 0.336700 0.349200
ConmocionLance.jpg
0 0.549100 10.665257 25.496338 -0.313156 -0.722690 -0.616159 0.201700 0.243100
0 5.516900 -1.583836 24.933434 -0.889932 -0.184007 -0.417328 0.378600 0.231100
0 0.549100 4.109570 31.009300 -0.486510 -0.562311 -0.668667 0.312700 0.173700
ConmocionLance.jpg
0 -0.233200 -6.469368 69.174667 -0.396604 0.878995 0.264714 0.306600 0.110900
0 0.700900 -4.792055 68.181114 -0.665733 0.526093 0.529174 0.310100 0.136600
0 -2.681600 -5.595825 67.083878 0.433529 0.882353 0.183049 0.350600 0.108000
ConmocionLance.jpg
0 3.602100 -3.307148 71.978683 -0.980016 0.137484 0.143762 0.244400 0.136700
0 0.700900 -4.792055 68.181114 -0.665733 0.526093 0.529174 0.310100 0.136600
0 -0.233200 -6.469368 69.174667 -0.396604 0.878995 0.264714 0.306600 0.110900
ConmocionLance.jpg
0 -0.272300 -6.309029 71.289886 -0.048798 0.993836 -0.099543 0.277800 0.090800
0 -2.681600 -5.595825 67.083878 0.433529 0.882353 0.183049 0.350600 0.108000
0 -4.778700 -3.385153 67.269333 0.845200 0.533723 -0.027872 0.375000 0.085600
ConmocionLance.jpg
0 -4.778700 -3.385153 67.269333 0.845200 0.533723 -0.027872 0.375000 0.085600
0 -5.523900 -0.548365 61.794685 0.907132 -0.383454 0.173422 0.447000 0.106200
0 -5.523900 -0.088225 63.643547 0.604807 -0.776389 -0.177283 0.436400 0.084700
ConmocionLance.jpg
0 -5.523900 -0.088225 63.643547 0.604807 -0.776389 -0.177283 0.436400 0.084700
0 2.499700 1.966278 58.039246 -0.593786 -0.780954 -0.193725 0.548100 0.110400
0 2.499700 0.768135 59.903412 -0.725862 -0.578632 -0.371900 0.534100 0.082900
ConmocionLance.jpg
0 -11.685600 4.914463 -13.788990 0.898326 -0.438522 -0.026632 0.668500 0.845400
0 -3.828100 7.727173 -13.898796 -0.161982 -0.646210 -0.745771 0.699900 0.855000
0 -11.674800 1.583034 -8.489651 0.932941 -0.267834 -0.240594 0.680200 0.772500
ConmocionLance.jpg
0 -0.970800 -17.828251 -0.744383 0.251073 0.942638 0.219989 0.590800 0.512100
0 -9.911600 -9.220913 -1.378599 0.840097 0.541034 0.038973 0.649300 0.606200
0 -0.970800 -18.241341 6.777870 -0.090337 0.994260 0.057328 0.597200 0.415900
ConmocionLance.jpg
0 -11.049100 -6.209293 -8.600464 0.844578 0.508466 0.167780 0.609900 0.710100
0 -11.674800 1.583034 -8.489651 0.932941 -0.267834 -0.240594 0.680200 0.772500
0 -9.911600 -9.220913 -1.378599 0.840097 0.541034 0.038973 0.649300 0.606200
ConmocionLance.jpg
0 -1.109800 12.941837 -25.028019 0.004540 0.985224 -0.171210 0.544000 0.294700
0 -2.726400 12.487183 -16.283339 0.272293 0.794131 0.543334 0.555100 0.189100
0 6.380000 5.553049 -28.956654 0.959051 0.169242 0.227109 0.632400 0.343700
ConmocionLance.jpg
0 6.380000 5.553049 -28.956654 0.959051 0.169242 0.227109 0.632400 0.343700
0 -2.726400 12.487183 -16.283339 0.272293 0.794131 0.543334 0.555100 0.189100
0 -3.856800 7.843657 -13.464960 0.377885 0.458265 0.804485 0.608000 0.159200
ConmocionLance.jpg
0 -12.356000 4.993418 -13.946495 -0.900901 0.433903 0.010270 0.668500 0.845400
0 -2.726400 12.487183 -16.283339 0.272293 0.794131 0.543334 0.722100 0.907600
0 -1.109800 12.941837 -25.028019 0.004540 0.985224 -0.171210 0.671100 0.988800
ConmocionLance.jpg
0 6.909400 -13.971653 0.975371 0.708901 -0.661595 -0.244440 0.524600 0.496600
0 -0.971900 -14.791508 -8.847319 -0.223523 -0.927458 -0.299765 0.536700 0.613700
0 -0.971900 -12.248255 -18.825226 0.452349 -0.818955 -0.353118 0.492600 0.736600
ConmocionLance.jpg
0 -0.971900 -12.248255 -18.825226 0.452349 -0.818955 -0.353118 0.492600 0.736600
0 -0.807600 -12.221029 -18.451544 0.821770 -0.454266 -0.344001 0.492400 0.732200
0 6.909400 -13.971653 0.975371 0.708901 -0.661595 -0.244440 0.524600 0.496600
ConmocionLance.jpg
0 3.772200 -16.224222 10.886198 0.606947 -0.794355 0.024798 0.564500 0.357900
0 -0.971900 -18.410139 6.670605 -0.146618 -0.987709 -0.054172 0.597200 0.415900
0 -0.971900 -17.993242 -0.930535 -0.114131 -0.976159 -0.184627 0.590800 0.512100
ConmocionLance.jpg
0 11.467200 -8.340902 7.518101 0.958464 -0.277770 -0.064735 0.457500 0.430700
0 6.909400 -13.971653 0.975371 0.708901 -0.661595 -0.244440 0.524600 0.496600
0 3.772200 -9.839958 -11.609453 0.859431 -0.377848 -0.344398 0.467800 0.648100
ConmocionLance.jpg
0 11.467200 -8.340902 7.518101 0.958464 -0.277770 -0.064735 0.457500 0.430700
0 7.665100 -10.853153 16.624937 0.892783 -0.335735 0.300368 0.491200 0.295600
0 3.772200 -16.224222 10.886198 0.606947 -0.794355 0.024798 0.564500 0.357900
ConmocionLance.jpg
0 -0.971900 -14.791508 -8.847319 -0.223523 -0.927458 -0.299765 0.536700 0.613700
0 -11.798300 -6.241093 -8.886951 -0.881469 -0.454826 -0.127065 0.609900 0.710100
0 -8.571900 -6.239347 -17.232851 -0.799709 -0.495347 -0.339260 0.559000 0.778100
ConmocionLance.jpg
0 0.958400 -12.234112 37.994400 0.919850 -0.371587 -0.125696 0.855600 0.168700
0 0.652400 -13.084564 39.391857 0.879358 -0.475896 -0.015856 0.849200 0.148300
0 -0.061000 -14.420334 36.970001 0.429686 -0.902977 -0.001765 0.885600 0.153800
ConmocionLance.jpg
0 -1.109800 -1.044970 -51.813480 0.883484 -0.267860 -0.384328 0.714900 0.633800
0 -1.109800 -0.121282 -57.254150 0.825131 -0.556972 -0.094560 0.702500 0.691700
0 2.600900 2.981529 -43.150539 0.853191 0.315136 -0.415637 0.660500 0.515800
ConmocionLance.jpg
0 6.380000 1.451340 -40.306400 0.949340 -0.020492 -0.313582 0.679600 0.481800
0 3.262300 -1.154517 -36.057682 0.741642 -0.663416 0.099230 0.712000 0.431000
0 -1.109800 -3.199579 -47.165592 0.639134 -0.744457 -0.193110 0.735700 0.565700
ConmocionLance.jpg
0 2.468700 2.925171 -42.523457 -0.952233 0.015831 0.304962 0.660500 0.515800
0 -1.107400 -0.141921 -56.488274 -0.831781 0.547292 0.092800 0.702500 0.691700
0 -1.107400 -0.962398 -51.649498 -0.831769 0.547313 0.092787 0.713600 0.639700
ConmocionLance.jpg
0 9.357100 1.886293 17.604853 0.937179 0.314761 0.150405 0.336700 0.349200
0 11.467200 -8.340902 7.518101 0.958464 -0.277770 -0.064735 0.457500 0.430700
0 7.679999 -4.150375 -2.280432 0.915382 0.297442 -0.271300 0.403200 0.553900
ConmocionLance.jpg
5 0.127400 69.283340 39.659454 0.838338 -0.070500 -0.540573 0.944800 0.994300
5 -0.934900 76.059738 42.924641 0.000000 0.442816 -0.896612 0.876000 0.935100
5 -0.934900 75.470818 45.245770 -0.000015 0.867865 -0.496800 0.890200 0.909900
ConmocionLance.jpg
5 -0.934900 75.470818 45.245770 -0.000015 0.867865 -0.496800 0.890200 0.909900
5 0.756800 70.325989 43.204494 0.917034 0.342569 -0.204192 0.943800 0.949700
5 0.127400 69.283340 39.659454 0.838338 -0.070500 -0.540573 0.944800 0.994300
ConmocionLance.jpg
5 -0.934900 79.176651 56.603340 -0.000000 -0.354452 -0.935074 0.882400 0.765900
5 4.032599 70.178123 58.120628 0.974757 -0.110781 -0.193844 0.992000 0.776300
5 -0.934900 75.558258 49.937298 -0.000003 0.955040 -0.296477 0.903800 0.854900
ConmocionLance.jpg
5 4.032599 70.178123 58.120628 0.974757 -0.110781 -0.193844 0.992000 0.776300
5 2.560800 80.860062 59.587845 0.982655 0.025231 -0.183719 0.872100 0.725800
5 4.032599 71.622032 63.509338 0.979670 -0.129851 0.152923 0.992000 0.709000
ConmocionLance.jpg
5 -0.934900 79.176651 56.603340 -0.000000 -0.354452 -0.935074 0.882400 0.765900
5 1.613000 81.860497 55.901703 0.844758 -0.075497 -0.529796 0.849000 0.765700
5 2.560800 80.860062 59.587845 0.982655 0.025231 -0.183719 0.872100 0.725800
ConmocionLance.jpg
5 2.560800 80.860062 59.587845 0.982655 0.025231 -0.183719 0.872100 0.725800
5 2.138000 85.602715 59.509590 0.939361 0.320220 -0.122717 0.816600 0.711900
5 1.775400 84.980652 61.273483 0.896639 0.357538 0.261163 0.829400 0.693300
ConmocionLance.jpg
5 2.138000 85.602715 59.509590 0.939361 0.320220 -0.122717 0.816600 0.711900
5 1.422700 88.810898 60.486637 0.950698 0.300100 0.078186 0.782200 0.690500
5 -0.934900 87.830307 62.460709 -0.000006 0.703309 0.710884 0.799800 0.670600
ConmocionLance.jpg
5 -0.934900 87.830307 62.460709 -0.000006 0.703309 0.710884 0.799800 0.670600
5 1.775400 84.980652 61.273483 0.896639 0.357538 0.261163 0.829400 0.693300
5 2.138000 85.602715 59.509590 0.939361 0.320220 -0.122717 0.816600 0.711900
ConmocionLance.jpg
5 1.422700 88.810898 60.486637 0.950698 0.300100 0.078186 0.782200 0.690500
5 -0.934900 94.135132 60.882317 0.000000 0.974200 0.225687 0.721400 0.669300
5 -0.934900 87.830307 62.460709 -0.000006 0.703309 0.710884 0.799800 0.670600
ConmocionLance.jpg
5 2.112400 73.503540 70.531235 0.889382 0.020866 0.456689 0.992000 0.621200
5 2.437100 81.053337 65.282143 0.949873 0.178321 0.256794 0.887700 0.658900
5 -0.934900 79.866455 71.675278 -0.000005 0.271820 0.962348 0.921500 0.588000
ConmocionLance.jpg
5 -0.934900 79.866455 71.675278 -0.000005 0.271820 0.962348 0.921500 0.588000
5 -0.934900 74.394554 73.856529 -0.000008 0.258818 0.965926 0.992000 0.579700
5 2.112400 73.503540 70.531235 0.889382 0.020866 0.456689 0.992000 0.621200
ConmocionLance.jpg
5 1.775400 84.980652 61.273483 0.896639 0.357538 0.261163 0.829400 0.693300
5 2.437100 81.053337 65.282143 0.949873 0.178321 0.256794 0.887700 0.658900
5 2.560800 80.860062 59.587845 0.982655 0.025231 -0.183719 0.872100 0.725800
ConmocionLance.jpg
5 -0.934900 87.830307 62.460709 -0.000006 0.703309 0.710884 0.799800 0.670600
5 2.437100 81.053337 65.282143 0.949873 0.178321 0.256794 0.887700 0.658900
5 1.775400 84.980652 61.273483 0.896639 0.357538 0.261163 0.829400 0.693300
ConmocionLance.jpg
5 -0.934900 87.830307 62.460709 -0.000006 0.703309 0.710884 0.799800 0.670600
5 -0.934900 91.409668 67.839676 -0.000009 0.961847 -0.273588 0.774900 0.596700
5 1.009900 86.983063 70.340790 0.972771 0.180361 0.145557 0.834300 0.581400
ConmocionLance.jpg
5 1.009900 86.983063 70.340790 0.972771 0.180361 0.145557 0.834300 0.581400
5 2.437100 81.053337 65.282143 0.949873 0.178321 0.256794 0.887700 0.658900
5 -0.934900 87.830307 62.460709 -0.000006 0.703309 0.710884 0.799800 0.670600
ConmocionLance.jpg
5 2.437100 81.053337 65.282143 0.949873 0.178321 0.256794 0.887700 0.658900
5 1.009900 86.983063 70.340790 0.972771 0.180361 0.145557 0.834300 0.581400
5 -0.934900 86.637665 73.366379 -0.000009 -0.237979 0.971270 0.847800 0.547200
ConmocionLance.jpg
5 -0.934900 86.637665 73.366379 -0.000009 -0.237979 0.971270 0.847800 0.547200
5 -0.934900 79.866455 71.675278 -0.000005 0.271820 0.962348 0.921500 0.588000
5 2.437100 81.053337 65.282143 0.949873 0.178321 0.256794 0.887700 0.658900
ConmocionLance.jpg
5 -0.934900 91.409668 67.839676 -0.000009 0.961847 -0.273588 0.774900 0.596700
5 -0.934900 91.420059 73.556595 -0.000015 0.577291 0.816538 0.792700 0.530000
5 1.009900 86.983063 70.340790 0.972771 0.180361 0.145557 0.834300 0.581400
ConmocionLance.jpg
5 1.009900 86.983063 70.340790 0.972771 0.180361 0.145557 0.834300 0.581400
5 -0.934900 91.420059 73.556595 -0.000015 0.577291 0.816538 0.792700 0.530000
5 -0.934900 86.637665 73.366379 -0.000009 -0.237979 0.971270 0.847800 0.547200
ConmocionLance.jpg
5 2.437100 81.053337 65.282143 0.949873 0.178321 0.256794 0.887700 0.658900
5 4.032599 71.622032 63.509338 0.979670 -0.129851 0.152923 0.992000 0.709000
5 2.560800 80.860062 59.587845 0.982655 0.025231 -0.183719 0.872100 0.725800
ConmocionLance.jpg
5 -0.934900 79.176651 56.603340 -0.000000 -0.354452 -0.935074 0.882400 0.765900
5 -0.934900 81.427643 53.769264 -0.000000 -0.478767 -0.877942 0.847300 0.791900
5 1.613000 81.860497 55.901703 0.844758 -0.075497 -0.529796 0.849000 0.765700
ConmocionLance.jpg
5 -0.934900 94.135132 60.882317 0.000000 0.974200 0.225687 0.721400 0.669300
5 1.422700 88.810898 60.486637 0.950698 0.300100 0.078186 0.782200 0.690500
5 -0.934900 89.810791 58.651821 0.000000 0.494315 -0.869283 0.764900 0.708800
ConmocionLance.jpg
5 -0.934900 89.810791 58.651821 0.000000 0.494315 -0.869283 0.764900 0.708800
5 1.422700 88.810898 60.486637 0.950698 0.300100 0.078186 0.782200 0.690500
5 2.138000 85.602715 59.509590 0.939361 0.320220 -0.122717 0.816600 0.711900
ConmocionLance.jpg
5 2.138000 85.602715 59.509590 0.939361 0.320220 -0.122717 0.816600 0.711900
5 -0.934900 86.655472 56.524071 -0.000000 0.675735 -0.737145 0.795000 0.743500
5 -0.934900 89.810791 58.651821 0.000000 0.494315 -0.869283 0.764900 0.708800
ConmocionLance.jpg
5 -0.934900 86.655472 56.524071 -0.000000 0.675735 -0.737145 0.795000 0.743500
5 2.138000 85.602715 59.509590 0.939361 0.320220 -0.122717 0.816600 0.711900
5 1.613000 81.860497 55.901703 0.844758 -0.075497 -0.529796 0.849000 0.765700
ConmocionLance.jpg
5 1.613000 81.860497 55.901703 0.844758 -0.075497 -0.529796 0.849000 0.765700
5 -0.934900 84.871933 53.569626 0.000000 0.381666 -0.924300 0.806600 0.783500
5 -0.934900 86.655472 56.524071 -0.000000 0.675735 -0.737145 0.795000 0.743500
ConmocionLance.jpg
5 1.613000 81.860497 55.901703 0.844758 -0.075497 -0.529796 0.849000 0.765700
5 -0.934900 81.427643 53.769264 -0.000000 -0.478767 -0.877942 0.847300 0.791900
5 -0.934900 84.871933 53.569626 0.000000 0.381666 -0.924300 0.806600 0.783500
ConmocionLance.jpg
5 0.127400 69.283340 39.659454 0.838338 -0.070500 -0.540573 0.944800 0.994300
5 0.756800 70.325989 43.204494 0.917034 0.342569 -0.204192 0.943800 0.949700
5 2.230700 66.605011 44.785545 0.909557 -0.107557 -0.401419 0.992000 0.942900
ConmocionLance.jpg
5 0.756800 70.325989 43.204494 0.917034 0.342569 -0.204192 0.943800 0.949700
5 2.230700 67.449867 47.938595 0.997756 0.017329 0.064669 0.992000 0.903500
5 2.230700 66.605011 44.785545 0.909557 -0.107557 -0.401419 0.992000 0.942900
ConmocionLance.jpg
5 0.756800 70.325989 43.204494 0.917034 0.342569 -0.204192 0.943800 0.949700
5 -0.934900 75.470818 45.245770 -0.000015 0.867865 -0.496800 0.890200 0.909900
5 -0.934900 77.149811 47.504807 -0.000009 0.980257 -0.197729 0.877600 0.878300
ConmocionLance.jpg
5 -0.934900 77.149811 47.504807 -0.000009 0.980257 -0.197729 0.877600 0.878300
5 2.230700 67.449867 47.938595 0.997756 0.017329 0.064669 0.992000 0.903500
5 0.756800 70.325989 43.204494 0.917034 0.342569 -0.204192 0.943800 0.949700
ConmocionLance.jpg
5 2.230700 67.449867 47.938595 0.997756 0.017329 0.064669 0.992000 0.903500
5 -0.934900 77.149811 47.504807 -0.000009 0.980257 -0.197729 0.877600 0.878300
5 -0.934900 75.558258 49.937298 -0.000003 0.955040 -0.296477 0.903800 0.854900
ConmocionLance.jpg
5 -0.934900 75.558258 49.937298 -0.000003 0.955040 -0.296477 0.903800 0.854900
5 2.230700 68.312485 51.157948 0.992537 -0.031562 -0.117789 0.992000 0.863300
5 2.230700 67.449867 47.938595 0.997756 0.017329 0.064669 0.992000 0.903500
ConmocionLance.jpg
5 2.560800 80.860062 59.587845 0.982655 0.025231 -0.183719 0.872100 0.725800
5 4.032599 70.178123 58.120628 0.974757 -0.110781 -0.193844 0.992000 0.776300
5 -0.934900 79.176651 56.603340 -0.000000 -0.354452 -0.935074 0.882400 0.765900
ConmocionLance.jpg
5 -0.934900 75.558258 49.937298 -0.000003 0.955040 -0.296477 0.903800 0.854900
5 4.032599 70.178123 58.120628 0.974757 -0.110781 -0.193844 0.992000 0.776300
5 2.230700 68.312485 51.157948 0.992537 -0.031562 -0.117789 0.992000 0.863300
ConmocionLance.jpg
5 2.437100 81.053337 65.282143 0.949873 0.178321 0.256794 0.887700 0.658900
5 2.112400 73.503540 70.531235 0.889382 0.020866 0.456689 0.992000 0.621200
5 4.032599 71.622032 63.509338 0.979670 -0.129851 0.152923 0.992000 0.709000
ConmocionLance.jpg
5 0.127400 69.283340 39.659454 0.838338 -0.070500 -0.540573 0.841300 0.993600
5 -0.934900 66.622620 45.263557 0.000001 -0.825268 -0.564741 0.844100 0.914300
5 -0.934900 76.059738 42.924641 0.000000 0.442816 -0.896612 0.915800 0.993500
ConmocionLance.jpg
5 2.230700 66.605011 44.785545 0.909557 -0.107557 -0.401419 0.813800 0.925300
5 -0.934900 66.622620 45.263557 0.000001 -0.825268 -0.564741 0.844100 0.914300
5 0.127400 69.283340 39.659454 0.838338 -0.070500 -0.540573 0.841300 0.993600
ConmocionLance.jpg
5 2.138000 85.602715 59.509590 0.939361 0.320220 -0.122717 0.816600 0.711900
5 2.560800 80.860062 59.587845 0.982655 0.025231 -0.183719 0.872100 0.725800
5 1.613000 81.860497 55.901703 0.844758 -0.075497 -0.529796 0.849000 0.765700
ConmocionLance.jpg
5 0.127400 61.722481 41.685490 0.838328 -0.209240 -0.503414 0.944800 0.994300
5 0.756800 62.591919 45.276833 0.917033 -0.398773 -0.005556 0.943800 0.949700
5 -0.934900 59.157093 49.617031 -0.000015 -0.999993 0.003681 0.890200 0.909900
ConmocionLance.jpg
5 -0.934900 59.157093 49.617031 -0.000015 -0.999993 0.003681 0.890200 0.909900
5 -0.934900 57.486420 47.901348 0.000002 -0.831788 -0.555093 0.876000 0.935100
5 0.127400 61.722481 41.685490 0.838328 -0.209240 -0.503414 0.944800 0.994300
ConmocionLance.jpg
5 -0.934900 61.626534 61.305878 0.000000 -0.999835 0.018144 0.882400 0.765900
5 -0.934900 61.427143 53.723732 -0.000003 -0.975328 0.220760 0.903800 0.854900
5 4.032599 70.178123 58.120628 0.974757 -0.110781 -0.193844 0.992000 0.776300
ConmocionLance.jpg
5 4.032599 70.178123 58.120628 0.974757 -0.110781 -0.193844 0.992000 0.776300
5 4.032599 71.622032 63.509338 0.979670 -0.129851 0.152923 0.992000 0.709000
5 -0.934900 61.660912 64.732224 0.000000 -0.969365 0.245626 0.872100 0.725800
ConmocionLance.jpg
5 2.112400 73.503540 70.531235 0.889382 0.020866 0.456689 0.992000 0.621200
5 -0.934900 74.394554 73.856529 -0.000008 0.258818 0.965926 0.992000 0.579700
5 -0.934900 68.565125 74.703453 -0.000008 -0.237254 0.971448 0.921500 0.588000
ConmocionLance.jpg
5 -0.934900 68.565125 74.703453 -0.000008 -0.237254 0.971448 0.921500 0.588000
5 -0.934900 64.340683 69.760284 -0.000002 -0.788717 0.614757 0.887700 0.658900
5 2.112400 73.503540 70.531235 0.889382 0.020866 0.456689 0.992000 0.621200
ConmocionLance.jpg
5 -0.934900 64.340683 69.760284 -0.000002 -0.788717 0.614757 0.887700 0.658900
5 -0.934900 61.660912 64.732224 0.000000 -0.969365 0.245626 0.872100 0.725800
5 4.032599 71.622032 63.509338 0.979670 -0.129851 0.152923 0.992000 0.709000
ConmocionLance.jpg
5 0.127400 61.722481 41.685490 0.838328 -0.209240 -0.503414 0.944800 0.994300
5 2.230700 66.605011 44.785545 0.909557 -0.107557 -0.401419 0.992000 0.942900
5 0.756800 62.591919 45.276833 0.917033 -0.398773 -0.005556 0.943800 0.949700
ConmocionLance.jpg
5 0.756800 62.591919 45.276833 0.917033 -0.398773 -0.005556 0.943800 0.949700
5 2.230700 66.605011 44.785545 0.909557 -0.107557 -0.401419 0.992000 0.942900
5 2.230700 67.449867 47.938595 0.997756 0.017329 0.064669 0.992000 0.903500
ConmocionLance.jpg
5 0.756800 62.591919 45.276833 0.917033 -0.398773 -0.005556 0.943800 0.949700
5 2.230700 67.449867 47.938595 0.997756 0.017329 0.064669 0.992000 0.903500
5 -0.934900 58.832550 52.412880 -0.000009 -0.947793 0.318886 0.877600 0.878300
ConmocionLance.jpg
5 -0.934900 58.832550 52.412880 -0.000009 -0.947793 0.318886 0.877600 0.878300
5 -0.934900 59.157093 49.617031 -0.000015 -0.999993 0.003681 0.890200 0.909900
5 0.756800 62.591919 45.276833 0.917033 -0.398773 -0.005556 0.943800 0.949700
ConmocionLance.jpg
5 2.230700 67.449867 47.938595 0.997756 0.017329 0.064669 0.992000 0.903500
5 2.230700 68.312485 51.157948 0.992537 -0.031562 -0.117789 0.992000 0.863300
5 -0.934900 61.427143 53.723732 -0.000003 -0.975328 0.220760 0.903800 0.854900
ConmocionLance.jpg
5 -0.934900 61.427143 53.723732 -0.000003 -0.975328 0.220760 0.903800 0.854900
5 -0.934900 58.832550 52.412880 -0.000009 -0.947793 0.318886 0.877600 0.878300
5 2.230700 67.449867 47.938595 0.997756 0.017329 0.064669 0.992000 0.903500
ConmocionLance.jpg
5 -0.934900 61.660912 64.732224 0.000000 -0.969365 0.245626 0.872100 0.725800
5 -0.934900 61.626534 61.305878 0.000000 -0.999835 0.018144 0.882400 0.765900
5 4.032599 70.178123 58.120628 0.974757 -0.110781 -0.193844 0.992000 0.776300
ConmocionLance.jpg
5 -0.934900 61.427143 53.723732 -0.000003 -0.975328 0.220760 0.903800 0.854900
5 2.230700 68.312485 51.157948 0.992537 -0.031562 -0.117789 0.992000 0.863300
5 4.032599 70.178123 58.120628 0.974757 -0.110781 -0.193844 0.992000 0.776300
ConmocionLance.jpg
5 -0.934900 64.340683 69.760284 -0.000002 -0.788717 0.614757 0.887700 0.658900
5 4.032599 71.622032 63.509338 0.979670 -0.129851 0.152923 0.992000 0.709000
5 2.112400 73.503540 70.531235 0.889382 0.020866 0.456689 0.992000 0.621200
ConmocionLance.jpg
5 0.127400 61.722481 41.685490 0.838328 -0.209240 -0.503414 0.841300 0.993600
5 -0.934900 57.486420 47.901348 0.000002 -0.831788 -0.555093 0.915800 0.993500
5 -0.934900 66.828758 45.208324 0.000001 0.432326 -0.901718 0.844100 0.914300
ConmocionLance.jpg
5 2.230700 66.605011 44.785545 0.909557 -0.107557 -0.401419 0.813800 0.925300
5 0.127400 61.722481 41.685490 0.838328 -0.209240 -0.503414 0.841300 0.993600
5 -0.934900 66.828758 45.208324 0.000001 0.432326 -0.901718 0.844100 0.914300
ConmocionLance.jpg
5 -1.997200 69.283340 39.659454 -0.838351 -0.070506 -0.540552 0.944800 0.994300
5 -2.626500 70.325989 43.204494 -0.917040 0.342561 -0.204180 0.943800 0.949700
5 -0.934900 75.470818 45.245770 -0.000015 0.867865 -0.496800 0.890200 0.909900
ConmocionLance.jpg
5 -0.934900 75.470818 45.245770 -0.000015 0.867865 -0.496800 0.890200 0.909900
5 -0.934900 76.059738 42.924641 0.000000 0.442816 -0.896612 0.876000 0.935100
5 -1.997200 69.283340 39.659454 -0.838351 -0.070506 -0.540552 0.944800 0.994300
ConmocionLance.jpg
5 -0.934900 79.176651 56.603340 -0.000000 -0.354452 -0.935074 0.882400 0.765900
5 -0.934900 75.558258 49.937298 -0.000003 0.955040 -0.296477 0.903800 0.854900
5 -5.902400 70.178123 58.120628 -0.974757 -0.110782 -0.193847 0.992000 0.776300
ConmocionLance.jpg
5 -5.902400 70.178123 58.120628 -0.974757 -0.110782 -0.193847 0.992000 0.776300
5 -5.902400 71.622032 63.509338 -0.979669 -0.129849 0.152928 0.992000 0.709000
5 -4.430600 80.860062 59.587845 -0.982656 0.025235 -0.183712 0.872100 0.725800
ConmocionLance.jpg
5 -4.430600 80.860062 59.587845 -0.982656 0.025235 -0.183712 0.872100 0.725800
5 -3.482800 81.860497 55.901703 -0.844758 -0.075497 -0.529796 0.849000 0.765700
5 -0.934900 79.176651 56.603340 -0.000000 -0.354452 -0.935074 0.882400 0.765900
ConmocionLance.jpg
5 -4.430600 80.860062 59.587845 -0.982656 0.025235 -0.183712 0.872100 0.725800
5 -3.645100 84.980652 61.273483 -0.896636 0.357533 0.261177 0.829400 0.693300
5 -4.007800 85.602715 59.509590 -0.939365 0.320216 -0.122702 0.816600 0.711900
ConmocionLance.jpg
5 -4.007800 85.602715 59.509590 -0.939365 0.320216 -0.122702 0.816600 0.711900
5 -3.645100 84.980652 61.273483 -0.896636 0.357533 0.261177 0.829400 0.693300
5 -0.934900 87.830307 62.460709 -0.000006 0.703309 0.710884 0.799800 0.670600
ConmocionLance.jpg
5 -0.934900 87.830307 62.460709 -0.000006 0.703309 0.710884 0.799800 0.670600
5 -3.292500 88.810898 60.486637 -0.950698 0.300100 0.078186 0.782200 0.690500
5 -4.007800 85.602715 59.509590 -0.939365 0.320216 -0.122702 0.816600 0.711900
ConmocionLance.jpg
5 -3.292500 88.810898 60.486637 -0.950698 0.300100 0.078186 0.782200 0.690500
5 -0.934900 87.830307 62.460709 -0.000006 0.703309 0.710884 0.799800 0.670600
5 -0.934900 94.135132 60.882317 0.000000 0.974200 0.225687 0.721400 0.669300
ConmocionLance.jpg
5 -3.982100 73.503540 70.531235 -0.889383 0.020866 0.456686 0.992000 0.621200
5 -0.934900 74.394554 73.856529 -0.000008 0.258818 0.965926 0.992000 0.579700
5 -0.934900 79.866455 71.675278 -0.000005 0.271820 0.962348 0.921500 0.588000
ConmocionLance.jpg
5 -0.934900 79.866455 71.675278 -0.000005 0.271820 0.962348 0.921500 0.588000
5 -4.306900 81.053337 65.282143 -0.949873 0.178326 0.256791 0.887700 0.658900
5 -3.982100 73.503540 70.531235 -0.889383 0.020866 0.456686 0.992000 0.621200
ConmocionLance.jpg
5 -3.645100 84.980652 61.273483 -0.896636 0.357533 0.261177 0.829400 0.693300
5 -4.430600 80.860062 59.587845 -0.982656 0.025235 -0.183712 0.872100 0.725800
5 -4.306900 81.053337 65.282143 -0.949873 0.178326 0.256791 0.887700 0.658900
ConmocionLance.jpg
5 -0.934900 87.830307 62.460709 -0.000006 0.703309 0.710884 0.799800 0.670600
5 -3.645100 84.980652 61.273483 -0.896636 0.357533 0.261177 0.829400 0.693300
5 -4.306900 81.053337 65.282143 -0.949873 0.178326 0.256791 0.887700 0.658900
ConmocionLance.jpg
5 -0.934900 87.830307 62.460709 -0.000006 0.703309 0.710884 0.799800 0.670600
5 -4.306900 81.053337 65.282143 -0.949873 0.178326 0.256791 0.887700 0.658900
5 -2.879600 86.983063 70.340790 -0.972772 0.180360 0.145553 0.834300 0.581400
ConmocionLance.jpg
5 -2.879600 86.983063 70.340790 -0.972772 0.180360 0.145553 0.834300 0.581400
5 -0.934900 91.409668 67.839676 -0.000009 0.961847 -0.273588 0.774900 0.596700
5 -0.934900 87.830307 62.460709 -0.000006 0.703309 0.710884 0.799800 0.670600
ConmocionLance.jpg
5 -4.306900 81.053337 65.282143 -0.949873 0.178326 0.256791 0.887700 0.658900
5 -0.934900 79.866455 71.675278 -0.000005 0.271820 0.962348 0.921500 0.588000
5 -0.934900 86.637665 73.366379 -0.000009 -0.237979 0.971270 0.847800 0.547200
ConmocionLance.jpg
5 -0.934900 86.637665 73.366379 -0.000009 -0.237979 0.971270 0.847800 0.547200
5 -2.879600 86.983063 70.340790 -0.972772 0.180360 0.145553 0.834300 0.581400
5 -4.306900 81.053337 65.282143 -0.949873 0.178326 0.256791 0.887700 0.658900
ConmocionLance.jpg
5 -0.934900 91.409668 67.839676 -0.000009 0.961847 -0.273588 0.774900 0.596700
5 -2.879600 86.983063 70.340790 -0.972772 0.180360 0.145553 0.834300 0.581400
5 -0.934900 91.420059 73.556595 -0.000015 0.577291 0.816538 0.792700 0.530000
ConmocionLance.jpg
5 -2.879600 86.983063 70.340790 -0.972772 0.180360 0.145553 0.834300 0.581400
5 -0.934900 86.637665 73.366379 -0.000009 -0.237979 0.971270 0.847800 0.547200
5 -0.934900 91.420059 73.556595 -0.000015 0.577291 0.816538 0.792700 0.530000
ConmocionLance.jpg
5 -4.306900 81.053337 65.282143 -0.949873 0.178326 0.256791 0.887700 0.658900
5 -4.430600 80.860062 59.587845 -0.982656 0.025235 -0.183712 0.872100 0.725800
5 -5.902400 71.622032 63.509338 -0.979669 -0.129849 0.152928 0.992000 0.709000
ConmocionLance.jpg
5 -0.934900 79.176651 56.603340 -0.000000 -0.354452 -0.935074 0.882400 0.765900
5 -3.482800 81.860497 55.901703 -0.844758 -0.075497 -0.529796 0.849000 0.765700
5 -0.934900 81.427643 53.769264 -0.000000 -0.478767 -0.877942 0.847300 0.791900
ConmocionLance.jpg
5 -0.934900 94.135132 60.882317 0.000000 0.974200 0.225687 0.721400 0.669300
5 -0.934900 89.810791 58.651821 0.000000 0.494315 -0.869283 0.764900 0.708800
5 -3.292500 88.810898 60.486637 -0.950698 0.300100 0.078186 0.782200 0.690500
ConmocionLance.jpg
5 -0.934900 89.810791 58.651821 0.000000 0.494315 -0.869283 0.764900 0.708800
5 -0.934900 86.655472 56.524071 -0.000000 0.675735 -0.737145 0.795000 0.743500
5 -4.007800 85.602715 59.509590 -0.939365 0.320216 -0.122702 0.816600 0.711900
ConmocionLance.jpg
5 -4.007800 85.602715 59.509590 -0.939365 0.320216 -0.122702 0.816600 0.711900
5 -3.292500 88.810898 60.486637 -0.950698 0.300100 0.078186 0.782200 0.690500
5 -0.934900 89.810791 58.651821 0.000000 0.494315 -0.869283 0.764900 0.708800
ConmocionLance.jpg
5 -0.934900 86.655472 56.524071 -0.000000 0.675735 -0.737145 0.795000 0.743500
5 -0.934900 84.871933 53.569626 0.000000 0.381666 -0.924300 0.806600 0.783500
5 -3.482800 81.860497 55.901703 -0.844758 -0.075497 -0.529796 0.849000 0.765700
ConmocionLance.jpg
5 -3.482800 81.860497 55.901703 -0.844758 -0.075497 -0.529796 0.849000 0.765700
5 -4.007800 85.602715 59.509590 -0.939365 0.320216 -0.122702 0.816600 0.711900
5 -0.934900 86.655472 56.524071 -0.000000 0.675735 -0.737145 0.795000 0.743500
ConmocionLance.jpg
5 -3.482800 81.860497 55.901703 -0.844758 -0.075497 -0.529796 0.849000 0.765700
5 -0.934900 84.871933 53.569626 0.000000 0.381666 -0.924300 0.806600 0.783500
5 -0.934900 81.427643 53.769264 -0.000000 -0.478767 -0.877942 0.847300 0.791900
ConmocionLance.jpg
5 -1.997200 69.283340 39.659454 -0.838351 -0.070506 -0.540552 0.944800 0.994300
5 -4.100400 66.605011 44.785545 -0.909563 -0.107553 -0.401407 0.992000 0.942900
5 -2.626500 70.325989 43.204494 -0.917040 0.342561 -0.204180 0.943800 0.949700
ConmocionLance.jpg
5 -2.626500 70.325989 43.204494 -0.917040 0.342561 -0.204180 0.943800 0.949700
5 -4.100400 66.605011 44.785545 -0.909563 -0.107553 -0.401407 0.992000 0.942900
5 -4.100400 67.449867 47.938595 -0.997757 0.017328 0.064665 0.992000 0.903500
ConmocionLance.jpg
5 -2.626500 70.325989 43.204494 -0.917040 0.342561 -0.204180 0.943800 0.949700
5 -4.100400 67.449867 47.938595 -0.997757 0.017328 0.064665 0.992000 0.903500
5 -0.934900 77.149811 47.504807 -0.000009 0.980257 -0.197729 0.877600 0.878300
ConmocionLance.jpg
5 -0.934900 77.149811 47.504807 -0.000009 0.980257 -0.197729 0.877600 0.878300
5 -0.934900 75.470818 45.245770 -0.000015 0.867865 -0.496800 0.890200 0.909900
5 -2.626500 70.325989 43.204494 -0.917040 0.342561 -0.204180 0.943800 0.949700
ConmocionLance.jpg
5 -4.100400 67.449867 47.938595 -0.997757 0.017328 0.064665 0.992000 0.903500
5 -4.100400 68.312485 51.157948 -0.992536 -0.031563 -0.117795 0.992000 0.863300
5 -0.934900 75.558258 49.937298 -0.000003 0.955040 -0.296477 0.903800 0.854900
ConmocionLance.jpg
5 -0.934900 75.558258 49.937298 -0.000003 0.955040 -0.296477 0.903800 0.854900
5 -0.934900 77.149811 47.504807 -0.000009 0.980257 -0.197729 0.877600 0.878300
5 -4.100400 67.449867 47.938595 -0.997757 0.017328 0.064665 0.992000 0.903500
ConmocionLance.jpg
5 -4.430600 80.860062 59.587845 -0.982656 0.025235 -0.183712 0.872100 0.725800
5 -0.934900 79.176651 56.603340 -0.000000 -0.354452 -0.935074 0.882400 0.765900
5 -5.902400 70.178123 58.120628 -0.974757 -0.110782 -0.193847 0.992000 0.776300
ConmocionLance.jpg
5 -0.934900 75.558258 49.937298 -0.000003 0.955040 -0.296477 0.903800 0.854900
5 -4.100400 68.312485 51.157948 -0.992536 -0.031563 -0.117795 0.992000 0.863300
5 -5.902400 70.178123 58.120628 -0.974757 -0.110782 -0.193847 0.992000 0.776300
ConmocionLance.jpg
5 -4.306900 81.053337 65.282143 -0.949873 0.178326 0.256791 0.887700 0.658900
5 -5.902400 71.622032 63.509338 -0.979669 -0.129849 0.152928 0.992000 0.709000
5 -3.982100 73.503540 70.531235 -0.889383 0.020866 0.456686 0.992000 0.621200
ConmocionLance.jpg
5 -1.997200 69.283340 39.659454 -0.838351 -0.070506 -0.540552 0.841300 0.993600
5 -0.934900 76.059738 42.924641 0.000000 0.442816 -0.896612 0.915800 0.993500
5 -0.934900 66.622620 45.263557 0.000001 -0.825268 -0.564741 0.844100 0.914300
ConmocionLance.jpg
5 -4.100400 66.605011 44.785545 -0.909563 -0.107553 -0.401407 0.813800 0.925300
5 -1.997200 69.283340 39.659454 -0.838351 -0.070506 -0.540552 0.841300 0.993600
5 -0.934900 66.622620 45.263557 0.000001 -0.825268 -0.564741 0.844100 0.914300
ConmocionLance.jpg
5 -4.007800 85.602715 59.509590 -0.939365 0.320216 -0.122702 0.816600 0.711900
5 -3.482800 81.860497 55.901703 -0.844758 -0.075497 -0.529796 0.849000 0.765700
5 -4.430600 80.860062 59.587845 -0.982656 0.025235 -0.183712 0.872100 0.725800
ConmocionLance.jpg
5 -1.997200 61.722462 41.685410 -0.838345 -0.209220 -0.503393 0.944800 0.994300
5 -0.934900 57.486420 47.901348 0.000002 -0.831788 -0.555093 0.876000 0.935100
5 -0.934900 59.157093 49.617031 -0.000015 -0.999993 0.003681 0.890200 0.909900
ConmocionLance.jpg
5 -0.934900 59.157093 49.617031 -0.000015 -0.999993 0.003681 0.890200 0.909900
5 -2.626500 62.591919 45.276833 -0.917039 -0.398760 -0.005549 0.943800 0.949700
5 -1.997200 61.722462 41.685410 -0.838345 -0.209220 -0.503393 0.944800 0.994300
ConmocionLance.jpg
5 -0.934900 61.626534 61.305878 0.000000 -0.999835 0.018144 0.882400 0.765900
5 -5.902400 70.178123 58.120628 -0.974757 -0.110782 -0.193847 0.992000 0.776300
5 -0.934900 61.427143 53.723732 -0.000003 -0.975328 0.220760 0.903800 0.854900
ConmocionLance.jpg
5 -5.902400 70.178123 58.120628 -0.974757 -0.110782 -0.193847 0.992000 0.776300
5 -0.934900 61.660912 64.732224 0.000000 -0.969365 0.245626 0.872100 0.725800
5 -5.902400 71.622032 63.509338 -0.979669 -0.129849 0.152928 0.992000 0.709000
ConmocionLance.jpg
5 -3.982100 73.503540 70.531235 -0.889383 0.020866 0.456686 0.992000 0.621200
5 -0.934900 64.340683 69.760284 -0.000002 -0.788717 0.614757 0.887700 0.658900
5 -0.934900 68.565125 74.703453 -0.000008 -0.237254 0.971448 0.921500 0.588000
ConmocionLance.jpg
5 -0.934900 68.565125 74.703453 -0.000008 -0.237254 0.971448 0.921500 0.588000
5 -0.934900 74.394554 73.856529 -0.000008 0.258818 0.965926 0.992000 0.579700
5 -3.982100 73.503540 70.531235 -0.889383 0.020866 0.456686 0.992000 0.621200
ConmocionLance.jpg
5 -0.934900 64.340683 69.760284 -0.000002 -0.788717 0.614757 0.887700 0.658900
5 -5.902400 71.622032 63.509338 -0.979669 -0.129849 0.152928 0.992000 0.709000
5 -0.934900 61.660912 64.732224 0.000000 -0.969365 0.245626 0.872100 0.725800
ConmocionLance.jpg
5 -1.997200 61.722462 41.685410 -0.838345 -0.209220 -0.503393 0.944800 0.994300
5 -2.626500 62.591919 45.276833 -0.917039 -0.398760 -0.005549 0.943800 0.949700
5 -4.100400 66.605011 44.785545 -0.909563 -0.107553 -0.401407 0.992000 0.942900
ConmocionLance.jpg
5 -2.626500 62.591919 45.276833 -0.917039 -0.398760 -0.005549 0.943800 0.949700
5 -4.100400 67.449867 47.938595 -0.997757 0.017328 0.064665 0.992000 0.903500
5 -4.100400 66.605011 44.785545 -0.909563 -0.107553 -0.401407 0.992000 0.942900
ConmocionLance.jpg
5 -2.626500 62.591919 45.276833 -0.917039 -0.398760 -0.005549 0.943800 0.949700
5 -0.934900 59.157093 49.617031 -0.000015 -0.999993 0.003681 0.890200 0.909900
5 -0.934900 58.832550 52.412880 -0.000009 -0.947793 0.318886 0.877600 0.878300
ConmocionLance.jpg
5 -0.934900 58.832550 52.412880 -0.000009 -0.947793 0.318886 0.877600 0.878300
5 -4.100400 67.449867 47.938595 -0.997757 0.017328 0.064665 0.992000 0.903500
5 -2.626500 62.591919 45.276833 -0.917039 -0.398760 -0.005549 0.943800 0.949700
ConmocionLance.jpg
5 -4.100400 67.449867 47.938595 -0.997757 0.017328 0.064665 0.992000 0.903500
5 -0.934900 58.832550 52.412880 -0.000009 -0.947793 0.318886 0.877600 0.878300
5 -0.934900 61.427143 53.723732 -0.000003 -0.975328 0.220760 0.903800 0.854900
ConmocionLance.jpg
5 -0.934900 61.427143 53.723732 -0.000003 -0.975328 0.220760 0.903800 0.854900
5 -4.100400 68.312485 51.157948 -0.992536 -0.031563 -0.117795 0.992000 0.863300
5 -4.100400 67.449867 47.938595 -0.997757 0.017328 0.064665 0.992000 0.903500
ConmocionLance.jpg
5 -0.934900 61.660912 64.732224 0.000000 -0.969365 0.245626 0.872100 0.725800
5 -5.902400 70.178123 58.120628 -0.974757 -0.110782 -0.193847 0.992000 0.776300
5 -0.934900 61.626534 61.305878 0.000000 -0.999835 0.018144 0.882400 0.765900
ConmocionLance.jpg
5 -0.934900 61.427143 53.723732 -0.000003 -0.975328 0.220760 0.903800 0.854900
5 -5.902400 70.178123 58.120628 -0.974757 -0.110782 -0.193847 0.992000 0.776300
5 -4.100400 68.312485 51.157948 -0.992536 -0.031563 -0.117795 0.992000 0.863300
ConmocionLance.jpg
5 -0.934900 64.340683 69.760284 -0.000002 -0.788717 0.614757 0.887700 0.658900
5 -3.982100 73.503540 70.531235 -0.889383 0.020866 0.456686 0.992000 0.621200
5 -5.902400 71.622032 63.509338 -0.979669 -0.129849 0.152928 0.992000 0.709000
ConmocionLance.jpg
5 -1.997200 61.722462 41.685410 -0.838345 -0.209220 -0.503393 0.841300 0.993600
5 -0.934900 66.828758 45.208324 0.000001 0.432326 -0.901718 0.844100 0.914300
5 -0.934900 57.486420 47.901348 0.000002 -0.831788 -0.555093 0.915800 0.993500
ConmocionLance.jpg
5 -4.100400 66.605011 44.785545 -0.909563 -0.107553 -0.401407 0.813800 0.925300
5 -0.934900 66.828758 45.208324 0.000001 0.432326 -0.901718 0.844100 0.914300
5 -1.997200 61.722462 41.685410 -0.838345 -0.209220 -0.503393 0.841300 0.993600
ConmocionLance.jpg
5 -0.148400 55.681332 -29.793884 0.901110 0.407328 -0.148607 0.084200 0.690800
5 -0.893400 50.985741 -19.342453 0.000097 -0.925919 0.377721 0.018300 0.609900
5 -0.382800 46.171059 -51.453033 0.584735 0.710841 -0.390883 0.051600 0.903700
ConmocionLance.jpg
5 -0.382800 46.171059 -51.453033 0.584735 0.710841 -0.390883 0.051600 0.903700
5 -0.893400 50.985741 -19.342453 0.000097 -0.925919 0.377721 0.018300 0.609900
5 -0.894300 40.176285 -59.683884 0.000020 0.722875 -0.690978 0.018300 0.990200
ConmocionLance.jpg
5 -0.893400 50.985741 -19.342453 0.000097 -0.925919 0.377721 0.018300 0.609900
5 -0.148400 55.681332 -29.793884 0.901110 0.407328 -0.148607 0.084200 0.690800
5 -0.894300 54.387337 -15.644562 0.000064 -0.859861 0.510528 0.039500 0.569400
ConmocionLance.jpg
5 -0.894300 54.387337 -15.644562 0.000064 -0.859861 0.510528 0.039500 0.569400
5 -0.148400 55.681332 -29.793884 0.901110 0.407328 -0.148607 0.084200 0.690800
5 -0.894300 57.512917 -8.310921 0.000000 -0.950982 0.309245 0.049700 0.497500
ConmocionLance.jpg
5 -0.148400 55.681332 -29.793884 0.901110 0.407328 -0.148607 0.084200 0.690800
5 0.171300 76.803459 34.006374 0.850935 0.510340 0.124346 0.119700 0.079900
5 -0.894300 63.353481 13.335640 0.000000 -0.971165 0.238409 0.050100 0.293400
ConmocionLance.jpg
5 -0.894300 63.353481 13.335640 0.000000 -0.971165 0.238409 0.050100 0.293400
5 -0.894300 57.512917 -8.310921 0.000000 -0.950982 0.309245 0.049700 0.497500
5 -0.148400 55.681332 -29.793884 0.901110 0.407328 -0.148607 0.084200 0.690800
ConmocionLance.jpg
5 -0.894300 63.353481 13.335640 0.000000 -0.971165 0.238409 0.050100 0.293400
5 0.171300 76.803459 34.006374 0.850935 0.510340 0.124346 0.119700 0.079900
5 -0.894300 64.351913 21.408909 0.000000 -0.998637 -0.052189 0.039800 0.220000
ConmocionLance.jpg
5 0.171300 76.803459 34.006374 0.850935 0.510340 0.124346 0.119700 0.079900
5 -0.382000 75.162422 37.958481 0.727849 0.614237 0.304876 0.095900 0.049000
5 -0.894300 62.177742 28.262775 0.001400 0.258848 0.965917 0.004600 0.164900
ConmocionLance.jpg
5 -0.894300 62.177742 28.262775 0.001400 0.258848 0.965917 0.004600 0.164900
5 -0.894300 64.351913 21.408909 0.000000 -0.998637 -0.052189 0.039800 0.220000
5 0.171300 76.803459 34.006374 0.850935 0.510340 0.124346 0.119700 0.079900
ConmocionLance.jpg
5 -0.894300 62.177742 28.262775 0.001400 0.258848 0.965917 0.004600 0.164900
5 -0.382000 75.162422 37.958481 0.727849 0.614237 0.304876 0.095900 0.049000
5 -0.894300 74.125107 41.918488 0.000091 0.960820 0.277173 0.077500 0.016600
ConmocionLance.jpg
5 -0.894300 74.125107 41.918488 0.000091 0.960820 0.277173 0.077500 0.016600
5 0.130300 66.605011 44.785545 0.998211 -0.015474 -0.057754 0.004600 0.009100
5 -0.894300 62.177742 28.262775 0.001400 0.258848 0.965917 0.004600 0.164900
ConmocionLance.jpg
5 -0.894300 40.176285 -59.683884 0.000020 0.722875 -0.690978 0.910800 0.066400
5 -1.405800 46.171059 -51.453033 -0.748217 0.564474 -0.348627 0.840400 0.069800
5 -0.382800 46.171059 -51.453033 0.584735 0.710841 -0.390883 0.840400 0.062900
ConmocionLance.jpg
5 -0.382800 46.171059 -51.453033 0.584735 0.710841 -0.390883 0.840400 0.062900
5 -1.405800 46.171059 -51.453033 -0.748217 0.564474 -0.348627 0.840400 0.069800
5 -1.640200 55.681332 -29.793884 -0.901135 0.401094 -0.164557 0.676800 0.071300
ConmocionLance.jpg
5 -1.640200 55.681332 -29.793884 -0.901135 0.401094 -0.164557 0.676800 0.071300
5 -0.148400 55.681332 -29.793884 0.901110 0.407328 -0.148607 0.676800 0.061400
5 -0.382800 46.171059 -51.453033 0.584735 0.710841 -0.390883 0.840400 0.062900
ConmocionLance.jpg
5 -0.148400 55.681332 -29.793884 0.901110 0.407328 -0.148607 0.676800 0.061400
5 -1.640200 55.681332 -29.793884 -0.901135 0.401094 -0.164557 0.676800 0.071300
5 -1.959900 76.803459 34.006374 -0.854859 0.518243 -0.025286 0.209400 0.073400
ConmocionLance.jpg
5 -1.959900 76.803459 34.006374 -0.854859 0.518243 -0.025286 0.209400 0.073400
5 0.171300 76.803459 34.006374 0.850935 0.510340 0.124346 0.209400 0.059200
5 -0.148400 55.681332 -29.793884 0.901110 0.407328 -0.148607 0.676800 0.061400
ConmocionLance.jpg
5 -0.382000 75.162422 37.958481 0.727849 0.614237 0.304876 0.180000 0.062800
5 -1.406600 75.162422 37.958481 -0.568569 0.745232 0.348366 0.180000 0.069900
5 -0.894300 74.125107 41.918488 0.000091 0.960820 0.277173 0.151800 0.066400
ConmocionLance.jpg
5 -0.894300 74.125107 41.918488 0.000091 0.960820 0.277173 0.151800 0.066400
5 -0.894300 74.125107 41.918488 0.000091 0.960820 0.277173 0.151800 0.066400
5 -0.382000 75.162422 37.958481 0.727849 0.614237 0.304876 0.180000 0.062800
ConmocionLance.jpg
5 0.171300 76.803459 34.006374 0.850935 0.510340 0.124346 0.209400 0.059200
5 -1.959900 76.803459 34.006374 -0.854859 0.518243 -0.025286 0.209400 0.073400
5 -1.406600 75.162422 37.958481 -0.568569 0.745232 0.348366 0.180000 0.069900
ConmocionLance.jpg
5 -1.406600 75.162422 37.958481 -0.568569 0.745232 0.348366 0.180000 0.069900
5 -0.382000 75.162422 37.958481 0.727849 0.614237 0.304876 0.180000 0.062800
5 0.171300 76.803459 34.006374 0.850935 0.510340 0.124346 0.209400 0.059200
ConmocionLance.jpg
5 -1.640200 55.681332 -29.793884 -0.901135 0.401094 -0.164557 0.084200 0.690800
5 -1.405800 46.171059 -51.453033 -0.748217 0.564474 -0.348627 0.051600 0.903700
5 -0.893400 50.985741 -19.342453 0.000097 -0.925919 0.377721 0.018300 0.609900
ConmocionLance.jpg
5 -1.405800 46.171059 -51.453033 -0.748217 0.564474 -0.348627 0.051600 0.903700
5 -0.894300 40.176285 -59.683884 0.000020 0.722875 -0.690978 0.018300 0.990200
5 -0.893400 50.985741 -19.342453 0.000097 -0.925919 0.377721 0.018300 0.609900
ConmocionLance.jpg
5 -0.893400 50.985741 -19.342453 0.000097 -0.925919 0.377721 0.018300 0.609900
5 -0.894300 54.387337 -15.644562 0.000064 -0.859861 0.510528 0.039500 0.569400
5 -1.640200 55.681332 -29.793884 -0.901135 0.401094 -0.164557 0.084200 0.690800
ConmocionLance.jpg
5 -0.894300 54.387337 -15.644562 0.000064 -0.859861 0.510528 0.039500 0.569400
5 -0.894300 57.512917 -8.310921 0.000000 -0.950982 0.309245 0.049700 0.497500
5 -1.640200 55.681332 -29.793884 -0.901135 0.401094 -0.164557 0.084200 0.690800
ConmocionLance.jpg
5 -1.640200 55.681332 -29.793884 -0.901135 0.401094 -0.164557 0.084200 0.690800
5 -0.894300 57.512917 -8.310921 0.000000 -0.950982 0.309245 0.049700 0.497500
5 -0.894300 63.353481 13.335640 0.000000 -0.971165 0.238409 0.050100 0.293400
ConmocionLance.jpg
5 -0.894300 63.353481 13.335640 0.000000 -0.971165 0.238409 0.050100 0.293400
5 -1.959900 76.803459 34.006374 -0.854859 0.518243 -0.025286 0.119700 0.079900
5 -1.640200 55.681332 -29.793884 -0.901135 0.401094 -0.164557 0.084200 0.690800
ConmocionLance.jpg
5 -0.894300 63.353481 13.335640 0.000000 -0.971165 0.238409 0.050100 0.293400
5 -0.894300 64.351913 21.408909 0.000000 -0.998637 -0.052189 0.039800 0.220000
5 -1.959900 76.803459 34.006374 -0.854859 0.518243 -0.025286 0.119700 0.079900
ConmocionLance.jpg
5 -1.959900 76.803459 34.006374 -0.854859 0.518243 -0.025286 0.119700 0.079900
5 -0.894300 64.351913 21.408909 0.000000 -0.998637 -0.052189 0.039800 0.220000
5 -0.894300 62.177742 28.262775 0.001400 0.258848 0.965917 0.004600 0.164900
ConmocionLance.jpg
5 -0.894300 62.177742 28.262775 0.001400 0.258848 0.965917 0.004600 0.164900
5 -1.406600 75.162422 37.958481 -0.568569 0.745232 0.348366 0.095900 0.049000
5 -1.959900 76.803459 34.006374 -0.854859 0.518243 -0.025286 0.119700 0.079900
ConmocionLance.jpg
5 -0.894300 62.177742 28.262775 0.001400 0.258848 0.965917 0.004600 0.164900
5 -0.894300 74.125107 41.918488 0.000091 0.960820 0.277173 0.077500 0.016600
5 -1.406600 75.162422 37.958481 -0.568569 0.745232 0.348366 0.095900 0.049000
ConmocionLance.jpg
5 -0.894300 74.125107 41.918488 0.000091 0.960820 0.277173 0.077500 0.016600
5 -0.894300 62.177742 28.262775 0.001400 0.258848 0.965917 0.004600 0.164900
5 -1.924000 66.605011 44.785545 -0.998193 -0.015551 -0.058041 0.004600 0.009100
ConmocionLance.jpg
5 -0.148400 38.775391 -25.263962 0.901111 -0.427059 0.074967 0.084200 0.690800
5 -0.382800 36.181934 -48.776459 0.584735 -0.811048 0.016906 0.051600 0.903700
5 -0.893400 48.067589 -18.560570 0.000097 0.990730 -0.135845 0.018300 0.609900
ConmocionLance.jpg
5 -0.382800 36.181934 -48.776459 0.584735 -0.811048 0.016906 0.051600 0.903700
5 -0.894300 37.258129 -58.902008 0.000020 -0.971518 -0.236966 0.018300 0.990200
5 -0.893400 48.067589 -18.560570 0.000097 0.990730 -0.135845 0.018300 0.609900
ConmocionLance.jpg
5 -0.893400 48.067589 -18.560570 0.000097 0.990730 -0.135845 0.018300 0.609900
5 -0.894300 46.970680 -13.657242 0.000064 0.999926 0.012201 0.039500 0.569400
5 -0.148400 38.775391 -25.263962 0.901111 -0.427059 0.074967 0.084200 0.690800
ConmocionLance.jpg
5 -0.894300 46.970680 -13.657242 0.000064 0.999926 0.012201 0.039500 0.569400
5 -0.894300 47.930634 -5.743370 0.000000 0.978197 -0.207680 0.049700 0.497500
5 -0.148400 38.775391 -25.263962 0.901111 -0.427059 0.074967 0.084200 0.690800
ConmocionLance.jpg
5 -0.148400 38.775391 -25.263962 0.901111 -0.427059 0.074967 0.084200 0.690800
5 -0.894300 47.930634 -5.743370 0.000000 0.978197 -0.207680 0.049700 0.497500
5 -0.894300 53.695950 15.923355 0.000000 0.960258 -0.279114 0.050100 0.293400
ConmocionLance.jpg
5 -0.894300 53.695950 15.923355 0.000000 0.960258 -0.279114 0.050100 0.293400
5 0.171300 52.383213 40.549870 0.850936 -0.379782 0.362868 0.119700 0.079900
5 -0.148400 38.775391 -25.263962 0.901111 -0.427059 0.074967 0.084200 0.690800
ConmocionLance.jpg
5 -0.894300 53.695950 15.923355 0.000000 0.960258 -0.279114 0.050100 0.293400
5 -0.894300 56.867821 23.414253 0.000000 0.838754 -0.544511 0.039800 0.220000
5 0.171300 52.383213 40.549870 0.850936 -0.379782 0.362868 0.119700 0.079900
ConmocionLance.jpg
5 0.171300 52.383213 40.549870 0.850936 -0.379782 0.362868 0.119700 0.079900
5 -0.894300 56.867821 23.414253 0.000000 0.838754 -0.544511 0.039800 0.220000
5 -0.894300 62.177742 28.262775 0.001400 0.258848 0.965917 0.004600 0.164900
ConmocionLance.jpg
5 -0.894300 62.177742 28.262775 0.001400 0.258848 0.965917 0.004600 0.164900
5 -0.382000 55.780540 43.151836 0.727849 -0.379500 0.571153 0.095900 0.049000
5 0.171300 52.383213 40.549870 0.850936 -0.379782 0.362868 0.119700 0.079900
ConmocionLance.jpg
5 -0.894300 62.177742 28.262775 0.001400 0.258848 0.965917 0.004600 0.164900
5 -0.894300 58.658783 46.062660 0.000091 -0.693516 0.720441 0.077500 0.016600
5 -0.382000 55.780540 43.151836 0.727849 -0.379500 0.571153 0.095900 0.049000
ConmocionLance.jpg
5 -0.894300 58.658783 46.062660 0.000091 -0.693516 0.720441 0.077500 0.016600
5 -0.894300 62.177742 28.262775 0.001400 0.258848 0.965917 0.004600 0.164900
5 0.130300 66.605011 44.785545 0.998211 -0.015474 -0.057754 0.004600 0.009100
ConmocionLance.jpg
5 -0.894300 37.258129 -58.902008 0.000020 -0.971518 -0.236966 0.910800 0.066400
5 -0.382800 36.181934 -48.776459 0.584735 -0.811048 0.016906 0.840400 0.062900
5 -1.405800 36.181934 -48.776459 -0.748217 -0.663162 -0.019682 0.840400 0.069800
ConmocionLance.jpg
5 -0.382800 36.181934 -48.776459 0.584735 -0.811048 0.016906 0.840400 0.062900
5 -0.148400 38.775391 -25.263962 0.901111 -0.427059 0.074967 0.676800 0.061400
5 -1.640200 38.775391 -25.263962 -0.901135 -0.429636 0.058036 0.676800 0.071300
ConmocionLance.jpg
5 -1.640200 38.775391 -25.263962 -0.901135 -0.429636 0.058036 0.676800 0.071300
5 -1.405800 36.181934 -48.776459 -0.748217 -0.663162 -0.019682 0.840400 0.069800
5 -0.382800 36.181934 -48.776459 0.584735 -0.811048 0.016906 0.840400 0.062900
ConmocionLance.jpg
5 -0.148400 38.775391 -25.263962 0.901111 -0.427059 0.074967 0.676800 0.061400
5 0.171300 52.383213 40.549870 0.850936 -0.379782 0.362868 0.209400 0.059200
5 -1.959900 52.383213 40.549870 -0.854861 -0.461450 0.237228 0.209400 0.073400
ConmocionLance.jpg
5 -1.959900 52.383213 40.549870 -0.854861 -0.461450 0.237228 0.209400 0.073400
5 -1.640200 38.775391 -25.263962 -0.901135 -0.429636 0.058036 0.676800 0.071300
5 -0.148400 38.775391 -25.263962 0.901111 -0.427059 0.074967 0.676800 0.061400
ConmocionLance.jpg
5 -0.382000 55.780540 43.151836 0.727849 -0.379500 0.571153 0.180000 0.062800
5 -0.894300 58.658783 46.062660 0.000091 -0.693516 0.720441 0.151800 0.066400
5 -0.894300 58.658783 46.062660 0.000091 -0.693516 0.720441 0.151800 0.066400
ConmocionLance.jpg
5 -0.894300 58.658783 46.062660 0.000091 -0.693516 0.720441 0.151800 0.066400
5 -1.406600 55.780540 43.151836 -0.568569 -0.471193 0.674319 0.180000 0.069900
5 -0.382000 55.780540 43.151836 0.727849 -0.379500 0.571153 0.180000 0.062800
ConmocionLance.jpg
5 0.171300 52.383213 40.549870 0.850936 -0.379782 0.362868 0.209400 0.059200
5 -0.382000 55.780540 43.151836 0.727849 -0.379500 0.571153 0.180000 0.062800
5 -1.406600 55.780540 43.151836 -0.568569 -0.471193 0.674319 0.180000 0.069900
ConmocionLance.jpg
5 -1.406600 55.780540 43.151836 -0.568569 -0.471193 0.674319 0.180000 0.069900
5 -1.959900 52.383213 40.549870 -0.854861 -0.461450 0.237228 0.209400 0.073400
5 0.171300 52.383213 40.549870 0.850936 -0.379782 0.362868 0.209400 0.059200
ConmocionLance.jpg
5 -1.640200 38.775391 -25.263962 -0.901135 -0.429636 0.058036 0.084200 0.690800
5 -0.893400 48.067589 -18.560570 0.000097 0.990730 -0.135845 0.018300 0.609900
5 -1.405800 36.181934 -48.776459 -0.748217 -0.663162 -0.019682 0.051600 0.903700
ConmocionLance.jpg
5 -1.405800 36.181934 -48.776459 -0.748217 -0.663162 -0.019682 0.051600 0.903700
5 -0.893400 48.067589 -18.560570 0.000097 0.990730 -0.135845 0.018300 0.609900
5 -0.894300 37.258129 -58.902008 0.000020 -0.971518 -0.236966 0.018300 0.990200
ConmocionLance.jpg
5 -0.893400 48.067589 -18.560570 0.000097 0.990730 -0.135845 0.018300 0.609900
5 -1.640200 38.775391 -25.263962 -0.901135 -0.429636 0.058036 0.084200 0.690800
5 -0.894300 46.970680 -13.657242 0.000064 0.999926 0.012201 0.039500 0.569400
ConmocionLance.jpg
5 -0.894300 46.970680 -13.657242 0.000064 0.999926 0.012201 0.039500 0.569400
5 -1.640200 38.775391 -25.263962 -0.901135 -0.429636 0.058036 0.084200 0.690800
5 -0.894300 47.930634 -5.743370 0.000000 0.978197 -0.207680 0.049700 0.497500
ConmocionLance.jpg
5 -1.640200 38.775391 -25.263962 -0.901135 -0.429636 0.058036 0.084200 0.690800
5 -1.959900 52.383213 40.549870 -0.854861 -0.461450 0.237228 0.119700 0.079900
5 -0.894300 53.695950 15.923355 0.000000 0.960258 -0.279114 0.050100 0.293400
ConmocionLance.jpg
5 -0.894300 53.695950 15.923355 0.000000 0.960258 -0.279114 0.050100 0.293400
5 -0.894300 47.930634 -5.743370 0.000000 0.978197 -0.207680 0.049700 0.497500
5 -1.640200 38.775391 -25.263962 -0.901135 -0.429636 0.058036 0.084200 0.690800
ConmocionLance.jpg
5 -0.894300 53.695950 15.923355 0.000000 0.960258 -0.279114 0.050100 0.293400
5 -1.959900 52.383213 40.549870 -0.854861 -0.461450 0.237228 0.119700 0.079900
5 -0.894300 56.867821 23.414253 0.000000 0.838754 -0.544511 0.039800 0.220000
ConmocionLance.jpg
5 -1.959900 52.383213 40.549870 -0.854861 -0.461450 0.237228 0.119700 0.079900
5 -1.406600 55.780540 43.151836 -0.568569 -0.471193 0.674319 0.095900 0.049000
5 -0.894300 62.177742 28.262775 0.001400 0.258848 0.965917 0.004600 0.164900
ConmocionLance.jpg
5 -0.894300 62.177742 28.262775 0.001400 0.258848 0.965917 0.004600 0.164900
5 -0.894300 56.867821 23.414253 0.000000 0.838754 -0.544511 0.039800 0.220000
5 -1.959900 52.383213 40.549870 -0.854861 -0.461450 0.237228 0.119700 0.079900
ConmocionLance.jpg
5 -0.894300 62.177742 28.262775 0.001400 0.258848 0.965917 0.004600 0.164900
5 -1.406600 55.780540 43.151836 -0.568569 -0.471193 0.674319 0.095900 0.049000
5 -0.894300 58.658783 46.062660 0.000091 -0.693516 0.720441 0.077500 0.016600
ConmocionLance.jpg
5 -0.894300 58.658783 46.062660 0.000091 -0.693516 0.720441 0.077500 0.016600
5 -1.924000 66.605011 44.785545 -0.998193 -0.015551 -0.058041 0.004600 0.009100
5 -0.894300 62.177742 28.262775 0.001400 0.258848 0.965917 0.004600 0.164900
ConmocionLance.jpg
5 -0.470400 95.706047 145.814240 0.707107 0.688193 -0.162449 0.984200 0.005600
5 -0.470400 95.129883 145.968643 1.000000 -0.000000 0.000000 0.992400 0.005600
5 -0.470400 91.537552 132.561859 1.000000 -0.000000 0.000000 0.992400 0.198100
ConmocionLance.jpg
5 -0.470400 91.537552 132.561859 1.000000 -0.000000 0.000000 0.992400 0.198100
5 -0.470400 92.515930 132.299759 0.707305 0.694914 -0.129673 0.978400 0.198100
5 -0.470400 95.706047 145.814240 0.707107 0.688193 -0.162449 0.984200 0.005600
ConmocionLance.jpg
5 -0.470400 92.515930 132.299759 0.707305 0.694914 -0.129673 0.978400 0.198100
5 -0.470400 91.537552 132.561859 1.000000 -0.000000 0.000000 0.992400 0.198100
5 -0.470400 87.790260 118.576828 1.000000 -0.000000 0.000000 0.992400 0.398800
ConmocionLance.jpg
5 -0.470400 87.790260 118.576828 1.000000 -0.000000 0.000000 0.992400 0.398800
5 -0.470400 90.183281 117.920677 0.712010 0.700183 0.052789 0.958000 0.399000
5 -0.470400 92.515930 132.299759 0.707305 0.694914 -0.129673 0.978400 0.198100
ConmocionLance.jpg
5 -0.470400 90.183281 117.920677 0.712010 0.700183 0.052789 0.958000 0.399000
5 -0.470400 87.790260 118.576828 1.000000 -0.000000 0.000000 0.992400 0.398800
5 -0.470400 88.188759 109.328331 0.711099 0.363092 -0.602082 0.953900 0.521300
ConmocionLance.jpg
5 -0.470400 88.188759 109.328331 0.711099 0.363092 -0.602082 0.953900 0.521300
5 -0.470400 91.628326 110.505424 0.390812 0.636675 -0.664764 0.912100 0.493200
5 -0.470400 90.183281 117.920677 0.712010 0.700183 0.052789 0.958000 0.399000
ConmocionLance.jpg
5 -0.470400 87.790260 118.576828 1.000000 -0.000000 0.000000 0.992400 0.398800
5 -0.470400 84.581970 106.594788 0.707107 0.427104 -0.563544 0.992400 0.570800
5 -0.470400 88.188759 109.328331 0.711099 0.363092 -0.602082 0.953900 0.521300
ConmocionLance.jpg
5 -0.470400 95.706047 145.814240 0.707107 0.688193 -0.162449 0.941600 0.007500
5 -0.470400 92.515930 132.299759 0.707305 0.694914 -0.129673 0.941600 0.141300
5 -1.472300 92.515930 132.299759 -0.699346 0.699277 -0.148078 0.931700 0.141300
ConmocionLance.jpg
5 -1.472300 92.515930 132.299759 -0.699346 0.699277 -0.148078 0.931700 0.141300
5 -1.472300 95.706047 145.814240 -0.880667 0.460920 -0.109442 0.931700 0.007500
5 -0.470400 95.706047 145.814240 0.707107 0.688193 -0.162449 0.941600 0.007500
ConmocionLance.jpg
5 -0.470400 92.515930 132.299759 0.707305 0.694914 -0.129673 0.941600 0.141300
5 -0.470400 90.183281 117.920677 0.712010 0.700183 0.052789 0.941600 0.279000
5 -1.472300 90.183281 117.920677 -0.709326 0.704175 -0.031540 0.931700 0.279000
ConmocionLance.jpg
5 -1.472300 90.183281 117.920677 -0.709326 0.704175 -0.031540 0.931700 0.279000
5 -1.472300 92.515930 132.299759 -0.699346 0.699277 -0.148078 0.931700 0.141300
5 -0.470400 92.515930 132.299759 0.707305 0.694914 -0.129673 0.941600 0.141300
ConmocionLance.jpg
5 -0.470400 90.183281 117.920677 0.712010 0.700183 0.052789 0.941600 0.279000
5 -0.470400 91.628326 110.505424 0.390812 0.636675 -0.664764 0.941600 0.338300
5 -1.472300 91.628326 110.505424 -0.390812 0.893731 -0.220253 0.931700 0.338300
ConmocionLance.jpg
5 -1.472300 91.628326 110.505424 -0.390812 0.893731 -0.220253 0.931700 0.338300
5 -1.472300 90.183281 117.920677 -0.709326 0.704175 -0.031540 0.931700 0.279000
5 -0.470400 90.183281 117.920677 0.712010 0.700183 0.052789 0.941600 0.279000
ConmocionLance.jpg
5 -0.470400 88.188759 109.328331 0.711099 0.363092 -0.602082 0.941600 0.364000
5 -0.470400 84.581970 106.594788 0.707107 0.427104 -0.563544 0.941600 0.404200
5 -1.472300 84.581970 106.594788 -0.446549 0.540449 -0.713098 0.931700 0.404200
ConmocionLance.jpg
5 -1.472300 84.581970 106.594788 -0.446549 0.540449 -0.713098 0.931700 0.404200
5 -1.472300 88.188759 109.328331 -0.709831 0.299296 -0.637622 0.931700 0.364000
5 -0.470400 88.188759 109.328331 0.711099 0.363092 -0.602082 0.941600 0.364000
ConmocionLance.jpg
5 -0.470400 91.628326 110.505424 0.390812 0.636675 -0.664764 0.941600 0.338300
5 -0.470400 88.188759 109.328331 0.711099 0.363092 -0.602082 0.941600 0.364000
5 -1.472300 88.188759 109.328331 -0.709831 0.299296 -0.637622 0.931700 0.364000
ConmocionLance.jpg
5 -1.472300 88.188759 109.328331 -0.709831 0.299296 -0.637622 0.931700 0.364000
5 -1.472300 91.628326 110.505424 -0.390812 0.893731 -0.220253 0.931700 0.338300
5 -0.470400 91.628326 110.505424 0.390812 0.636675 -0.664764 0.941600 0.338300
ConmocionLance.jpg
5 -1.472300 95.706047 145.814240 -0.880667 0.460920 -0.109442 0.984200 0.005600
5 -1.472300 92.515930 132.299759 -0.699346 0.699277 -0.148078 0.978400 0.198100
5 -1.500500 91.537552 132.561859 -0.999412 0.033200 -0.008608 0.992400 0.198100
ConmocionLance.jpg
5 -1.500500 91.537552 132.561859 -0.999412 0.033200 -0.008608 0.992400 0.198100
5 -1.500500 95.129883 145.968643 -0.998884 0.045614 -0.012222 0.992400 0.005600
5 -1.472300 95.706047 145.814240 -0.880667 0.460920 -0.109442 0.984200 0.005600
ConmocionLance.jpg
5 -1.472300 92.515930 132.299759 -0.699346 0.699277 -0.148078 0.978400 0.198100
5 -1.472300 90.183281 117.920677 -0.709326 0.704175 -0.031540 0.958000 0.399000
5 -1.500500 87.790260 118.576828 -0.999911 0.012871 -0.003640 0.992400 0.398800
ConmocionLance.jpg
5 -1.500500 87.790260 118.576828 -0.999911 0.012871 -0.003640 0.992400 0.398800
5 -1.500500 91.537552 132.561859 -0.999412 0.033200 -0.008608 0.992400 0.198100
5 -1.472300 92.515930 132.299759 -0.699346 0.699277 -0.148078 0.978400 0.198100
ConmocionLance.jpg
5 -1.472300 90.183281 117.920677 -0.709326 0.704175 -0.031540 0.958000 0.399000
5 -1.472300 91.628326 110.505424 -0.390812 0.893731 -0.220253 0.912100 0.493200
5 -1.472300 88.188759 109.328331 -0.709831 0.299296 -0.637622 0.953900 0.521300
ConmocionLance.jpg
5 -1.472300 88.188759 109.328331 -0.709831 0.299296 -0.637622 0.953900 0.521300
5 -1.500500 87.790260 118.576828 -0.999911 0.012871 -0.003640 0.992400 0.398800
5 -1.472300 90.183281 117.920677 -0.709326 0.704175 -0.031540 0.958000 0.399000
ConmocionLance.jpg
5 -1.500500 87.790260 118.576828 -0.999911 0.012871 -0.003640 0.992400 0.398800
5 -1.472300 88.188759 109.328331 -0.709831 0.299296 -0.637622 0.953900 0.521300
5 -1.472300 84.581970 106.594788 -0.446549 0.540449 -0.713098 0.992400 0.570800
ConmocionLance.jpg
5 -0.470400 91.917130 146.829514 0.707107 -0.677217 0.203413 0.984200 0.005600
5 -0.470400 87.922562 133.530518 0.707305 -0.666649 0.235157 0.978400 0.198100
5 -0.470400 88.900963 133.268387 1.000000 -0.000000 0.000000 0.992400 0.198100
ConmocionLance.jpg
5 -0.470400 88.900963 133.268387 1.000000 -0.000000 0.000000 0.992400 0.198100
5 -0.470400 92.493279 146.675110 1.000000 -0.000000 0.000000 0.992400 0.005600
5 -0.470400 91.917130 146.829514 0.707107 -0.677217 0.203413 0.984200 0.005600
ConmocionLance.jpg
5 -0.470400 87.922562 133.530518 0.707305 -0.666649 0.235157 0.978400 0.198100
5 -0.470400 82.753189 119.911568 0.712010 -0.579982 0.395808 0.958000 0.399000
5 -0.470400 85.153664 119.283295 1.000000 -0.000000 0.000000 0.992400 0.398800
ConmocionLance.jpg
5 -0.470400 85.153664 119.283295 1.000000 -0.000000 0.000000 0.992400 0.398800
5 -0.470400 88.900963 133.268387 1.000000 -0.000000 0.000000 0.992400 0.198100
5 -0.470400 87.922562 133.530518 0.707305 -0.666649 0.235157 0.978400 0.198100
ConmocionLance.jpg
5 -0.470400 82.753189 119.911568 0.712010 -0.579982 0.395808 0.958000 0.399000
5 -0.470400 77.794113 114.212296 0.390811 -0.883759 -0.257363 0.912100 0.493200
5 -0.470400 80.184311 111.473106 0.711099 -0.615487 -0.339873 0.953900 0.521300
ConmocionLance.jpg
5 -0.470400 80.184311 111.473106 0.711099 -0.615487 -0.339873 0.953900 0.521300
5 -0.470400 85.153664 119.283295 1.000000 -0.000000 0.000000 0.992400 0.398800
5 -0.470400 82.753189 119.911568 0.712010 -0.579982 0.395808 0.958000 0.399000
ConmocionLance.jpg
5 -0.470400 85.153664 119.283295 1.000000 -0.000000 0.000000 0.992400 0.398800
5 -0.470400 80.184311 111.473106 0.711099 -0.615487 -0.339873 0.953900 0.521300
5 -0.470400 81.941124 107.302399 0.707107 -0.651654 -0.274494 0.992400 0.570800
ConmocionLance.jpg
5 -0.470400 91.917130 146.829514 0.707107 -0.677217 0.203413 0.941600 0.007500
5 -1.472300 91.917130 146.829514 -0.880667 -0.453889 0.135681 0.931700 0.007500
5 -1.472300 87.922562 133.530518 -0.699346 -0.679630 0.221399 0.931700 0.141300
ConmocionLance.jpg
5 -1.472300 87.922562 133.530518 -0.699346 -0.679630 0.221399 0.931700 0.141300
5 -0.470400 87.922562 133.530518 0.707305 -0.666649 0.235157 0.941600 0.141300
5 -0.470400 91.917130 146.829514 0.707107 -0.677217 0.203413 0.941600 0.007500
ConmocionLance.jpg
5 -0.470400 87.922562 133.530518 0.707305 -0.666649 0.235157 0.941600 0.141300
5 -1.472300 87.922562 133.530518 -0.699346 -0.679630 0.221399 0.931700 0.141300
5 -1.472300 82.753189 119.911568 -0.709326 -0.625604 0.324772 0.931700 0.279000
ConmocionLance.jpg
5 -1.472300 82.753189 119.911568 -0.709326 -0.625604 0.324772 0.931700 0.279000
5 -0.470400 82.753189 119.911568 0.712010 -0.579982 0.395808 0.941600 0.279000
5 -0.470400 87.922562 133.530518 0.707305 -0.666649 0.235157 0.941600 0.141300
ConmocionLance.jpg
5 -0.470400 82.753189 119.911568 0.712010 -0.579982 0.395808 0.941600 0.279000
5 -1.472300 82.753189 119.911568 -0.709326 -0.625604 0.324772 0.931700 0.279000
5 -1.472300 77.794113 114.212296 -0.390811 -0.884120 0.256122 0.931700 0.338300
ConmocionLance.jpg
5 -1.472300 77.794113 114.212296 -0.390811 -0.884120 0.256122 0.931700 0.338300
5 -0.470400 77.794113 114.212296 0.390811 -0.883759 -0.257363 0.941600 0.338300
5 -0.470400 82.753189 119.911568 0.712010 -0.579982 0.395808 0.941600 0.279000
ConmocionLance.jpg
5 -0.470400 80.184311 111.473106 0.711099 -0.615487 -0.339873 0.941600 0.364000
5 -1.472300 80.184311 111.473106 -0.709830 -0.578010 -0.402548 0.931700 0.364000
5 -1.472300 81.941124 107.302399 -0.446549 -0.824590 -0.347339 0.931700 0.404200
ConmocionLance.jpg
5 -1.472300 81.941124 107.302399 -0.446549 -0.824590 -0.347339 0.931700 0.404200
5 -0.470400 81.941124 107.302399 0.707107 -0.651654 -0.274494 0.941600 0.404200
5 -0.470400 80.184311 111.473106 0.711099 -0.615487 -0.339873 0.941600 0.364000
ConmocionLance.jpg
5 -0.470400 77.794113 114.212296 0.390811 -0.883759 -0.257363 0.941600 0.338300
5 -1.472300 77.794113 114.212296 -0.390811 -0.884120 0.256122 0.931700 0.338300
5 -1.472300 80.184311 111.473106 -0.709830 -0.578010 -0.402548 0.931700 0.364000
ConmocionLance.jpg
5 -1.472300 80.184311 111.473106 -0.709830 -0.578010 -0.402548 0.931700 0.364000
5 -0.470400 80.184311 111.473106 0.711099 -0.615487 -0.339873 0.941600 0.364000
5 -0.470400 77.794113 114.212296 0.390811 -0.883759 -0.257363 0.941600 0.338300
ConmocionLance.jpg
5 -1.472300 91.917130 146.829514 -0.880667 -0.453889 0.135681 0.984200 0.005600
5 -1.500500 92.493279 146.675110 -0.998884 -0.045615 0.012223 0.992400 0.005600
5 -1.500500 88.900963 133.268387 -0.999412 -0.033055 0.009145 0.992400 0.198100
ConmocionLance.jpg
5 -1.500500 88.900963 133.268387 -0.999412 -0.033055 0.009145 0.992400 0.198100
5 -1.472300 87.922562 133.530518 -0.699346 -0.679630 0.221399 0.978400 0.198100
5 -1.472300 91.917130 146.829514 -0.880667 -0.453889 0.135681 0.984200 0.005600
ConmocionLance.jpg
5 -1.472300 87.922562 133.530518 -0.699346 -0.679630 0.221399 0.978400 0.198100
5 -1.500500 88.900963 133.268387 -0.999412 -0.033055 0.009145 0.992400 0.198100
5 -1.500500 85.153664 119.283295 -0.999911 -0.012966 0.003283 0.992400 0.398800
ConmocionLance.jpg
5 -1.500500 85.153664 119.283295 -0.999911 -0.012966 0.003283 0.992400 0.398800
5 -1.472300 82.753189 119.911568 -0.709326 -0.625604 0.324772 0.958000 0.399000
5 -1.472300 87.922562 133.530518 -0.699346 -0.679630 0.221399 0.978400 0.198100
ConmocionLance.jpg
5 -1.472300 82.753189 119.911568 -0.709326 -0.625604 0.324772 0.958000 0.399000
5 -1.500500 85.153664 119.283295 -0.999911 -0.012966 0.003283 0.992400 0.398800
5 -1.472300 80.184311 111.473106 -0.709830 -0.578010 -0.402548 0.953900 0.521300
ConmocionLance.jpg
5 -1.472300 80.184311 111.473106 -0.709830 -0.578010 -0.402548 0.953900 0.521300
5 -1.472300 77.794113 114.212296 -0.390811 -0.884120 0.256122 0.912100 0.493200
5 -1.472300 82.753189 119.911568 -0.709326 -0.625604 0.324772 0.958000 0.399000
ConmocionLance.jpg
5 -1.500500 85.153664 119.283295 -0.999911 -0.012966 0.003283 0.992400 0.398800
5 -1.472300 81.941124 107.302399 -0.446549 -0.824590 -0.347339 0.992400 0.570800
5 -1.472300 80.184311 111.473106 -0.709830 -0.578010 -0.402548 0.953900 0.521300
ConmocionLance.jpg
5 -2.946800 94.309128 146.188599 -0.706789 0.688498 -0.162541 0.984200 0.005600
5 -2.350300 94.309128 146.188599 0.000000 0.965924 -0.258826 0.992400 0.005600
5 -2.350300 90.716690 132.781799 0.000000 0.965925 -0.258823 0.992400 0.198100
ConmocionLance.jpg
5 -2.350300 90.716690 132.781799 0.000000 0.965925 -0.258823 0.992400 0.198100
5 -3.363100 90.716690 132.781799 -0.704797 0.697336 -0.130322 0.978400 0.198100
5 -2.946800 94.309128 146.188599 -0.706789 0.688498 -0.162541 0.984200 0.005600
ConmocionLance.jpg
5 -3.363100 90.716690 132.781799 -0.704797 0.697336 -0.130322 0.978400 0.198100
5 -2.350300 90.716690 132.781799 0.000000 0.965925 -0.258823 0.992400 0.198100
5 -2.350300 86.969421 118.796753 -0.000003 0.965926 -0.258819 0.992400 0.398800
ConmocionLance.jpg
5 -2.350300 86.969421 118.796753 -0.000003 0.965926 -0.258819 0.992400 0.398800
5 -4.831600 86.965683 118.782852 -0.662663 0.747848 0.040017 0.958000 0.399000
5 -3.363100 90.716690 132.781799 -0.704797 0.697336 -0.130322 0.978400 0.198100
ConmocionLance.jpg
5 -4.831600 86.965683 118.782852 -0.662663 0.747848 0.040017 0.958000 0.399000
5 -2.350300 86.969421 118.796753 -0.000003 0.965926 -0.258819 0.992400 0.398800
5 -5.128800 84.683983 110.267418 -0.506549 0.560668 -0.655027 0.953900 0.521300
ConmocionLance.jpg
5 -5.128800 84.683983 110.267418 -0.506549 0.560668 -0.655027 0.953900 0.521300
5 -8.146600 85.208664 112.225540 -0.787029 0.253945 -0.562225 0.912100 0.493200
5 -4.831600 86.965683 118.782852 -0.662663 0.747848 0.040017 0.958000 0.399000
ConmocionLance.jpg
5 -2.350300 86.969421 118.796753 -0.000003 0.965926 -0.258819 0.992400 0.398800
5 -2.352400 83.758987 106.815308 -0.558404 0.570738 -0.602032 0.992400 0.570800
5 -5.128800 84.683983 110.267418 -0.506549 0.560668 -0.655027 0.953900 0.521300
ConmocionLance.jpg
5 -2.946800 94.309128 146.188599 -0.706789 0.688498 -0.162541 0.941600 0.007500
5 -3.363100 90.716690 132.781799 -0.704797 0.697336 -0.130322 0.941600 0.141300
5 -3.363100 89.749023 133.041107 -0.713775 -0.665694 0.217663 0.931700 0.141300
ConmocionLance.jpg
5 -3.363100 89.749023 133.041107 -0.713775 -0.665694 0.217663 0.931700 0.141300
5 -2.946800 93.341370 146.447845 -0.473547 -0.847142 0.241050 0.931700 0.007500
5 -2.946800 94.309128 146.188599 -0.706789 0.688498 -0.162541 0.941600 0.007500
ConmocionLance.jpg
5 -3.363100 90.716690 132.781799 -0.704797 0.697336 -0.130322 0.941600 0.141300
5 -4.831600 86.965683 118.782852 -0.662663 0.747848 0.040017 0.941600 0.279000
5 -4.831600 85.998009 119.042130 -0.688343 -0.645871 0.330205 0.931700 0.279000
ConmocionLance.jpg
5 -4.831600 85.998009 119.042130 -0.688343 -0.645871 0.330205 0.931700 0.279000
5 -3.363100 89.749023 133.041107 -0.713775 -0.665694 0.217663 0.931700 0.141300
5 -3.363100 90.716690 132.781799 -0.704797 0.697336 -0.130322 0.941600 0.141300
ConmocionLance.jpg
5 -4.831600 86.965683 118.782852 -0.662663 0.747848 0.040017 0.941600 0.279000
5 -8.146600 85.208664 112.225540 -0.787029 0.253945 -0.562225 0.941600 0.338300
5 -8.146600 84.240997 112.484840 -0.920281 -0.372696 0.119078 0.931700 0.338300
ConmocionLance.jpg
5 -8.146600 84.240997 112.484840 -0.920281 -0.372696 0.119078 0.931700 0.338300
5 -4.831600 85.998009 119.042130 -0.688343 -0.645871 0.330205 0.931700 0.279000
5 -4.831600 86.965683 118.782852 -0.662663 0.747848 0.040017 0.941600 0.279000
ConmocionLance.jpg
5 -5.128800 84.683983 110.267418 -0.506549 0.560668 -0.655027 0.941600 0.364000
5 -2.352400 83.758987 106.815308 -0.558404 0.570738 -0.602032 0.941600 0.404200
5 -2.352400 82.791321 107.074585 -0.706596 -0.573406 -0.414641 0.931700 0.404200
ConmocionLance.jpg
5 -2.352400 82.791321 107.074585 -0.706596 -0.573406 -0.414641 0.931700 0.404200
5 -5.128800 83.716331 110.526718 -0.454118 -0.825005 -0.336369 0.931700 0.364000
5 -5.128800 84.683983 110.267418 -0.506549 0.560668 -0.655027 0.941600 0.364000
ConmocionLance.jpg
5 -8.146600 85.208664 112.225540 -0.787029 0.253945 -0.562225 0.941600 0.338300
5 -5.128800 84.683983 110.267418 -0.506549 0.560668 -0.655027 0.941600 0.364000
5 -5.128800 83.716331 110.526718 -0.454118 -0.825005 -0.336369 0.931700 0.364000
ConmocionLance.jpg
5 -5.128800 83.716331 110.526718 -0.454118 -0.825005 -0.336369 0.931700 0.364000
5 -8.146600 84.240997 112.484840 -0.920281 -0.372696 0.119078 0.931700 0.338300
5 -8.146600 85.208664 112.225540 -0.787029 0.253945 -0.562225 0.941600 0.338300
ConmocionLance.jpg
5 -2.946800 93.341370 146.447845 -0.473547 -0.847142 0.241050 0.984200 0.005600
5 -3.363100 89.749023 133.041107 -0.713775 -0.665694 0.217663 0.978400 0.198100
5 -2.350300 89.721786 133.048401 -0.034302 -0.965285 0.258936 0.992400 0.198100
ConmocionLance.jpg
5 -2.350300 89.721786 133.048401 -0.034302 -0.965285 0.258936 0.992400 0.198100
5 -2.350300 93.314125 146.455170 -0.047243 -0.964847 0.258530 0.992400 0.005600
5 -2.946800 93.341370 146.447845 -0.473547 -0.847142 0.241050 0.984200 0.005600
ConmocionLance.jpg
5 -3.363100 89.749023 133.041107 -0.713775 -0.665694 0.217663 0.978400 0.198100
5 -4.831600 85.998009 119.042130 -0.688343 -0.645871 0.330205 0.958000 0.399000
5 -2.350300 85.974503 119.063347 -0.013374 -0.965887 0.258617 0.992400 0.398800
ConmocionLance.jpg
5 -2.350300 85.974503 119.063347 -0.013374 -0.965887 0.258617 0.992400 0.398800
5 -2.350300 89.721786 133.048401 -0.034302 -0.965285 0.258936 0.992400 0.198100
5 -3.363100 89.749023 133.041107 -0.713775 -0.665694 0.217663 0.978400 0.198100
ConmocionLance.jpg
5 -4.831600 85.998009 119.042130 -0.688343 -0.645871 0.330205 0.958000 0.399000
5 -8.146600 84.240997 112.484840 -0.920281 -0.372696 0.119078 0.912100 0.493200
5 -5.128800 83.716331 110.526718 -0.454118 -0.825005 -0.336369 0.953900 0.521300
ConmocionLance.jpg
5 -5.128800 83.716331 110.526718 -0.454118 -0.825005 -0.336369 0.953900 0.521300
5 -2.350300 85.974503 119.063347 -0.013374 -0.965887 0.258617 0.992400 0.398800
5 -4.831600 85.998009 119.042130 -0.688343 -0.645871 0.330205 0.958000 0.399000
ConmocionLance.jpg
5 -2.350300 85.974503 119.063347 -0.013374 -0.965887 0.258617 0.992400 0.398800
5 -5.128800 83.716331 110.526718 -0.454118 -0.825005 -0.336369 0.953900 0.521300
5 -2.352400 82.791321 107.074585 -0.706596 -0.573406 -0.414641 0.992400 0.570800
ConmocionLance.jpg
5 0.975800 94.309128 146.188599 0.706789 0.688499 -0.162536 0.984200 0.005600
5 1.392200 90.716690 132.781799 0.704797 0.697336 -0.130320 0.978400 0.198100
5 0.379400 90.716690 132.781799 0.000000 0.965925 -0.258823 0.992400 0.198100
ConmocionLance.jpg
5 0.379400 90.716690 132.781799 0.000000 0.965925 -0.258823 0.992400 0.198100
5 0.379400 94.309128 146.188599 0.000000 0.965924 -0.258826 0.992400 0.005600
5 0.975800 94.309128 146.188599 0.706789 0.688499 -0.162536 0.984200 0.005600
ConmocionLance.jpg
5 1.392200 90.716690 132.781799 0.704797 0.697336 -0.130320 0.978400 0.198100
5 2.860700 86.965683 118.782852 0.662663 0.747848 0.040017 0.958000 0.399000
5 0.379400 86.969421 118.796753 0.000003 0.965926 -0.258819 0.992400 0.398800
ConmocionLance.jpg
5 0.379400 86.969421 118.796753 0.000003 0.965926 -0.258819 0.992400 0.398800
5 0.379400 90.716690 132.781799 0.000000 0.965925 -0.258823 0.992400 0.198100
5 1.392200 90.716690 132.781799 0.704797 0.697336 -0.130320 0.978400 0.198100
ConmocionLance.jpg
5 2.860700 86.965683 118.782852 0.662663 0.747848 0.040017 0.958000 0.399000
5 6.175700 85.208664 112.225540 0.787029 0.253945 -0.562225 0.912100 0.493200
5 3.157900 84.683983 110.267418 0.506549 0.560668 -0.655027 0.953900 0.521300
ConmocionLance.jpg
5 3.157900 84.683983 110.267418 0.506549 0.560668 -0.655027 0.953900 0.521300
5 0.379400 86.969421 118.796753 0.000003 0.965926 -0.258819 0.992400 0.398800
5 2.860700 86.965683 118.782852 0.662663 0.747848 0.040017 0.958000 0.399000
ConmocionLance.jpg
5 0.379400 86.969421 118.796753 0.000003 0.965926 -0.258819 0.992400 0.398800
5 3.157900 84.683983 110.267418 0.506549 0.560668 -0.655027 0.953900 0.521300
5 0.381500 83.758987 106.815308 0.558404 0.570738 -0.602032 0.992400 0.570800
ConmocionLance.jpg
5 0.975800 94.309128 146.188599 0.706789 0.688499 -0.162536 0.941600 0.007500
5 0.975800 93.341370 146.447845 0.473549 -0.847139 0.241052 0.931700 0.007500
5 1.392200 89.749023 133.041107 0.713775 -0.665693 0.217666 0.931700 0.141300
ConmocionLance.jpg
5 1.392200 89.749023 133.041107 0.713775 -0.665693 0.217666 0.931700 0.141300
5 1.392200 90.716690 132.781799 0.704797 0.697336 -0.130320 0.941600 0.141300
5 0.975800 94.309128 146.188599 0.706789 0.688499 -0.162536 0.941600 0.007500
ConmocionLance.jpg
5 1.392200 90.716690 132.781799 0.704797 0.697336 -0.130320 0.941600 0.141300
5 1.392200 89.749023 133.041107 0.713775 -0.665693 0.217666 0.931700 0.141300
5 2.860700 85.998009 119.042130 0.688343 -0.645871 0.330205 0.931700 0.279000
ConmocionLance.jpg
5 2.860700 85.998009 119.042130 0.688343 -0.645871 0.330205 0.931700 0.279000
5 2.860700 86.965683 118.782852 0.662663 0.747848 0.040017 0.941600 0.279000
5 1.392200 90.716690 132.781799 0.704797 0.697336 -0.130320 0.941600 0.141300
ConmocionLance.jpg
5 2.860700 86.965683 118.782852 0.662663 0.747848 0.040017 0.941600 0.279000
5 2.860700 85.998009 119.042130 0.688343 -0.645871 0.330205 0.931700 0.279000
5 6.175700 84.240997 112.484840 0.920281 -0.372696 0.119078 0.931700 0.338300
ConmocionLance.jpg
5 6.175700 84.240997 112.484840 0.920281 -0.372696 0.119078 0.931700 0.338300
5 6.175700 85.208664 112.225540 0.787029 0.253945 -0.562225 0.941600 0.338300
5 2.860700 86.965683 118.782852 0.662663 0.747848 0.040017 0.941600 0.279000
ConmocionLance.jpg
5 3.157900 84.683983 110.267418 0.506549 0.560668 -0.655027 0.941600 0.364000
5 3.157900 83.716331 110.526718 0.454118 -0.825005 -0.336369 0.931700 0.364000
5 0.381500 82.791321 107.074585 0.706597 -0.573406 -0.414641 0.931700 0.404200
ConmocionLance.jpg
5 0.381500 82.791321 107.074585 0.706597 -0.573406 -0.414641 0.931700 0.404200
5 0.381500 83.758987 106.815308 0.558404 0.570738 -0.602032 0.941600 0.404200
5 3.157900 84.683983 110.267418 0.506549 0.560668 -0.655027 0.941600 0.364000
ConmocionLance.jpg
5 6.175700 85.208664 112.225540 0.787029 0.253945 -0.562225 0.941600 0.338300
5 6.175700 84.240997 112.484840 0.920281 -0.372696 0.119078 0.931700 0.338300
5 3.157900 83.716331 110.526718 0.454118 -0.825005 -0.336369 0.931700 0.364000
ConmocionLance.jpg
5 3.157900 83.716331 110.526718 0.454118 -0.825005 -0.336369 0.931700 0.364000
5 3.157900 84.683983 110.267418 0.506549 0.560668 -0.655027 0.941600 0.364000
5 6.175700 85.208664 112.225540 0.787029 0.253945 -0.562225 0.941600 0.338300
ConmocionLance.jpg
5 0.975800 93.341370 146.447845 0.473549 -0.847139 0.241052 0.984200 0.005600
5 0.379400 93.314125 146.455170 0.047251 -0.964847 0.258530 0.992400 0.005600
5 0.379400 89.721786 133.048401 0.034305 -0.965285 0.258936 0.992400 0.198100
ConmocionLance.jpg
5 0.379400 89.721786 133.048401 0.034305 -0.965285 0.258936 0.992400 0.198100
5 1.392200 89.749023 133.041107 0.713775 -0.665693 0.217666 0.978400 0.198100
5 0.975800 93.341370 146.447845 0.473549 -0.847139 0.241052 0.984200 0.005600
ConmocionLance.jpg
5 1.392200 89.749023 133.041107 0.713775 -0.665693 0.217666 0.978400 0.198100
5 0.379400 89.721786 133.048401 0.034305 -0.965285 0.258936 0.992400 0.198100
5 0.379400 85.974503 119.063347 0.013374 -0.965887 0.258617 0.992400 0.398800
ConmocionLance.jpg
5 0.379400 85.974503 119.063347 0.013374 -0.965887 0.258617 0.992400 0.398800
5 2.860700 85.998009 119.042130 0.688343 -0.645871 0.330205 0.958000 0.399000
5 1.392200 89.749023 133.041107 0.713775 -0.665693 0.217666 0.978400 0.198100
ConmocionLance.jpg
5 2.860700 85.998009 119.042130 0.688343 -0.645871 0.330205 0.958000 0.399000
5 0.379400 85.974503 119.063347 0.013374 -0.965887 0.258617 0.992400 0.398800
5 3.157900 83.716331 110.526718 0.454118 -0.825005 -0.336369 0.953900 0.521300
ConmocionLance.jpg
5 3.157900 83.716331 110.526718 0.454118 -0.825005 -0.336369 0.953900 0.521300
5 6.175700 84.240997 112.484840 0.920281 -0.372696 0.119078 0.912100 0.493200
5 2.860700 85.998009 119.042130 0.688343 -0.645871 0.330205 0.958000 0.399000
ConmocionLance.jpg
5 0.379400 85.974503 119.063347 0.013374 -0.965887 0.258617 0.992400 0.398800
5 0.381500 82.791321 107.074585 0.706597 -0.573406 -0.414641 0.992400 0.570800
5 3.157900 83.716331 110.526718 0.454118 -0.825005 -0.336369 0.953900 0.521300
ConmocionLance.jpg
5 -9.648000 47.951302 -27.722641 -0.432016 0.860203 -0.270949 0.084200 0.690800
5 -2.407400 49.529907 -18.952332 0.992131 0.032489 0.120916 0.018300 0.609900
5 -6.067600 41.673077 -50.247772 -0.787786 0.514711 -0.338328 0.051600 0.903700
ConmocionLance.jpg
5 -6.067600 41.673077 -50.247772 -0.787786 0.514711 -0.338328 0.051600 0.903700
5 -2.407400 49.529907 -18.952332 0.992131 0.032489 0.120916 0.018300 0.609900
5 -2.407400 38.719707 -59.293625 -0.877081 -0.124299 -0.463982 0.018300 0.990200
ConmocionLance.jpg
5 -2.407400 49.529907 -18.952332 0.992131 0.032489 0.120916 0.018300 0.609900
5 -9.648000 47.951302 -27.722641 -0.432016 0.860203 -0.270949 0.084200 0.690800
5 -4.736000 50.681465 -14.651558 0.962696 0.070087 0.261351 0.039500 0.569400
ConmocionLance.jpg
5 -4.736000 50.681465 -14.651558 0.962696 0.070087 0.261351 0.039500 0.569400
5 -9.648000 47.951302 -27.722641 -0.432016 0.860203 -0.270949 0.084200 0.690800
5 -5.857000 52.724236 -7.027824 0.998617 0.013603 0.050782 0.049700 0.497500
ConmocionLance.jpg
5 -9.648000 47.951302 -27.722641 -0.432016 0.860203 -0.270949 0.084200 0.690800
5 -13.537700 64.845787 34.093224 -0.460961 0.887108 0.023560 0.119700 0.079900
5 -5.895900 58.527134 14.628860 0.999760 -0.005674 -0.021170 0.050100 0.293400
ConmocionLance.jpg
5 -5.895900 58.527134 14.628860 0.999760 -0.005674 -0.021170 0.050100 0.293400
5 -5.857000 52.724236 -7.027824 0.998617 0.013603 0.050782 0.049700 0.497500
5 -9.648000 47.951302 -27.722641 -0.432016 0.860203 -0.270949 0.084200 0.690800
ConmocionLance.jpg
5 -5.895900 58.527134 14.628860 0.999760 -0.005674 -0.021170 0.050100 0.293400
5 -13.537700 64.845787 34.093224 -0.460961 0.887108 0.023560 0.119700 0.079900
5 -4.770801 60.612343 22.410942 0.948789 -0.081762 -0.305146 0.039800 0.220000
ConmocionLance.jpg
5 -13.537700 64.845787 34.093224 -0.460961 0.887108 0.023560 0.119700 0.079900
5 -10.929600 65.189438 37.513515 -0.519026 0.816428 0.253095 0.095900 0.049000
5 -0.896800 62.180157 28.262127 0.000007 0.258889 0.965907 0.004600 0.164900
ConmocionLance.jpg
5 -0.896800 62.180157 28.262127 0.000007 0.258889 0.965907 0.004600 0.164900
5 -4.770801 60.612343 22.410942 0.948789 -0.081762 -0.305146 0.039800 0.220000
5 -13.537700 64.845787 34.093224 -0.460961 0.887108 0.023560 0.119700 0.079900
ConmocionLance.jpg
5 -0.896800 62.180157 28.262127 0.000007 0.258889 0.965907 0.004600 0.164900
5 -10.929600 65.189438 37.513515 -0.519026 0.816428 0.253095 0.095900 0.049000
5 -8.902800 65.615097 41.081516 -0.732939 0.176092 0.657108 0.077500 0.016600
ConmocionLance.jpg
5 -8.902800 65.615097 41.081516 -0.732939 0.176092 0.657108 0.077500 0.016600
5 -0.896800 66.803406 44.732357 0.000000 0.962788 -0.270258 0.004600 0.009100
5 -0.896800 62.180157 28.262127 0.000007 0.258889 0.965907 0.004600 0.164900
ConmocionLance.jpg
5 -2.407400 38.719707 -59.293625 -0.877081 -0.124299 -0.463982 0.910800 0.066400
5 -6.067600 40.684898 -49.983002 -0.635475 -0.772063 0.009497 0.840400 0.069800
5 -6.067600 41.673077 -50.247772 -0.787786 0.514711 -0.338328 0.840400 0.062900
ConmocionLance.jpg
5 -6.067600 41.673077 -50.247772 -0.787786 0.514711 -0.338328 0.840400 0.062900
5 -6.067600 40.684898 -49.983002 -0.635475 -0.772063 0.009497 0.840400 0.069800
5 -9.648000 46.510342 -27.336540 -0.430161 -0.884727 0.179498 0.676800 0.071300
ConmocionLance.jpg
5 -9.648000 46.510342 -27.336540 -0.430161 -0.884727 0.179498 0.676800 0.071300
5 -9.648000 47.951302 -27.722641 -0.432016 0.860203 -0.270949 0.676800 0.061400
5 -6.067600 41.673077 -50.247772 -0.787786 0.514711 -0.338328 0.840400 0.062900
ConmocionLance.jpg
5 -9.648000 47.951302 -27.722641 -0.432016 0.860203 -0.270949 0.676800 0.061400
5 -9.648000 46.510342 -27.336540 -0.430161 -0.884727 0.179498 0.676800 0.071300
5 -13.537600 62.787193 34.644814 -0.507316 -0.797379 0.326828 0.209400 0.073400
ConmocionLance.jpg
5 -13.537600 62.787193 34.644814 -0.507316 -0.797379 0.326828 0.209400 0.073400
5 -13.537700 64.845787 34.093224 -0.460961 0.887108 0.023560 0.209400 0.059200
5 -9.648000 47.951302 -27.722641 -0.432016 0.860203 -0.270949 0.676800 0.061400
ConmocionLance.jpg
5 -10.929600 65.189438 37.513515 -0.519026 0.816428 0.253095 0.180000 0.062800
5 -10.929600 64.199753 37.778713 -0.631983 -0.408734 0.658433 0.180000 0.069900
5 -8.902800 65.615097 41.081516 -0.732939 0.176092 0.657108 0.151800 0.066400
ConmocionLance.jpg
5 -8.902800 65.615097 41.081516 -0.732939 0.176092 0.657108 0.151800 0.066400
5 -8.902800 65.615097 41.081516 -0.732939 0.176092 0.657108 0.151800 0.066400
5 -10.929600 65.189438 37.513515 -0.519026 0.816428 0.253095 0.180000 0.062800
ConmocionLance.jpg
5 -13.537700 64.845787 34.093224 -0.460961 0.887108 0.023560 0.209400 0.059200
5 -13.537600 62.787193 34.644814 -0.507316 -0.797379 0.326828 0.209400 0.073400
5 -10.929600 64.199753 37.778713 -0.631983 -0.408734 0.658433 0.180000 0.069900
ConmocionLance.jpg
5 -10.929600 64.199753 37.778713 -0.631983 -0.408734 0.658433 0.180000 0.069900
5 -10.929600 65.189438 37.513515 -0.519026 0.816428 0.253095 0.180000 0.062800
5 -13.537700 64.845787 34.093224 -0.460961 0.887108 0.023560 0.209400 0.059200
ConmocionLance.jpg
5 -9.648000 46.510342 -27.336540 -0.430161 -0.884727 0.179498 0.084200 0.690800
5 -6.067600 40.684898 -49.983002 -0.635475 -0.772063 0.009497 0.051600 0.903700
5 -2.407400 49.529907 -18.952332 0.992131 0.032489 0.120916 0.018300 0.609900
ConmocionLance.jpg
5 -6.067600 40.684898 -49.983002 -0.635475 -0.772063 0.009497 0.051600 0.903700
5 -2.407400 38.719707 -59.293625 -0.877081 -0.124299 -0.463982 0.018300 0.990200
5 -2.407400 49.529907 -18.952332 0.992131 0.032489 0.120916 0.018300 0.609900
ConmocionLance.jpg
5 -2.407400 49.529907 -18.952332 0.992131 0.032489 0.120916 0.018300 0.609900
5 -4.736000 50.681465 -14.651558 0.962696 0.070087 0.261351 0.039500 0.569400
5 -9.648000 46.510342 -27.336540 -0.430161 -0.884727 0.179498 0.084200 0.690800
ConmocionLance.jpg
5 -4.736000 50.681465 -14.651558 0.962696 0.070087 0.261351 0.039500 0.569400
5 -5.857000 52.724236 -7.027824 0.998617 0.013603 0.050782 0.049700 0.497500
5 -9.648000 46.510342 -27.336540 -0.430161 -0.884727 0.179498 0.084200 0.690800
ConmocionLance.jpg
5 -9.648000 46.510342 -27.336540 -0.430161 -0.884727 0.179498 0.084200 0.690800
5 -5.857000 52.724236 -7.027824 0.998617 0.013603 0.050782 0.049700 0.497500
5 -5.895900 58.527134 14.628860 0.999760 -0.005674 -0.021170 0.050100 0.293400
ConmocionLance.jpg
5 -5.895900 58.527134 14.628860 0.999760 -0.005674 -0.021170 0.050100 0.293400
5 -13.537600 62.787193 34.644814 -0.507316 -0.797379 0.326828 0.119700 0.079900
5 -9.648000 46.510342 -27.336540 -0.430161 -0.884727 0.179498 0.084200 0.690800
ConmocionLance.jpg
5 -5.895900 58.527134 14.628860 0.999760 -0.005674 -0.021170 0.050100 0.293400
5 -4.770801 60.612343 22.410942 0.948789 -0.081762 -0.305146 0.039800 0.220000
5 -13.537600 62.787193 34.644814 -0.507316 -0.797379 0.326828 0.119700 0.079900
ConmocionLance.jpg
5 -13.537600 62.787193 34.644814 -0.507316 -0.797379 0.326828 0.119700 0.079900
5 -4.770801 60.612343 22.410942 0.948789 -0.081762 -0.305146 0.039800 0.220000
5 -0.896800 62.180157 28.262127 0.000007 0.258889 0.965907 0.004600 0.164900
ConmocionLance.jpg
5 -0.896800 62.180157 28.262127 0.000007 0.258889 0.965907 0.004600 0.164900
5 -10.929600 64.199753 37.778713 -0.631983 -0.408734 0.658433 0.095900 0.049000
5 -13.537600 62.787193 34.644814 -0.507316 -0.797379 0.326828 0.119700 0.079900
ConmocionLance.jpg
5 -0.896800 62.180157 28.262127 0.000007 0.258889 0.965907 0.004600 0.164900
5 -8.902800 65.615097 41.081516 -0.732939 0.176092 0.657108 0.077500 0.016600
5 -10.929600 64.199753 37.778713 -0.631983 -0.408734 0.658433 0.095900 0.049000
ConmocionLance.jpg
5 -8.902800 65.615097 41.081516 -0.732939 0.176092 0.657108 0.077500 0.016600
5 -0.896800 62.180157 28.262127 0.000007 0.258889 0.965907 0.004600 0.164900
5 -0.896800 66.406502 44.838722 0.000000 -0.969001 0.247055 0.004600 0.009100
ConmocionLance.jpg
5 7.854300 47.951302 -27.722641 0.432013 0.860204 -0.270949 0.084200 0.690800
5 4.273900 41.673077 -50.247772 0.787786 0.514711 -0.338328 0.051600 0.903700
5 0.613700 49.529907 -18.952332 -0.992131 0.032489 0.120916 0.018300 0.609900
ConmocionLance.jpg
5 4.273900 41.673077 -50.247772 0.787786 0.514711 -0.338328 0.051600 0.903700
5 0.613700 38.719707 -59.293625 0.877081 -0.124299 -0.463982 0.018300 0.990200
5 0.613700 49.529907 -18.952332 -0.992131 0.032489 0.120916 0.018300 0.609900
ConmocionLance.jpg
5 0.613700 49.529907 -18.952332 -0.992131 0.032489 0.120916 0.018300 0.609900
5 2.942300 50.681465 -14.651558 -0.962696 0.070087 0.261351 0.039500 0.569400
5 7.854300 47.951302 -27.722641 0.432013 0.860204 -0.270949 0.084200 0.690800
ConmocionLance.jpg
5 2.942300 50.681465 -14.651558 -0.962696 0.070087 0.261351 0.039500 0.569400
5 4.063300 52.724236 -7.027824 -0.998617 0.013603 0.050785 0.049700 0.497500
5 7.854300 47.951302 -27.722641 0.432013 0.860204 -0.270949 0.084200 0.690800
ConmocionLance.jpg
5 7.854300 47.951302 -27.722641 0.432013 0.860204 -0.270949 0.084200 0.690800
5 4.063300 52.724236 -7.027824 -0.998617 0.013603 0.050785 0.049700 0.497500
5 4.102300 58.527134 14.628860 -0.999760 -0.005674 -0.021168 0.050100 0.293400
ConmocionLance.jpg
5 4.102300 58.527134 14.628860 -0.999760 -0.005674 -0.021168 0.050100 0.293400
5 11.744000 64.845787 34.093224 0.460956 0.887111 0.023552 0.119700 0.079900
5 7.854300 47.951302 -27.722641 0.432013 0.860204 -0.270949 0.084200 0.690800
ConmocionLance.jpg
5 4.102300 58.527134 14.628860 -0.999760 -0.005674 -0.021168 0.050100 0.293400
5 2.977200 60.612343 22.410942 -0.948789 -0.081762 -0.305146 0.039800 0.220000
5 11.744000 64.845787 34.093224 0.460956 0.887111 0.023552 0.119700 0.079900
ConmocionLance.jpg
5 11.744000 64.845787 34.093224 0.460956 0.887111 0.023552 0.119700 0.079900
5 2.977200 60.612343 22.410942 -0.948789 -0.081762 -0.305146 0.039800 0.220000
5 -0.896800 62.180157 28.262127 0.000007 0.258889 0.965907 0.004600 0.164900
ConmocionLance.jpg
5 -0.896800 62.180157 28.262127 0.000007 0.258889 0.965907 0.004600 0.164900
5 9.136000 65.189438 37.513515 0.519026 0.816428 0.253096 0.095900 0.049000
5 11.744000 64.845787 34.093224 0.460956 0.887111 0.023552 0.119700 0.079900
ConmocionLance.jpg
5 -0.896800 62.180157 28.262127 0.000007 0.258889 0.965907 0.004600 0.164900
5 7.109099 65.615097 41.081516 0.732929 0.176095 0.657119 0.077500 0.016600
5 9.136000 65.189438 37.513515 0.519026 0.816428 0.253096 0.095900 0.049000
ConmocionLance.jpg
5 7.109099 65.615097 41.081516 0.732929 0.176095 0.657119 0.077500 0.016600
5 -0.896800 62.180157 28.262127 0.000007 0.258889 0.965907 0.004600 0.164900
5 -0.896800 66.803406 44.732357 0.000000 0.962788 -0.270258 0.004600 0.009100
ConmocionLance.jpg
5 0.613700 38.719707 -59.293625 0.877081 -0.124299 -0.463982 0.910800 0.066400
5 4.273900 41.673077 -50.247772 0.787786 0.514711 -0.338328 0.840400 0.062900
5 4.273900 40.684898 -49.983002 0.635475 -0.772063 0.009497 0.840400 0.069800
ConmocionLance.jpg
5 4.273900 41.673077 -50.247772 0.787786 0.514711 -0.338328 0.840400 0.062900
5 7.854300 47.951302 -27.722641 0.432013 0.860204 -0.270949 0.676800 0.061400
5 7.854300 46.510342 -27.336540 0.430161 -0.884727 0.179498 0.676800 0.071300
ConmocionLance.jpg
5 7.854300 46.510342 -27.336540 0.430161 -0.884727 0.179498 0.676800 0.071300
5 4.273900 40.684898 -49.983002 0.635475 -0.772063 0.009497 0.840400 0.069800
5 4.273900 41.673077 -50.247772 0.787786 0.514711 -0.338328 0.840400 0.062900
ConmocionLance.jpg
5 7.854300 47.951302 -27.722641 0.432013 0.860204 -0.270949 0.676800 0.061400
5 11.744000 64.845787 34.093224 0.460956 0.887111 0.023552 0.209400 0.059200
5 11.744000 62.787193 34.644814 0.507325 -0.797374 0.326827 0.209400 0.073400
ConmocionLance.jpg
5 11.744000 62.787193 34.644814 0.507325 -0.797374 0.326827 0.209400 0.073400
5 7.854300 46.510342 -27.336540 0.430161 -0.884727 0.179498 0.676800 0.071300
5 7.854300 47.951302 -27.722641 0.432013 0.860204 -0.270949 0.676800 0.061400
ConmocionLance.jpg
5 9.136000 65.189438 37.513515 0.519026 0.816428 0.253096 0.180000 0.062800
5 7.109099 65.615097 41.081516 0.732929 0.176095 0.657119 0.151800 0.066400
5 7.109099 65.615097 41.081516 0.732929 0.176095 0.657119 0.151800 0.066400
ConmocionLance.jpg
5 7.109099 65.615097 41.081516 0.732929 0.176095 0.657119 0.151800 0.066400
5 9.136000 64.199753 37.778713 0.631988 -0.408726 0.658433 0.180000 0.069900
5 9.136000 65.189438 37.513515 0.519026 0.816428 0.253096 0.180000 0.062800
ConmocionLance.jpg
5 11.744000 64.845787 34.093224 0.460956 0.887111 0.023552 0.209400 0.059200
5 9.136000 65.189438 37.513515 0.519026 0.816428 0.253096 0.180000 0.062800
5 9.136000 64.199753 37.778713 0.631988 -0.408726 0.658433 0.180000 0.069900
ConmocionLance.jpg
5 9.136000 64.199753 37.778713 0.631988 -0.408726 0.658433 0.180000 0.069900
5 11.744000 62.787193 34.644814 0.507325 -0.797374 0.326827 0.209400 0.073400
5 11.744000 64.845787 34.093224 0.460956 0.887111 0.023552 0.209400 0.059200
ConmocionLance.jpg
5 7.854300 46.510342 -27.336540 0.430161 -0.884727 0.179498 0.084200 0.690800
5 0.613700 49.529907 -18.952332 -0.992131 0.032489 0.120916 0.018300 0.609900
5 4.273900 40.684898 -49.983002 0.635475 -0.772063 0.009497 0.051600 0.903700
ConmocionLance.jpg
5 4.273900 40.684898 -49.983002 0.635475 -0.772063 0.009497 0.051600 0.903700
5 0.613700 49.529907 -18.952332 -0.992131 0.032489 0.120916 0.018300 0.609900
5 0.613700 38.719707 -59.293625 0.877081 -0.124299 -0.463982 0.018300 0.990200
ConmocionLance.jpg
5 0.613700 49.529907 -18.952332 -0.992131 0.032489 0.120916 0.018300 0.609900
5 7.854300 46.510342 -27.336540 0.430161 -0.884727 0.179498 0.084200 0.690800
5 2.942300 50.681465 -14.651558 -0.962696 0.070087 0.261351 0.039500 0.569400
ConmocionLance.jpg
5 2.942300 50.681465 -14.651558 -0.962696 0.070087 0.261351 0.039500 0.569400
5 7.854300 46.510342 -27.336540 0.430161 -0.884727 0.179498 0.084200 0.690800
5 4.063300 52.724236 -7.027824 -0.998617 0.013603 0.050785 0.049700 0.497500
ConmocionLance.jpg
5 7.854300 46.510342 -27.336540 0.430161 -0.884727 0.179498 0.084200 0.690800
5 11.744000 62.787193 34.644814 0.507325 -0.797374 0.326827 0.119700 0.079900
5 4.102300 58.527134 14.628860 -0.999760 -0.005674 -0.021168 0.050100 0.293400
ConmocionLance.jpg
5 4.102300 58.527134 14.628860 -0.999760 -0.005674 -0.021168 0.050100 0.293400
5 4.063300 52.724236 -7.027824 -0.998617 0.013603 0.050785 0.049700 0.497500
5 7.854300 46.510342 -27.336540 0.430161 -0.884727 0.179498 0.084200 0.690800
ConmocionLance.jpg
5 4.102300 58.527134 14.628860 -0.999760 -0.005674 -0.021168 0.050100 0.293400
5 11.744000 62.787193 34.644814 0.507325 -0.797374 0.326827 0.119700 0.079900
5 2.977200 60.612343 22.410942 -0.948789 -0.081762 -0.305146 0.039800 0.220000
ConmocionLance.jpg
5 11.744000 62.787193 34.644814 0.507325 -0.797374 0.326827 0.119700 0.079900
5 9.136000 64.199753 37.778713 0.631988 -0.408726 0.658433 0.095900 0.049000
5 -0.896800 62.180157 28.262127 0.000007 0.258889 0.965907 0.004600 0.164900
ConmocionLance.jpg
5 -0.896800 62.180157 28.262127 0.000007 0.258889 0.965907 0.004600 0.164900
5 2.977200 60.612343 22.410942 -0.948789 -0.081762 -0.305146 0.039800 0.220000
5 11.744000 62.787193 34.644814 0.507325 -0.797374 0.326827 0.119700 0.079900
ConmocionLance.jpg
5 -0.896800 62.180157 28.262127 0.000007 0.258889 0.965907 0.004600 0.164900
5 9.136000 64.199753 37.778713 0.631988 -0.408726 0.658433 0.095900 0.049000
5 7.109099 65.615097 41.081516 0.732929 0.176095 0.657119 0.077500 0.016600
ConmocionLance.jpg
5 7.109099 65.615097 41.081516 0.732929 0.176095 0.657119 0.077500 0.016600
5 -0.896800 66.406502 44.838722 0.000000 -0.969001 0.247055 0.004600 0.009100
5 -0.896800 62.180157 28.262127 0.000007 0.258889 0.965907 0.004600 0.164900
ConmocionLance.jpg
5 0.919400 71.801437 64.182747 0.952421 0.294400 -0.078884 0.363700 0.029400
5 -0.934900 73.667130 63.682838 -0.000013 0.965926 -0.258819 0.363700 0.007800
5 -0.934900 87.582298 115.615028 -0.000013 0.965926 -0.258819 0.871300 0.007800
ConmocionLance.jpg
5 -0.934900 87.582298 115.615028 -0.000013 0.965926 -0.258819 0.871300 0.007800
5 0.919400 85.716621 116.114937 0.952421 -0.294399 0.078884 0.871300 0.029400
5 0.919400 71.801437 64.182747 0.952421 0.294400 -0.078884 0.363700 0.029400
ConmocionLance.jpg
5 -0.934900 69.935753 64.682663 -0.000013 -0.965926 0.258819 0.363700 0.050900
5 0.919400 71.801437 64.182747 0.952421 0.294400 -0.078884 0.363700 0.029400
5 0.919400 85.716621 116.114937 0.952421 -0.294399 0.078884 0.871300 0.029400
ConmocionLance.jpg
5 0.919400 85.716621 116.114937 0.952421 -0.294399 0.078884 0.871300 0.029400
5 -0.934900 83.850929 116.614822 -0.000013 -0.965926 0.258819 0.871300 0.050900
5 -0.934900 69.935753 64.682663 -0.000013 -0.965926 0.258819 0.363700 0.050900
ConmocionLance.jpg
5 -2.789100 71.801437 64.182747 -0.952426 0.294385 -0.078880 0.363700 0.029400
5 -2.789100 85.716621 116.114937 -0.952426 -0.294384 0.078880 0.871300 0.029400
5 -0.934900 87.582298 115.615028 -0.000013 0.965926 -0.258819 0.871300 0.007800
ConmocionLance.jpg
5 -0.934900 87.582298 115.615028 -0.000013 0.965926 -0.258819 0.871300 0.007800
5 -0.934900 73.667130 63.682838 -0.000013 0.965926 -0.258819 0.363700 0.007800
5 -2.789100 71.801437 64.182747 -0.952426 0.294385 -0.078880 0.363700 0.029400
ConmocionLance.jpg
5 -0.934900 69.935753 64.682663 -0.000013 -0.965926 0.258819 0.363700 0.050900
5 -0.934900 83.850929 116.614822 -0.000013 -0.965926 0.258819 0.871300 0.050900
5 -2.789100 85.716621 116.114937 -0.952426 -0.294384 0.078880 0.871300 0.029400
ConmocionLance.jpg
5 -2.789100 85.716621 116.114937 -0.952426 -0.294384 0.078880 0.871300 0.029400
5 -2.789100 71.801437 64.182747 -0.952426 0.294385 -0.078880 0.363700 0.029400
5 -0.934900 69.935753 64.682663 -0.000013 -0.965926 0.258819 0.363700 0.050900
ConmocionLance.jpg
5 -0.934900 95.185516 146.272507 -0.000009 0.977091 -0.212821 0.109700 0.446200
5 0.417900 93.891273 146.619278 0.998866 0.012325 0.045987 0.134100 0.446200
5 1.786400 86.460182 118.886093 0.998010 0.016322 0.060912 0.146500 0.814400
ConmocionLance.jpg
5 1.786400 86.460182 118.886093 0.998010 0.016322 0.060912 0.146500 0.814400
5 -0.934900 89.072723 118.186081 -0.000000 0.983178 -0.182649 0.097300 0.814400
5 -0.934900 95.185516 146.272507 -0.000009 0.977091 -0.212821 0.109700 0.446200
ConmocionLance.jpg
5 -0.934900 89.072723 118.186081 -0.000000 0.983178 -0.182649 0.097300 0.814400
5 1.786400 86.460182 118.886093 0.998010 0.016322 0.060912 0.146500 0.814400
5 2.326700 84.974014 113.339661 0.999980 -0.001656 -0.006176 0.151400 0.888000
ConmocionLance.jpg
5 2.326700 84.974014 113.339661 0.999980 -0.001656 -0.006176 0.151400 0.888000
5 -0.934900 88.107010 112.500183 0.000000 0.934818 -0.355127 0.092400 0.888000
5 -0.934900 89.072723 118.186081 -0.000000 0.983178 -0.182649 0.097300 0.814400
ConmocionLance.jpg
5 -0.934900 88.107010 112.500183 0.000000 0.934818 -0.355127 0.092400 0.888000
5 2.326700 84.974014 113.339661 0.999980 -0.001656 -0.006176 0.151400 0.888000
5 0.924500 83.240402 106.869667 0.981049 -0.050148 -0.187159 0.139500 0.974100
ConmocionLance.jpg
5 0.924500 83.240402 106.869667 0.981049 -0.050148 -0.187159 0.139500 0.974100
5 -0.934900 85.116508 106.366974 0.000000 0.898844 -0.438269 0.104300 0.974100
5 -0.934900 88.107010 112.500183 0.000000 0.934818 -0.355127 0.092400 0.888000
ConmocionLance.jpg
5 -0.934900 92.597015 146.966064 -0.000009 -0.952596 0.304237 0.109700 0.446200
5 -0.934900 83.847649 119.586128 -0.000000 -0.942782 0.333410 0.097300 0.814400
5 1.786400 86.460182 118.886093 0.998010 0.016322 0.060912 0.146500 0.814400
ConmocionLance.jpg
5 1.786400 86.460182 118.886093 0.998010 0.016322 0.060912 0.146500 0.814400
5 0.417900 93.891273 146.619278 0.998866 0.012325 0.045987 0.134100 0.446200
5 -0.934900 92.597015 146.966064 -0.000009 -0.952596 0.304237 0.109700 0.446200
ConmocionLance.jpg
5 -0.934900 83.847649 119.586128 -0.000000 -0.942782 0.333410 0.097300 0.814400
5 -0.934900 81.841034 114.179123 -0.000000 -0.987140 0.159858 0.092400 0.888000
5 2.326700 84.974014 113.339661 0.999980 -0.001656 -0.006176 0.151400 0.888000
ConmocionLance.jpg
5 2.326700 84.974014 113.339661 0.999980 -0.001656 -0.006176 0.151400 0.888000
5 1.786400 86.460182 118.886093 0.998010 0.016322 0.060912 0.146500 0.814400
5 -0.934900 83.847649 119.586128 -0.000000 -0.942782 0.333410 0.097300 0.814400
ConmocionLance.jpg
5 -0.934900 81.841034 114.179123 -0.000000 -0.987140 0.159858 0.092400 0.888000
5 -0.934900 81.364281 107.372375 0.000000 -0.997556 0.069870 0.104300 0.974100
5 0.924500 83.240402 106.869667 0.981049 -0.050148 -0.187159 0.139500 0.974100
ConmocionLance.jpg
5 0.924500 83.240402 106.869667 0.981049 -0.050148 -0.187159 0.139500 0.974100
5 2.326700 84.974014 113.339661 0.999980 -0.001656 -0.006176 0.151400 0.888000
5 -0.934900 81.841034 114.179123 -0.000000 -0.987140 0.159858 0.092400 0.888000
ConmocionLance.jpg
5 -0.934900 95.185516 146.272507 -0.000009 0.977091 -0.212821 0.109700 0.446200
5 -0.934900 89.072723 118.186081 -0.000000 0.983178 -0.182649 0.097300 0.814400
5 -3.656200 86.460182 118.886093 -0.998010 0.016323 0.060913 0.146500 0.814400
ConmocionLance.jpg
5 -3.656200 86.460182 118.886093 -0.998010 0.016323 0.060913 0.146500 0.814400
5 -2.287600 93.891273 146.619278 -0.998866 0.012326 0.045990 0.134100 0.446200
5 -0.934900 95.185516 146.272507 -0.000009 0.977091 -0.212821 0.109700 0.446200
ConmocionLance.jpg
5 -0.934900 89.072723 118.186081 -0.000000 0.983178 -0.182649 0.097300 0.814400
5 -0.934900 88.107010 112.500183 0.000000 0.934818 -0.355127 0.092400 0.888000
5 -4.196500 84.974014 113.339661 -0.999980 -0.001656 -0.006176 0.151400 0.888000
ConmocionLance.jpg
5 -4.196500 84.974014 113.339661 -0.999980 -0.001656 -0.006176 0.151400 0.888000
5 -3.656200 86.460182 118.886093 -0.998010 0.016323 0.060913 0.146500 0.814400
5 -0.934900 89.072723 118.186081 -0.000000 0.983178 -0.182649 0.097300 0.814400
ConmocionLance.jpg
5 -0.934900 88.107010 112.500183 0.000000 0.934818 -0.355127 0.092400 0.888000
5 -0.934900 85.116508 106.366974 0.000000 0.898844 -0.438269 0.104300 0.974100
5 -2.794300 83.240402 106.869667 -0.981049 -0.050148 -0.187159 0.139500 0.974100
ConmocionLance.jpg
5 -2.794300 83.240402 106.869667 -0.981049 -0.050148 -0.187159 0.139500 0.974100
5 -4.196500 84.974014 113.339661 -0.999980 -0.001656 -0.006176 0.151400 0.888000
5 -0.934900 88.107010 112.500183 0.000000 0.934818 -0.355127 0.092400 0.888000
ConmocionLance.jpg
5 -0.934900 92.597015 146.966064 -0.000009 -0.952596 0.304237 0.109700 0.446200
5 -2.287600 93.891273 146.619278 -0.998866 0.012326 0.045990 0.134100 0.446200
5 -3.656200 86.460182 118.886093 -0.998010 0.016323 0.060913 0.146500 0.814400
ConmocionLance.jpg
5 -3.656200 86.460182 118.886093 -0.998010 0.016323 0.060913 0.146500 0.814400
5 -0.934900 83.847649 119.586128 -0.000000 -0.942782 0.333410 0.097300 0.814400
5 -0.934900 92.597015 146.966064 -0.000009 -0.952596 0.304237 0.109700 0.446200
ConmocionLance.jpg
5 -0.934900 83.847649 119.586128 -0.000000 -0.942782 0.333410 0.097300 0.814400
5 -3.656200 86.460182 118.886093 -0.998010 0.016323 0.060913 0.146500 0.814400
5 -4.196500 84.974014 113.339661 -0.999980 -0.001656 -0.006176 0.151400 0.888000
ConmocionLance.jpg
5 -4.196500 84.974014 113.339661 -0.999980 -0.001656 -0.006176 0.151400 0.888000
5 -0.934900 81.841034 114.179123 -0.000000 -0.987140 0.159858 0.092400 0.888000
5 -0.934900 83.847649 119.586128 -0.000000 -0.942782 0.333410 0.097300 0.814400
ConmocionLance.jpg
5 -0.934900 81.841034 114.179123 -0.000000 -0.987140 0.159858 0.092400 0.888000
5 -4.196500 84.974014 113.339661 -0.999980 -0.001656 -0.006176 0.151400 0.888000
5 -2.794300 83.240402 106.869667 -0.981049 -0.050148 -0.187159 0.139500 0.974100
ConmocionLance.jpg
5 -2.794300 83.240402 106.869667 -0.981049 -0.050148 -0.187159 0.139500 0.974100
5 -0.934900 81.364281 107.372375 0.000000 -0.997556 0.069870 0.104300 0.974100
5 -0.934900 81.841034 114.179123 -0.000000 -0.987140 0.159858 0.092400 0.888000
ConmocionLance.jpg
5 0.414000 93.811584 146.321915 0.872996 -0.126236 -0.471107 0.892300 0.528700
5 -0.491600 95.909103 145.759857 0.338488 0.283171 -0.897352 0.848500 0.528700
5 -0.491600 97.627136 150.081055 0.711458 0.597066 -0.370594 0.837600 0.435500
ConmocionLance.jpg
5 -0.491600 97.627136 150.081055 0.711458 0.597066 -0.370594 0.837600 0.435500
5 0.414000 95.011650 150.800629 0.998808 0.012627 0.047141 0.892300 0.435100
5 0.414000 93.811584 146.321915 0.872996 -0.126236 -0.471107 0.892300 0.528700
ConmocionLance.jpg
5 0.414000 95.011650 150.800629 0.998808 0.012627 0.047141 0.892300 0.435100
5 -0.491600 97.627136 150.081055 0.711458 0.597066 -0.370594 0.837600 0.435500
5 -0.274400 97.291359 156.063797 0.968400 0.141328 0.205493 0.875400 0.320600
ConmocionLance.jpg
5 -0.274400 97.291359 156.063797 0.968400 0.141328 0.205493 0.875400 0.320600
5 -0.035200 96.567673 156.607742 0.442823 0.232061 0.866057 0.892300 0.313800
5 0.414000 95.011650 150.800629 0.998808 0.012627 0.047141 0.892300 0.435100
ConmocionLance.jpg
5 -0.274400 97.291359 156.063797 0.968400 0.141328 0.205493 0.875400 0.320600
5 -0.491600 97.627136 150.081055 0.711458 0.597066 -0.370594 0.837600 0.435500
5 -0.934900 101.329926 150.929901 -0.000132 0.587868 -0.808957 0.769800 0.399600
ConmocionLance.jpg
5 -0.274400 97.291359 156.063797 0.968400 0.141328 0.205493 0.875400 0.320600
5 -0.934900 101.582802 154.271561 -0.000013 0.989241 0.146298 0.782400 0.333100
5 -0.934900 98.850471 162.416885 -0.000007 -0.866821 0.498620 0.878200 0.188600
ConmocionLance.jpg
5 -0.934900 101.329926 150.929901 -0.000132 0.587868 -0.808957 0.769800 0.399600
5 -0.934900 101.582802 154.271561 -0.000013 0.989241 0.146298 0.782400 0.333100
5 -0.274400 97.291359 156.063797 0.968400 0.141328 0.205493 0.875400 0.320600
ConmocionLance.jpg
5 -0.491600 97.627136 150.081055 0.711458 0.597066 -0.370594 0.835300 0.480700
5 -0.491600 95.909103 145.759857 0.338488 0.283171 -0.897352 0.835300 0.529200
5 -1.374400 95.909103 145.759857 -0.323617 0.688638 -0.648884 0.825000 0.529200
ConmocionLance.jpg
5 -1.374400 95.909103 145.759857 -0.323617 0.688638 -0.648884 0.825000 0.529200
5 -1.370800 97.627136 150.081055 -0.806764 0.481321 -0.342727 0.825100 0.480700
5 -0.491600 97.627136 150.081055 0.711458 0.597066 -0.370594 0.835300 0.480700
ConmocionLance.jpg
5 -0.491600 97.627136 150.081055 0.711458 0.597066 -0.370594 0.835300 0.480700
5 -1.370800 97.627136 150.081055 -0.806764 0.481321 -0.342727 0.825100 0.480700
5 -0.934900 101.329926 150.929901 -0.000132 0.587868 -0.808957 0.830100 0.441100
ConmocionLance.jpg
5 -0.491600 95.909103 145.759857 0.338488 0.283171 -0.897352 0.805800 0.426500
5 0.414000 93.811584 146.321915 0.872996 -0.126236 -0.471107 0.772100 0.412400
5 -2.283700 93.811584 146.321915 -0.674765 -0.191019 -0.712884 0.772100 0.454300
ConmocionLance.jpg
5 -2.283700 93.811584 146.321915 -0.674765 -0.191019 -0.712884 0.772100 0.454300
5 -1.374400 95.909103 145.759857 -0.323617 0.688638 -0.648884 0.805800 0.440100
5 -0.491600 95.909103 145.759857 0.338488 0.283171 -0.897352 0.805800 0.426500
ConmocionLance.jpg
5 -1.595300 97.291359 156.063797 -0.907495 0.244721 0.341415 0.811000 0.503800
5 -1.834500 96.567673 156.607742 -0.689739 0.187401 0.699386 0.814500 0.521200
5 -0.035200 96.567673 156.607742 0.442823 0.232061 0.866057 0.788700 0.521200
ConmocionLance.jpg
5 -0.035200 96.567673 156.607742 0.442823 0.232061 0.866057 0.788700 0.521200
5 -0.274400 97.291359 156.063797 0.968400 0.141328 0.205493 0.792100 0.503800
5 -1.595300 97.291359 156.063797 -0.907495 0.244721 0.341415 0.811000 0.503800
ConmocionLance.jpg
5 -0.274400 97.291359 156.063797 0.968400 0.141328 0.205493 0.792100 0.503800
5 -0.934900 98.850471 162.416885 -0.000007 -0.866821 0.498620 0.801600 0.452200
5 -1.595300 97.291359 156.063797 -0.907495 0.244721 0.341415 0.811000 0.503800
ConmocionLance.jpg
5 0.414000 93.811584 146.321915 0.872996 -0.126236 -0.471107 0.892300 0.528700
5 0.414000 95.011650 150.800629 0.998808 0.012627 0.047141 0.892300 0.435100
5 -0.491600 92.386887 151.485138 0.711456 -0.702374 -0.022402 0.837600 0.435500
ConmocionLance.jpg
5 -0.491600 92.386887 151.485138 0.711456 -0.702374 -0.022402 0.837600 0.435500
5 -0.491600 91.714066 146.883911 0.338490 -0.693912 -0.635539 0.848500 0.528700
5 0.414000 93.811584 146.321915 0.872996 -0.126236 -0.471107 0.892300 0.528700
ConmocionLance.jpg
5 0.414000 95.011650 150.800629 0.998808 0.012627 0.047141 0.892300 0.435100
5 -0.035200 96.567673 156.607742 0.442823 0.232061 0.866057 0.892300 0.313800
5 -0.274400 95.668976 156.498520 0.968400 -0.019649 0.248627 0.875400 0.320600
ConmocionLance.jpg
5 -0.274400 95.668976 156.498520 0.968400 -0.019649 0.248627 0.875400 0.320600
5 -0.491600 92.386887 151.485138 0.711456 -0.702374 -0.022402 0.837600 0.435500
5 0.414000 95.011650 150.800629 0.998808 0.012627 0.047141 0.892300 0.435100
ConmocionLance.jpg
5 -0.274400 95.668976 156.498520 0.968400 -0.019649 0.248627 0.875400 0.320600
5 -0.934900 89.604538 154.071716 -0.000132 -0.913585 -0.406648 0.769800 0.399600
5 -0.491600 92.386887 151.485138 0.711456 -0.702374 -0.022402 0.837600 0.435500
ConmocionLance.jpg
5 -0.274400 95.668976 156.498520 0.968400 -0.019649 0.248627 0.875400 0.320600
5 -0.934900 97.495277 162.779999 -0.000007 0.999999 -0.001591 0.878200 0.188600
5 -0.934900 91.056343 157.092087 -0.000013 -0.783559 0.621317 0.782400 0.333100
ConmocionLance.jpg
5 -0.934900 89.604538 154.071716 -0.000132 -0.913585 -0.406648 0.769800 0.399600
5 -0.274400 95.668976 156.498520 0.968400 -0.019649 0.248627 0.875400 0.320600
5 -0.934900 91.056343 157.092087 -0.000013 -0.783559 0.621317 0.782400 0.333100
ConmocionLance.jpg
5 -0.491600 92.386887 151.485138 0.711456 -0.702374 -0.022402 0.835300 0.480700
5 -1.370800 92.386887 151.485138 -0.806762 -0.588204 -0.056143 0.825100 0.480700
5 -1.374400 91.714066 146.883911 -0.323618 -0.920823 -0.217616 0.825000 0.529200
ConmocionLance.jpg
5 -1.374400 91.714066 146.883911 -0.323618 -0.920823 -0.217616 0.825000 0.529200
5 -0.491600 91.714066 146.883911 0.338490 -0.693912 -0.635539 0.835300 0.529200
5 -0.491600 92.386887 151.485138 0.711456 -0.702374 -0.022402 0.835300 0.480700
ConmocionLance.jpg
5 -0.491600 92.386887 151.485138 0.711456 -0.702374 -0.022402 0.835300 0.480700
5 -0.934900 89.604538 154.071716 -0.000132 -0.913585 -0.406648 0.830100 0.441100
5 -1.370800 92.386887 151.485138 -0.806762 -0.588204 -0.056143 0.825100 0.480700
ConmocionLance.jpg
5 -0.491600 91.714066 146.883911 0.338490 -0.693912 -0.635539 0.805800 0.426500
5 -1.374400 91.714066 146.883911 -0.323618 -0.920823 -0.217616 0.805800 0.440100
5 -2.283700 93.811584 146.321915 -0.674765 -0.191019 -0.712884 0.772100 0.454300
ConmocionLance.jpg
5 -2.283700 93.811584 146.321915 -0.674765 -0.191019 -0.712884 0.772100 0.454300
5 0.414000 93.811584 146.321915 0.872996 -0.126236 -0.471107 0.772100 0.412400
5 -0.491600 91.714066 146.883911 0.338490 -0.693912 -0.635539 0.805800 0.426500
ConmocionLance.jpg
5 -1.595300 95.668976 156.498520 -0.907495 -0.041228 0.418035 0.811000 0.503800
5 -0.274400 95.668976 156.498520 0.968400 -0.019649 0.248627 0.792100 0.503800
5 -0.035200 96.567673 156.607742 0.442823 0.232061 0.866057 0.788700 0.521200
ConmocionLance.jpg
5 -0.035200 96.567673 156.607742 0.442823 0.232061 0.866057 0.788700 0.521200
5 -1.834500 96.567673 156.607742 -0.689739 0.187401 0.699386 0.814500 0.521200
5 -1.595300 95.668976 156.498520 -0.907495 -0.041228 0.418035 0.811000 0.503800
ConmocionLance.jpg
5 -0.274400 95.668976 156.498520 0.968400 -0.019649 0.248627 0.792100 0.503800
5 -1.595300 95.668976 156.498520 -0.907495 -0.041228 0.418035 0.811000 0.503800
5 -0.934900 97.495277 162.779999 -0.000007 0.999999 -0.001591 0.801600 0.452200
ConmocionLance.jpg
5 -2.283700 93.811584 146.321915 -0.674765 -0.191019 -0.712884 0.892300 0.528700
5 -2.283800 95.011650 150.800629 -0.998814 0.012595 0.047023 0.892300 0.435100
5 -1.370800 97.627136 150.081055 -0.806764 0.481321 -0.342727 0.837600 0.435500
ConmocionLance.jpg
5 -1.370800 97.627136 150.081055 -0.806764 0.481321 -0.342727 0.837600 0.435500
5 -1.374400 95.909103 145.759857 -0.323617 0.688638 -0.648884 0.848500 0.528700
5 -2.283700 93.811584 146.321915 -0.674765 -0.191019 -0.712884 0.892300 0.528700
ConmocionLance.jpg
5 -2.283800 95.011650 150.800629 -0.998814 0.012595 0.047023 0.892300 0.435100
5 -1.834500 96.567673 156.607742 -0.689739 0.187401 0.699386 0.892300 0.313800
5 -1.595300 97.291359 156.063797 -0.907495 0.244721 0.341415 0.875400 0.320600
ConmocionLance.jpg
5 -1.595300 97.291359 156.063797 -0.907495 0.244721 0.341415 0.875400 0.320600
5 -1.370800 97.627136 150.081055 -0.806764 0.481321 -0.342727 0.837600 0.435500
5 -2.283800 95.011650 150.800629 -0.998814 0.012595 0.047023 0.892300 0.435100
ConmocionLance.jpg
5 -1.595300 97.291359 156.063797 -0.907495 0.244721 0.341415 0.875400 0.320600
5 -0.934900 101.329926 150.929901 -0.000132 0.587868 -0.808957 0.769800 0.399600
5 -1.370800 97.627136 150.081055 -0.806764 0.481321 -0.342727 0.837600 0.435500
ConmocionLance.jpg
5 -1.595300 97.291359 156.063797 -0.907495 0.244721 0.341415 0.875400 0.320600
5 -0.934900 98.850471 162.416885 -0.000007 -0.866821 0.498620 0.878200 0.188600
5 -0.934900 101.582802 154.271561 -0.000013 0.989241 0.146298 0.782400 0.333100
ConmocionLance.jpg
5 -0.934900 101.329926 150.929901 -0.000132 0.587868 -0.808957 0.769800 0.399600
5 -1.595300 97.291359 156.063797 -0.907495 0.244721 0.341415 0.875400 0.320600
5 -0.934900 101.582802 154.271561 -0.000013 0.989241 0.146298 0.782400 0.333100
ConmocionLance.jpg
5 -2.283700 93.811584 146.321915 -0.674765 -0.191019 -0.712884 0.892300 0.528700
5 -1.374400 91.714066 146.883911 -0.323618 -0.920823 -0.217616 0.848500 0.528700
5 -1.370800 92.386887 151.485138 -0.806762 -0.588204 -0.056143 0.837600 0.435500
ConmocionLance.jpg
5 -1.370800 92.386887 151.485138 -0.806762 -0.588204 -0.056143 0.837600 0.435500
5 -2.283800 95.011650 150.800629 -0.998814 0.012595 0.047023 0.892300 0.435100
5 -2.283700 93.811584 146.321915 -0.674765 -0.191019 -0.712884 0.892300 0.528700
ConmocionLance.jpg
5 -2.283800 95.011650 150.800629 -0.998814 0.012595 0.047023 0.892300 0.435100
5 -1.370800 92.386887 151.485138 -0.806762 -0.588204 -0.056143 0.837600 0.435500
5 -1.595300 95.668976 156.498520 -0.907495 -0.041228 0.418035 0.875400 0.320600
ConmocionLance.jpg
5 -1.595300 95.668976 156.498520 -0.907495 -0.041228 0.418035 0.875400 0.320600
5 -1.834500 96.567673 156.607742 -0.689739 0.187401 0.699386 0.892300 0.313800
5 -2.283800 95.011650 150.800629 -0.998814 0.012595 0.047023 0.892300 0.435100
ConmocionLance.jpg
5 -1.595300 95.668976 156.498520 -0.907495 -0.041228 0.418035 0.875400 0.320600
5 -1.370800 92.386887 151.485138 -0.806762 -0.588204 -0.056143 0.837600 0.435500
5 -0.934900 89.604538 154.071716 -0.000132 -0.913585 -0.406648 0.769800 0.399600
ConmocionLance.jpg
5 -1.595300 95.668976 156.498520 -0.907495 -0.041228 0.418035 0.875400 0.320600
5 -0.934900 91.056343 157.092087 -0.000013 -0.783559 0.621317 0.782400 0.333100
5 -0.934900 97.495277 162.779999 -0.000007 0.999999 -0.001591 0.878200 0.188600
ConmocionLance.jpg
5 -0.934900 89.604538 154.071716 -0.000132 -0.913585 -0.406648 0.769800 0.399600
5 -0.934900 91.056343 157.092087 -0.000013 -0.783559 0.621317 0.782400 0.333100
5 -1.595300 95.668976 156.498520 -0.907495 -0.041228 0.418035 0.875400 0.320600
ConmocionLance.jpg
5 3.772200 64.844360 60.823204 0.859432 -0.449936 -0.242763 0.467800 0.648100
5 7.679999 72.621834 68.498672 0.915382 0.222973 -0.335199 0.403200 0.553900
5 7.679999 72.621834 68.498672 0.000000 -0.000000 0.000000 0.403200 0.553900
ConmocionLance.jpg
5 7.679999 72.621834 68.498672 0.915382 0.222973 -0.335199 0.403200 0.553900
5 11.467200 70.926262 79.019936 0.958464 -0.285180 0.004387 0.457500 0.430700
5 3.772200 64.844360 60.823204 0.859432 -0.449936 -0.242763 0.467800 0.648100
ConmocionLance.jpg
5 -0.807600 60.878761 54.760384 0.821769 -0.523994 -0.223890 0.492400 0.732200
5 -0.971900 60.761948 54.404388 0.452350 -0.880055 -0.144510 0.492600 0.736600
5 3.772200 64.844360 60.823204 0.859432 -0.449936 -0.242763 0.467800 0.648100
ConmocionLance.jpg
5 3.772200 64.844360 60.823204 0.859432 -0.449936 -0.242763 0.467800 0.648100
5 6.909400 63.879940 74.033752 0.708899 -0.701081 -0.077123 0.524600 0.496600
5 -0.807600 60.878761 54.760384 0.821769 -0.523994 -0.223890 0.492400 0.732200
ConmocionLance.jpg
5 -0.971900 60.708111 64.701180 -0.223523 -0.972428 -0.066488 0.536700 0.613700
5 6.909400 63.879940 74.033752 0.708899 -0.701081 -0.077123 0.524600 0.496600
5 -0.971900 59.516731 73.157372 -0.114131 -0.991829 0.057012 0.590800 0.512100
ConmocionLance.jpg
5 9.357100 83.289871 86.332893 0.937179 0.341798 0.069790 0.336700 0.349200
5 5.569600 81.718338 94.319992 0.875031 0.267559 0.403402 0.378600 0.231100
5 7.665100 70.691780 88.464035 0.892783 -0.253097 0.372668 0.491200 0.295600
ConmocionLance.jpg
5 7.665100 70.691780 88.464035 0.892783 -0.253097 0.372668 0.491200 0.295600
5 11.467200 70.926262 79.019936 0.958464 -0.285180 0.004387 0.457500 0.430700
5 9.357100 83.289871 86.332893 0.937179 0.341798 0.069790 0.336700 0.349200
ConmocionLance.jpg
5 6.909400 63.879940 74.033752 0.708899 -0.701081 -0.077123 0.524600 0.496600
5 3.772200 64.091927 84.195129 0.606947 -0.764760 0.216233 0.564500 0.357900
5 -0.971900 59.516731 73.157372 -0.114131 -0.991829 0.057012 0.590800 0.512100
ConmocionLance.jpg
5 0.562800 93.877373 91.855835 0.297882 0.850243 0.433997 0.201700 0.243100
5 5.569600 81.718338 94.319992 0.875031 0.267559 0.403402 0.378600 0.231100
5 9.357100 83.289871 86.332893 0.937179 0.341798 0.069790 0.336700 0.349200
ConmocionLance.jpg
5 4.634800 84.594086 76.756622 0.827614 0.475425 -0.298374 0.293100 0.449000
5 0.562700 93.725235 80.144653 0.016051 0.900654 -0.434241 0.190200 0.390300
5 0.562700 95.700455 84.241432 0.092188 0.954370 -0.284041 0.178000 0.342000
ConmocionLance.jpg
5 9.357100 83.289871 86.332893 0.937179 0.341798 0.069790 0.336700 0.349200
5 0.562700 95.700455 84.241432 0.092188 0.954370 -0.284041 0.178000 0.342000
5 0.562800 93.877373 91.855835 0.297882 0.850243 0.433997 0.201700 0.243100
ConmocionLance.jpg
5 9.357100 83.289871 86.332893 0.937179 0.341798 0.069790 0.336700 0.349200
5 7.679999 72.621834 68.498672 0.915382 0.222973 -0.335199 0.403200 0.553900
5 7.679999 72.621834 68.498672 0.915382 0.222973 -0.335199 0.403200 0.553900
ConmocionLance.jpg
5 7.679999 72.621834 68.498672 0.915382 0.222973 -0.335199 0.403200 0.553900
5 4.634800 84.594086 76.756622 0.827614 0.475425 -0.298374 0.293100 0.449000
5 9.357100 83.289871 86.332893 0.937179 0.341798 0.069790 0.336700 0.349200
ConmocionLance.jpg
5 3.772200 64.091927 84.195129 0.606947 -0.764760 0.216233 0.564500 0.357900
5 6.909400 63.879940 74.033752 0.708899 -0.701081 -0.077123 0.524600 0.496600
5 11.467200 70.926262 79.019936 0.958464 -0.285180 0.004387 0.457500 0.430700
ConmocionLance.jpg
5 0.562700 95.700455 84.241432 0.092188 0.954370 -0.284041 0.598000 0.933500
5 0.562700 93.725235 80.144653 0.016051 0.900654 -0.434241 0.582500 0.993200
5 -6.653300 83.823471 85.264267 -0.900045 0.145415 -0.410822 0.417500 0.982400
ConmocionLance.jpg
5 -6.653300 83.823471 85.264267 -0.900045 0.145415 -0.410822 0.417500 0.982400
5 -11.068600 85.761620 93.025299 -0.941953 0.333157 -0.041616 0.417600 0.872800
5 0.562700 95.700455 84.241432 0.092188 0.954370 -0.284041 0.598000 0.933500
ConmocionLance.jpg
5 0.562800 93.877373 91.855835 0.297882 0.850243 0.433997 0.568000 0.812700
5 0.562700 95.700455 84.241432 0.092188 0.954370 -0.284041 0.598000 0.933500
5 -11.068600 85.761620 93.025299 -0.941953 0.333157 -0.041616 0.417600 0.872800
ConmocionLance.jpg
5 0.562800 88.776871 98.869530 0.485709 0.706950 0.514109 0.427900 0.730600
5 0.562800 93.877373 91.855835 0.297882 0.850243 0.433997 0.568000 0.812700
5 -5.304000 86.496468 101.824524 -0.585445 0.696716 0.414538 0.392400 0.754200
ConmocionLance.jpg
5 0.562800 93.877373 91.855835 0.297882 0.850243 0.433997 0.568000 0.812700
5 -11.068600 85.761620 93.025299 -0.941953 0.333157 -0.041616 0.417600 0.872800
5 -5.304000 86.496468 101.824524 -0.585445 0.696716 0.414538 0.392400 0.754200
ConmocionLance.jpg
5 -11.068600 85.761620 93.025299 -0.941953 0.333157 -0.041616 0.417600 0.872800
5 -6.653300 83.823471 85.264267 -0.900045 0.145415 -0.410822 0.417500 0.982400
5 -5.710800 73.626045 99.094925 -0.777247 -0.615695 -0.129641 0.217400 0.808700
ConmocionLance.jpg
5 -5.710800 73.626045 99.094925 -0.777247 -0.615695 -0.129641 0.217400 0.808700
5 -9.723700 78.059738 103.287895 -0.884570 -0.326937 0.332637 0.267300 0.740100
5 -11.068600 85.761620 93.025299 -0.941953 0.333157 -0.041616 0.417600 0.872800
ConmocionLance.jpg
5 -5.304000 86.496468 101.824524 -0.585445 0.696716 0.414538 0.392400 0.754200
5 -11.068600 85.761620 93.025299 -0.941953 0.333157 -0.041616 0.417600 0.872800
5 -9.723700 78.059738 103.287895 -0.884570 -0.326937 0.332637 0.267300 0.740100
ConmocionLance.jpg
5 -9.723700 78.059738 103.287895 -0.884570 -0.326937 0.332637 0.267300 0.740100
5 -6.372701 82.304810 107.289215 -0.836075 0.079449 0.542832 0.310500 0.662500
5 -5.304000 86.496468 101.824524 -0.585445 0.696716 0.414538 0.392400 0.754200
ConmocionLance.jpg
5 -9.723700 78.059738 103.287895 -0.884570 -0.326937 0.332637 0.267300 0.740100
5 -5.710800 73.626045 99.094925 -0.777247 -0.615695 -0.129641 0.217400 0.808700
5 -1.214200 71.610802 104.766579 -0.163248 -0.976060 0.143727 0.160300 0.721300
ConmocionLance.jpg
5 -9.723700 78.059738 103.287895 -0.884570 -0.326937 0.332637 0.267300 0.740100
5 -0.061000 72.152473 109.067734 0.429686 -0.876581 0.216737 0.151700 0.658100
5 -0.061000 73.802887 112.729240 0.057757 -0.738241 0.672060 0.159800 0.599300
ConmocionLance.jpg
5 -6.372701 82.304810 107.289215 -0.836075 0.079449 0.542832 0.310500 0.662500
5 -9.723700 78.059738 103.287895 -0.884570 -0.326937 0.332637 0.267300 0.740100
5 -0.061000 73.802887 112.729240 0.057757 -0.738241 0.672060 0.159800 0.599300
ConmocionLance.jpg
5 -0.061000 73.802887 112.729240 0.057757 -0.738241 0.672060 0.159800 0.599300
5 2.541700 79.743782 117.593475 0.604802 -0.635613 0.479803 0.226800 0.501300
5 -6.372701 82.304810 107.289215 -0.836075 0.079449 0.542832 0.310500 0.662500
ConmocionLance.jpg
5 -1.214200 71.610802 104.766579 -0.163248 -0.976060 0.143727 0.160300 0.721300
5 -0.061000 72.152473 109.067734 0.429686 -0.876581 0.216737 0.151700 0.658100
5 -9.723700 78.059738 103.287895 -0.884570 -0.326937 0.332637 0.267300 0.740100
ConmocionLance.jpg
5 2.532300 92.572098 123.436584 0.727829 0.683793 -0.051881 0.563600 0.134500
5 2.532300 93.213737 125.665451 0.585711 0.810167 -0.023900 0.548100 0.110400
5 5.083600 85.002167 120.103745 0.978026 -0.126405 0.165790 0.668700 0.125500
ConmocionLance.jpg
5 5.083600 85.002167 120.103745 0.978026 -0.126405 0.165790 0.668700 0.125500
5 5.460999 86.702332 117.330933 0.992567 -0.115489 0.038375 0.668000 0.168100
5 2.532300 92.572098 123.436584 0.727829 0.683793 -0.051881 0.563600 0.134500
ConmocionLance.jpg
5 5.460999 86.702332 117.330933 0.992567 -0.115489 0.038375 0.668000 0.168100
5 5.083600 85.002167 120.103745 0.978026 -0.126405 0.165790 0.668700 0.125500
5 3.492500 80.094482 115.847313 0.892229 -0.439568 0.103474 0.748100 0.144600
ConmocionLance.jpg
5 3.492500 80.094482 115.847313 0.892229 -0.439568 0.103474 0.748100 0.144600
5 3.492500 80.785156 114.121964 0.939862 -0.335789 -0.062485 0.753500 0.168300
5 5.460999 86.702332 117.330933 0.992567 -0.115489 0.038375 0.668000 0.168100
ConmocionLance.jpg
5 2.532300 93.213737 125.665451 0.585711 0.810167 -0.023900 0.548100 0.110400
5 2.532300 92.554443 127.991676 0.707146 0.680273 0.192802 0.534100 0.082900
5 3.866500 83.167633 122.891357 0.976384 -0.116516 0.181927 0.668500 0.084100
ConmocionLance.jpg
5 3.866500 83.167633 122.891357 0.976384 -0.116516 0.181927 0.668500 0.084100
5 5.083600 85.002167 120.103745 0.978026 -0.126405 0.165790 0.668700 0.125500
5 2.532300 93.213737 125.665451 0.585711 0.810167 -0.023900 0.548100 0.110400
ConmocionLance.jpg
5 5.083600 85.002167 120.103745 0.978026 -0.126405 0.165790 0.668700 0.125500
5 3.866500 83.167633 122.891357 0.976384 -0.116516 0.181927 0.668500 0.084100
5 2.541700 79.743782 117.593475 0.604802 -0.635613 0.479803 0.739800 0.123900
ConmocionLance.jpg
5 2.541700 79.743782 117.593475 0.604802 -0.635613 0.479803 0.739800 0.123900
5 3.492500 80.094482 115.847313 0.892229 -0.439568 0.103474 0.748100 0.144600
5 5.083600 85.002167 120.103745 0.978026 -0.126405 0.165790 0.668700 0.125500
ConmocionLance.jpg
5 3.492500 80.785156 114.121964 0.939862 -0.335789 -0.062485 0.753500 0.168300
5 3.492500 80.094482 115.847313 0.892229 -0.439568 0.103474 0.748100 0.144600
5 0.652400 74.034470 111.094513 0.879358 -0.465597 0.099746 0.849200 0.148300
ConmocionLance.jpg
5 0.652400 74.034470 111.094513 0.879358 -0.465597 0.099746 0.849200 0.148300
5 0.958400 74.521584 109.532822 0.919850 -0.390957 -0.032068 0.855600 0.168700
5 3.492500 80.785156 114.121964 0.939862 -0.335789 -0.062485 0.753500 0.168300
ConmocionLance.jpg
5 3.492500 80.094482 115.847313 0.892229 -0.439568 0.103474 0.748100 0.144600
5 2.541700 79.743782 117.593475 0.604802 -0.635613 0.479803 0.739800 0.123900
5 -0.061000 73.802887 112.729240 0.057757 -0.738241 0.672060 0.840500 0.129700
ConmocionLance.jpg
5 -0.061000 73.802887 112.729240 0.057757 -0.738241 0.672060 0.840500 0.129700
5 0.652400 74.034470 111.094513 0.879358 -0.465597 0.099746 0.849200 0.148300
5 3.492500 80.094482 115.847313 0.892229 -0.439568 0.103474 0.748100 0.144600
ConmocionLance.jpg
5 -1.214200 71.610802 104.766579 -0.163248 -0.976060 0.143727 0.920700 0.168900
5 0.958400 74.521584 109.532822 0.919850 -0.390957 -0.032068 0.855600 0.168700
5 -0.061000 72.152473 109.067734 0.429686 -0.876581 0.216737 0.885600 0.153800
ConmocionLance.jpg
5 0.221100 95.377213 141.160706 0.702434 0.665981 -0.251109 0.208600 0.173200
5 0.769400 96.230614 143.501404 0.846665 0.531617 -0.023271 0.173300 0.158700
5 3.705500 91.386513 140.323746 0.980394 -0.160330 -0.114553 0.244400 0.136700
ConmocionLance.jpg
5 3.705500 91.386513 140.323746 0.980394 -0.160330 -0.114553 0.244400 0.136700
5 2.744200 92.056488 137.864655 0.933991 0.150207 -0.324189 0.270100 0.168600
5 0.221100 95.377213 141.160706 0.702434 0.665981 -0.251109 0.208600 0.173200
ConmocionLance.jpg
5 2.744200 92.056488 137.864655 0.933991 0.150207 -0.324189 0.270100 0.168600
5 3.705500 91.386513 140.323746 0.980394 -0.160330 -0.114553 0.244400 0.136700
5 0.716100 89.008453 137.051849 0.665126 -0.622582 -0.412308 0.310100 0.136600
ConmocionLance.jpg
5 0.769400 96.230614 143.501404 0.846665 0.531617 -0.023271 0.173300 0.158700
5 0.221100 96.262283 146.281647 0.884754 0.434127 0.169540 0.136700 0.137900
5 3.199800 91.449417 143.061050 0.981481 0.041826 0.186938 0.210800 0.111800
ConmocionLance.jpg
5 3.199800 91.449417 143.061050 0.981481 0.041826 0.186938 0.210800 0.111800
5 3.705500 91.386513 140.323746 0.980394 -0.160330 -0.114553 0.244400 0.136700
5 0.769400 96.230614 143.501404 0.846665 0.531617 -0.023271 0.173300 0.158700
ConmocionLance.jpg
5 3.705500 91.386513 140.323746 0.980394 -0.160330 -0.114553 0.244400 0.136700
5 3.199800 91.449417 143.061050 0.981481 0.041826 0.186938 0.210800 0.111800
5 -0.266600 88.175331 140.462616 0.059439 -0.936732 0.344965 0.277800 0.090800
ConmocionLance.jpg
5 -0.266600 88.175331 140.462616 0.059439 -0.936732 0.344965 0.277800 0.090800
5 -0.227100 87.507614 138.379013 0.412192 -0.908355 -0.070635 0.306600 0.110900
5 3.705500 91.386513 140.323746 0.980394 -0.160330 -0.114553 0.244400 0.136700
ConmocionLance.jpg
5 0.652400 74.034470 111.094513 0.879358 -0.465597 0.099746 0.849200 0.148300
5 -0.061000 73.802887 112.729240 0.057757 -0.738241 0.672060 0.840500 0.129700
5 -0.061000 72.152473 109.067734 0.429686 -0.876581 0.216737 0.885600 0.153800
ConmocionLance.jpg
5 2.541700 77.820488 36.816715 0.649844 0.640610 -0.409049 0.595500 0.377000
5 6.380000 75.583466 40.267368 0.959051 0.219158 0.179419 0.632400 0.343700
5 6.380000 68.857834 30.247055 0.949340 -0.095746 -0.299310 0.679600 0.481800
ConmocionLance.jpg
5 6.380000 68.857834 30.247055 0.949340 -0.095746 -0.299310 0.679600 0.481800
5 2.600900 69.654518 27.117218 0.853191 0.205223 -0.479529 0.660500 0.515800
5 2.541700 77.820488 36.816715 0.649844 0.640610 -0.409049 0.595500 0.377000
ConmocionLance.jpg
5 2.600900 69.654518 27.117218 0.853191 0.205223 -0.479529 0.660500 0.515800
5 6.380000 68.857834 30.247055 0.949340 -0.095746 -0.299310 0.679600 0.481800
5 -1.109800 63.651867 19.685715 0.883483 -0.352880 -0.308111 0.714900 0.633800
ConmocionLance.jpg
5 -1.109800 63.651867 19.685715 0.883483 -0.352880 -0.308111 0.714900 0.633800
5 6.380000 68.857834 30.247055 0.949340 -0.095746 -0.299310 0.679600 0.481800
5 -1.109800 62.685684 24.716774 0.639134 -0.769061 -0.007273 0.735700 0.565700
ConmocionLance.jpg
5 2.541700 77.820488 36.816715 0.649844 0.640610 -0.409049 0.595500 0.377000
5 -1.109800 83.703201 42.291801 0.004540 0.914540 -0.404471 0.544000 0.294700
5 6.380000 75.583466 40.267368 0.959051 0.219158 0.179419 0.632400 0.343700
ConmocionLance.jpg
5 -3.856800 81.553810 54.744759 0.377885 0.639275 0.669724 0.608000 0.159200
5 3.262300 73.079178 44.951145 0.862399 -0.239684 0.445893 0.676300 0.296900
5 6.380000 75.583466 40.267368 0.959051 0.219158 0.179419 0.632400 0.343700
ConmocionLance.jpg
5 6.380000 75.583466 40.267368 0.959051 0.219158 0.179419 0.632400 0.343700
5 3.262300 73.079178 44.951145 0.862399 -0.239684 0.445893 0.676300 0.296900
5 3.262300 67.357246 34.999985 0.741642 -0.619703 0.256778 0.712000 0.431000
ConmocionLance.jpg
5 3.262300 67.357246 34.999985 0.741642 -0.619703 0.256778 0.712000 0.431000
5 6.380000 68.857834 30.247055 0.949340 -0.095746 -0.299310 0.679600 0.481800
5 6.380000 75.583466 40.267368 0.959051 0.219158 0.179419 0.632400 0.343700
ConmocionLance.jpg
5 -2.726400 85.377579 50.886726 0.272294 0.901986 0.335077 0.722100 0.907600
5 -12.356000 78.671745 54.967064 -0.900901 0.423499 -0.095005 0.668500 0.845400
5 -3.856800 81.553810 54.744759 0.377885 0.639275 0.669724 0.699900 0.855000
ConmocionLance.jpg
5 -1.109800 83.703201 42.291801 0.004540 0.914540 -0.404471 0.671100 0.988800
5 -9.702100 77.627541 50.500526 -0.853323 0.050811 -0.518901 0.637900 0.887300
5 -12.356000 78.671745 54.967064 -0.900901 0.423499 -0.095005 0.668500 0.845400
ConmocionLance.jpg
5 -12.356000 78.671745 54.967064 -0.900901 0.423499 -0.095005 0.668500 0.845400
5 -9.702100 77.627541 50.500526 -0.853323 0.050811 -0.518901 0.637900 0.887300
5 -8.571900 66.977592 54.495773 -0.799709 -0.562707 -0.209347 0.559000 0.778100
ConmocionLance.jpg
5 -8.571900 66.977592 54.495773 -0.799709 -0.562707 -0.209347 0.559000 0.778100
5 -11.798300 68.994965 62.594189 -0.881469 -0.472056 -0.013258 0.609900 0.710100
5 -12.356000 78.671745 54.967064 -0.900901 0.423499 -0.095005 0.668500 0.845400
ConmocionLance.jpg
5 -11.770900 76.789482 61.297642 -0.891401 0.380678 0.245943 0.680200 0.772500
5 -12.356000 78.671745 54.967064 -0.900901 0.423499 -0.095005 0.668500 0.845400
5 -11.798300 68.994965 62.594189 -0.881469 -0.472056 -0.013258 0.609900 0.710100
ConmocionLance.jpg
5 -0.971900 60.708111 64.701180 -0.223523 -0.972428 -0.066488 0.536700 0.613700
5 -0.971900 59.516731 73.157372 -0.114131 -0.991829 0.057012 0.590800 0.512100
5 -11.798300 68.994965 62.594189 -0.881469 -0.472056 -0.013258 0.609900 0.710100
ConmocionLance.jpg
5 -11.798300 68.994965 62.594189 -0.881469 -0.472056 -0.013258 0.609900 0.710100
5 -0.971900 59.516731 73.157372 -0.114131 -0.991829 0.057012 0.590800 0.512100
5 -9.994600 67.810104 70.421364 -0.850060 -0.504959 0.149716 0.649300 0.606200
ConmocionLance.jpg
5 -8.571900 66.977592 54.495773 -0.799709 -0.562707 -0.209347 0.559000 0.778100
5 -0.971900 60.761948 54.404388 0.452350 -0.880055 -0.144510 0.492600 0.736600
5 -0.971900 60.708111 64.701180 -0.223523 -0.972428 -0.066488 0.536700 0.613700
ConmocionLance.jpg
5 2.532300 93.213737 125.665451 0.585711 0.810167 -0.023900 0.548100 0.110400
5 2.532300 92.572098 123.436584 0.727829 0.683793 -0.051881 0.563600 0.134500
5 -5.679400 91.760727 129.768341 -0.899492 0.340617 -0.273668 0.447000 0.106200
ConmocionLance.jpg
5 2.532300 93.213737 125.665451 0.585711 0.810167 -0.023900 0.548100 0.110400
5 -5.679400 91.760727 129.768341 -0.899492 0.340617 -0.273668 0.447000 0.106200
5 -5.679400 92.663055 131.467178 -0.600392 0.798591 -0.042221 0.436400 0.084700
ConmocionLance.jpg
5 -5.679400 91.760727 129.768341 -0.899492 0.340617 -0.273668 0.447000 0.106200
5 -2.699200 87.852249 136.228851 -0.428035 -0.903559 0.019165 0.350600 0.108000
5 -4.941600 90.185333 135.827728 -0.846910 -0.509951 0.150645 0.375000 0.085600
ConmocionLance.jpg
5 -2.699200 87.852249 136.228851 -0.428035 -0.903559 0.019165 0.350600 0.108000
5 -0.227100 87.507614 138.379013 0.412192 -0.908355 -0.070635 0.306600 0.110900
5 -0.266600 88.175331 140.462616 0.059439 -0.936732 0.344965 0.277800 0.090800
ConmocionLance.jpg
5 0.562700 95.700455 84.241432 0.092188 0.954370 -0.284041 0.178000 0.342000
5 9.357100 83.289871 86.332893 0.937179 0.341798 0.069790 0.336700 0.349200
5 4.634800 84.594086 76.756622 0.827614 0.475425 -0.298374 0.293100 0.449000
ConmocionLance.jpg
5 0.562800 93.877373 91.855835 0.297882 0.850243 0.433997 0.201700 0.243100
5 0.562800 88.776871 98.869530 0.485709 0.706950 0.514109 0.312700 0.173700
5 5.569600 81.718338 94.319992 0.875031 0.267559 0.403402 0.378600 0.231100
ConmocionLance.jpg
5 -0.227100 87.507614 138.379013 0.412192 -0.908355 -0.070635 0.306600 0.110900
5 -2.699200 87.852249 136.228851 -0.428035 -0.903559 0.019165 0.350600 0.108000
5 0.716100 89.008453 137.051849 0.665126 -0.622582 -0.412308 0.310100 0.136600
ConmocionLance.jpg
5 3.705500 91.386513 140.323746 0.980394 -0.160330 -0.114553 0.244400 0.136700
5 -0.227100 87.507614 138.379013 0.412192 -0.908355 -0.070635 0.306600 0.110900
5 0.716100 89.008453 137.051849 0.665126 -0.622582 -0.412308 0.310100 0.136600
ConmocionLance.jpg
5 -0.266600 88.175331 140.462616 0.059439 -0.936732 0.344965 0.277800 0.090800
5 -4.941600 90.185333 135.827728 -0.846910 -0.509951 0.150645 0.375000 0.085600
5 -2.699200 87.852249 136.228851 -0.428035 -0.903559 0.019165 0.350600 0.108000
ConmocionLance.jpg
5 -4.941600 90.185333 135.827728 -0.846910 -0.509951 0.150645 0.375000 0.085600
5 -5.679400 92.663055 131.467178 -0.600392 0.798591 -0.042221 0.436400 0.084700
5 -5.679400 91.760727 129.768341 -0.899492 0.340617 -0.273668 0.447000 0.106200
ConmocionLance.jpg
5 -5.679400 92.663055 131.467178 -0.600392 0.798591 -0.042221 0.436400 0.084700
5 2.532300 92.554443 127.991676 0.707146 0.680273 0.192802 0.534100 0.082900
5 2.532300 93.213737 125.665451 0.585711 0.810167 -0.023900 0.548100 0.110400
ConmocionLance.jpg
5 -12.356000 78.671745 54.967064 -0.900901 0.423499 -0.095005 0.668500 0.845400
5 -11.770900 76.789482 61.297642 -0.891401 0.380678 0.245943 0.680200 0.772500
5 -3.856800 81.553810 54.744759 0.377885 0.639275 0.669724 0.699900 0.855000
ConmocionLance.jpg
5 -0.971900 59.516731 73.157372 -0.114131 -0.991829 0.057012 0.590800 0.512100
5 -0.971900 60.951096 80.633583 -0.146617 -0.971475 0.186384 0.597200 0.415900
5 -9.994600 67.810104 70.421364 -0.850060 -0.504959 0.149716 0.649300 0.606200
ConmocionLance.jpg
5 -11.798300 68.994965 62.594189 -0.881469 -0.472056 -0.013258 0.609900 0.710100
5 -9.994600 67.810104 70.421364 -0.850060 -0.504959 0.149716 0.649300 0.606200
5 -11.770900 76.789482 61.297642 -0.891401 0.380678 0.245943 0.680200 0.772500
ConmocionLance.jpg
5 7.607200 72.687195 68.712448 -0.951170 0.050459 0.304515 0.403200 0.553900
5 3.727800 64.980927 61.097916 -0.756794 0.635340 0.153641 0.467800 0.648100
5 6.851100 64.029343 74.176346 -0.698006 0.713998 0.054724 0.524600 0.496600
ConmocionLance.jpg
5 6.851100 64.029343 74.176346 -0.698006 0.713998 0.054724 0.524600 0.496600
5 11.380600 71.008545 79.124603 -0.987696 0.156227 0.006992 0.457500 0.430700
5 7.607200 72.687195 68.712448 -0.951170 0.050459 0.304515 0.403200 0.553900
ConmocionLance.jpg
5 3.727800 64.980927 61.097916 -0.756794 0.635340 0.153641 0.467800 0.648100
5 -0.970800 60.936966 54.743855 0.255341 0.966832 0.006162 0.492600 0.736600
5 -0.970800 60.892021 64.933914 -0.111606 0.988090 0.105932 0.536700 0.613700
ConmocionLance.jpg
5 -0.970800 60.892021 64.933914 -0.111606 0.988090 0.105932 0.536700 0.613700
5 6.851100 64.029343 74.176346 -0.698006 0.713998 0.054724 0.524600 0.496600
5 3.727800 64.980927 61.097916 -0.756794 0.635340 0.153641 0.467800 0.648100
ConmocionLance.jpg
5 -0.970800 60.892021 64.933914 -0.111606 0.988090 0.105932 0.536700 0.613700
5 -0.970800 59.721851 73.298080 0.251073 0.967858 -0.014590 0.590800 0.512100
5 6.851100 64.029343 74.176346 -0.698006 0.713998 0.054724 0.524600 0.496600
ConmocionLance.jpg
5 8.559300 83.259109 86.398491 -0.936196 -0.329662 -0.121901 0.336700 0.349200
5 11.380600 71.008545 79.124603 -0.987696 0.156227 0.006992 0.457500 0.430700
5 7.592299 70.772018 88.454430 -0.907442 0.224188 -0.355371 0.491200 0.295600
ConmocionLance.jpg
5 7.592299 70.772018 88.454430 -0.907442 0.224188 -0.355371 0.491200 0.295600
5 5.516900 81.695763 94.283279 -0.889932 -0.279502 -0.360416 0.378600 0.231100
5 8.559300 83.259109 86.398491 -0.936196 -0.329662 -0.121901 0.336700 0.349200
ConmocionLance.jpg
5 6.851100 64.029343 74.176346 -0.698006 0.713998 0.054724 0.524600 0.496600
5 -0.970800 59.721851 73.298080 0.251073 0.967858 -0.014590 0.590800 0.512100
5 -0.970800 61.140831 80.696823 -0.090337 0.978595 -0.184908 0.597200 0.415900
ConmocionLance.jpg
5 -0.970800 61.140831 80.696823 -0.090337 0.978595 -0.184908 0.597200 0.415900
5 3.727800 64.243538 84.219315 -0.650300 0.723531 -0.231543 0.564500 0.357900
5 6.851100 64.029343 74.176346 -0.698006 0.713998 0.054724 0.524600 0.496600
ConmocionLance.jpg
5 0.549100 93.717194 91.866135 -0.313156 -0.850286 -0.423022 0.201700 0.243100
5 8.559300 83.259109 86.398491 -0.936196 -0.329662 -0.121901 0.336700 0.349200
5 5.516900 81.695763 94.283279 -0.889932 -0.279502 -0.360416 0.378600 0.231100
ConmocionLance.jpg
5 4.582100 84.549950 76.910591 -0.859029 -0.436292 0.267802 0.293100 0.449000
5 0.549100 95.542503 84.335098 -0.109888 -0.954683 0.276596 0.178000 0.342000
5 0.549100 93.587189 80.273987 -0.016054 -0.900889 0.433753 0.190200 0.390300
ConmocionLance.jpg
5 8.559300 83.259109 86.398491 -0.936196 -0.329662 -0.121901 0.336700 0.349200
5 0.549100 93.717194 91.866135 -0.313156 -0.850286 -0.423022 0.201700 0.243100
5 0.549100 95.542503 84.335098 -0.109888 -0.954683 0.276596 0.178000 0.342000
ConmocionLance.jpg
5 4.582100 84.549950 76.910591 -0.859029 -0.436292 0.267802 0.293100 0.449000
5 7.607200 72.687195 68.712448 -0.951170 0.050459 0.304515 0.403200 0.553900
5 11.380600 71.008545 79.124603 -0.987696 0.156227 0.006992 0.457500 0.430700
ConmocionLance.jpg
5 11.380600 71.008545 79.124603 -0.987696 0.156227 0.006992 0.457500 0.430700
5 8.559300 83.259109 86.398491 -0.936196 -0.329662 -0.121901 0.336700 0.349200
5 4.582100 84.549950 76.910591 -0.859029 -0.436292 0.267802 0.293100 0.449000
ConmocionLance.jpg
5 3.727800 64.243538 84.219315 -0.650300 0.723531 -0.231543 0.564500 0.357900
5 7.592299 70.772018 88.454430 -0.907442 0.224188 -0.355371 0.491200 0.295600
5 11.380600 71.008545 79.124603 -0.987696 0.156227 0.006992 0.457500 0.430700
ConmocionLance.jpg
5 11.380600 71.008545 79.124603 -0.987696 0.156227 0.006992 0.457500 0.430700
5 6.851100 64.029343 74.176346 -0.698006 0.713998 0.054724 0.524600 0.496600
5 3.727800 64.243538 84.219315 -0.650300 0.723531 -0.231543 0.564500 0.357900
ConmocionLance.jpg
5 0.549100 95.542503 84.335098 -0.109888 -0.954683 0.276596 0.598000 0.933500
5 -10.995800 85.707596 93.028061 0.941726 -0.333771 0.041816 0.417600 0.872800
5 -6.597800 83.788025 85.341377 0.899475 -0.145074 0.412187 0.417500 0.982400
ConmocionLance.jpg
5 -6.597800 83.788025 85.341377 0.899475 -0.145074 0.412187 0.417500 0.982400
5 0.549100 93.587189 80.273987 -0.016054 -0.900889 0.433753 0.582500 0.993200
5 0.549100 95.542503 84.335098 -0.109888 -0.954683 0.276596 0.598000 0.933500
ConmocionLance.jpg
5 0.549100 93.717194 91.866135 -0.313156 -0.850286 -0.423022 0.568000 0.812700
5 -10.995800 85.707596 93.028061 0.941726 -0.333771 0.041816 0.417600 0.872800
5 0.549100 95.542503 84.335098 -0.109888 -0.954683 0.276596 0.598000 0.933500
ConmocionLance.jpg
5 0.549100 88.689941 98.801308 -0.486510 -0.707373 -0.512769 0.427900 0.730600
5 -5.261500 86.437263 101.750015 0.583963 -0.697670 -0.415023 0.392400 0.754200
5 0.549100 93.717194 91.866135 -0.313156 -0.850286 -0.423022 0.568000 0.812700
ConmocionLance.jpg
5 0.549100 93.717194 91.866135 -0.313156 -0.850286 -0.423022 0.568000 0.812700
5 -5.261500 86.437263 101.750015 0.583963 -0.697670 -0.415023 0.392400 0.754200
5 -10.995800 85.707596 93.028061 0.941726 -0.333771 0.041816 0.417600 0.872800
ConmocionLance.jpg
5 -10.995800 85.707596 93.028061 0.941726 -0.333771 0.041816 0.417600 0.872800
5 -9.654900 78.076202 103.180138 0.883306 0.328189 -0.334758 0.267300 0.740100
5 -5.664400 73.685059 99.027344 0.775555 0.617946 0.129061 0.217400 0.808700
ConmocionLance.jpg
5 -5.664400 73.685059 99.027344 0.775555 0.617946 0.129061 0.217400 0.808700
5 -6.597800 83.788025 85.341377 0.899475 -0.145074 0.412187 0.417500 0.982400
5 -10.995800 85.707596 93.028061 0.941726 -0.333771 0.041816 0.417600 0.872800
ConmocionLance.jpg
5 -5.261500 86.437263 101.750015 0.583963 -0.697670 -0.415023 0.392400 0.754200
5 -6.319901 82.280563 107.143120 0.837630 -0.079877 -0.540366 0.310500 0.662500
5 -9.654900 78.076202 103.180138 0.883306 0.328189 -0.334758 0.267300 0.740100
ConmocionLance.jpg
5 -9.654900 78.076202 103.180138 0.883306 0.328189 -0.334758 0.267300 0.740100
5 -10.995800 85.707596 93.028061 0.941726 -0.333771 0.041816 0.417600 0.872800
5 -5.261500 86.437263 101.750015 0.583963 -0.697670 -0.415023 0.392400 0.754200
ConmocionLance.jpg
5 -9.654900 78.076202 103.180138 0.883306 0.328189 -0.334758 0.267300 0.740100
5 -1.210900 71.776505 104.726608 0.167886 0.967387 -0.189675 0.160300 0.721300
5 -5.664400 73.685059 99.027344 0.775555 0.617946 0.129061 0.217400 0.808700
ConmocionLance.jpg
5 -9.654900 78.076202 103.180138 0.883306 0.328189 -0.334758 0.267300 0.740100
5 -0.189600 74.011093 112.490517 -0.003206 0.747420 -0.664344 0.159800 0.599300
5 -0.368700 72.522736 108.826065 -0.336743 0.913431 -0.228578 0.151700 0.658100
ConmocionLance.jpg
5 -6.319901 82.280563 107.143120 0.837630 -0.079877 -0.540366 0.310500 0.662500
5 2.294500 79.898567 117.307259 -0.523414 0.664383 -0.533510 0.226800 0.501300
5 -0.189600 74.011093 112.490517 -0.003206 0.747420 -0.664344 0.159800 0.599300
ConmocionLance.jpg
5 -0.189600 74.011093 112.490517 -0.003206 0.747420 -0.664344 0.159800 0.599300
5 -9.654900 78.076202 103.180138 0.883306 0.328189 -0.334758 0.267300 0.740100
5 -6.319901 82.280563 107.143120 0.837630 -0.079877 -0.540366 0.310500 0.662500
ConmocionLance.jpg
5 -1.210900 71.776505 104.726608 0.167886 0.967387 -0.189675 0.160300 0.721300
5 -9.654900 78.076202 103.180138 0.883306 0.328189 -0.334758 0.267300 0.740100
5 -0.368700 72.522736 108.826065 -0.336743 0.913431 -0.228578 0.151700 0.658100
ConmocionLance.jpg
5 2.499700 92.510170 123.338760 -0.726831 -0.684678 0.054147 0.563600 0.134500
5 5.400300 86.635963 117.088669 -0.991381 0.126940 -0.032388 0.668000 0.168100
5 5.026600 84.952171 119.834915 -0.967843 0.158921 -0.194996 0.668700 0.125500
ConmocionLance.jpg
5 5.026600 84.952171 119.834915 -0.967843 0.158921 -0.194996 0.668700 0.125500
5 2.499700 93.149460 125.546860 -0.593786 -0.804622 0.000960 0.548100 0.110400
5 2.499700 92.510170 123.338760 -0.726831 -0.684678 0.054147 0.563600 0.134500
ConmocionLance.jpg
5 5.400300 86.635963 117.088669 -0.991381 0.126940 -0.032388 0.668000 0.168100
5 3.354600 80.797974 114.003204 -0.934924 0.350909 0.052731 0.753500 0.168300
5 3.354600 80.113914 115.711990 -0.872961 0.468724 -0.135043 0.748100 0.144600
ConmocionLance.jpg
5 3.354600 80.113914 115.711990 -0.872961 0.468724 -0.135043 0.748100 0.144600
5 5.026600 84.952171 119.834915 -0.967843 0.158921 -0.194996 0.668700 0.125500
5 5.400300 86.635963 117.088669 -0.991381 0.126940 -0.032388 0.668000 0.168100
ConmocionLance.jpg
5 2.499700 93.149460 125.546860 -0.593786 -0.804622 0.000960 0.548100 0.110400
5 5.026600 84.952171 119.834915 -0.967843 0.158921 -0.194996 0.668700 0.125500
5 3.606600 83.289581 122.554405 -0.963925 0.159650 -0.212982 0.668500 0.084100
ConmocionLance.jpg
5 3.606600 83.289581 122.554405 -0.963925 0.159650 -0.212982 0.668500 0.084100
5 2.499700 92.437874 127.645523 -0.725863 -0.651413 -0.220872 0.534100 0.082900
5 2.499700 93.149460 125.546860 -0.593786 -0.804622 0.000960 0.548100 0.110400
ConmocionLance.jpg
5 5.026600 84.952171 119.834915 -0.967843 0.158921 -0.194996 0.668700 0.125500
5 3.354600 80.113914 115.711990 -0.872961 0.468724 -0.135043 0.748100 0.144600
5 2.294500 79.898567 117.307259 -0.523414 0.664383 -0.533510 0.739800 0.123900
ConmocionLance.jpg
5 2.294500 79.898567 117.307259 -0.523414 0.664383 -0.533510 0.739800 0.123900
5 3.606600 83.289581 122.554405 -0.963925 0.159650 -0.212982 0.668500 0.084100
5 5.026600 84.952171 119.834915 -0.967843 0.158921 -0.194996 0.668700 0.125500
ConmocionLance.jpg
5 3.354600 80.797974 114.003204 -0.934924 0.350909 0.052731 0.753500 0.168300
5 0.853700 74.596619 109.457428 -0.877547 0.479200 -0.016676 0.855600 0.168700
5 0.469400 74.114304 111.004173 -0.841991 0.527746 -0.111955 0.849200 0.148300
ConmocionLance.jpg
5 0.469400 74.114304 111.004173 -0.841991 0.527746 -0.111955 0.849200 0.148300
5 3.354600 80.113914 115.711990 -0.872961 0.468724 -0.135043 0.748100 0.144600
5 3.354600 80.797974 114.003204 -0.934924 0.350909 0.052731 0.753500 0.168300
ConmocionLance.jpg
5 3.354600 80.113914 115.711990 -0.872961 0.468724 -0.135043 0.748100 0.144600
5 0.469400 74.114304 111.004173 -0.841991 0.527746 -0.111955 0.849200 0.148300
5 -0.189600 74.011093 112.490517 -0.003206 0.747420 -0.664344 0.840500 0.129700
ConmocionLance.jpg
5 -0.189600 74.011093 112.490517 -0.003206 0.747420 -0.664344 0.840500 0.129700
5 2.294500 79.898567 117.307259 -0.523414 0.664383 -0.533510 0.739800 0.123900
5 3.354600 80.113914 115.711990 -0.872961 0.468724 -0.135043 0.748100 0.144600
ConmocionLance.jpg
5 0.853700 74.596619 109.457428 -0.877547 0.479200 -0.016676 0.855600 0.168700
5 -1.210900 71.776505 104.726608 0.167886 0.967387 -0.189675 0.920700 0.168900
5 -0.368700 72.522736 108.826065 -0.336743 0.913431 -0.228578 0.885600 0.153800
ConmocionLance.jpg
5 -0.368700 72.522736 108.826065 -0.336743 0.913431 -0.228578 0.885600 0.153800
5 0.469400 74.114304 111.004173 -0.841991 0.527746 -0.111955 0.849200 0.148300
5 0.853700 74.596619 109.457428 -0.877547 0.479200 -0.016676 0.855600 0.168700
ConmocionLance.jpg
5 0.131700 95.344803 141.127060 -0.700469 -0.667133 0.253530 0.208600 0.173200
5 2.636300 92.048363 137.841675 -0.934382 -0.157251 0.319690 0.270100 0.168600
5 3.602100 91.404922 140.347992 -0.980015 0.168179 0.106234 0.244400 0.136700
ConmocionLance.jpg
5 3.602100 91.404922 140.347992 -0.980015 0.168179 0.106234 0.244400 0.136700
5 0.697000 96.211670 143.515686 -0.853468 -0.521053 0.009842 0.173300 0.158700
5 0.131700 95.344803 141.127060 -0.700469 -0.667133 0.253530 0.208600 0.173200
ConmocionLance.jpg
5 2.636300 92.048363 137.841675 -0.934382 -0.157251 0.319690 0.270100 0.168600
5 0.700900 89.045410 137.022476 -0.665733 0.638485 0.386182 0.310100 0.136600
5 3.602100 91.404922 140.347992 -0.980015 0.168179 0.106234 0.244400 0.136700
ConmocionLance.jpg
5 0.697000 96.211670 143.515686 -0.853468 -0.521053 0.009842 0.173300 0.158700
5 3.602100 91.404922 140.347992 -0.980015 0.168179 0.106234 0.244400 0.136700
5 3.172000 91.336784 142.572357 -0.982015 -0.022778 -0.187426 0.210800 0.111800
ConmocionLance.jpg
5 3.172000 91.336784 142.572357 -0.982015 -0.022778 -0.187426 0.210800 0.111800
5 0.147800 96.230072 146.231049 -0.890955 -0.418019 -0.177369 0.136700 0.137900
5 0.697000 96.211670 143.515686 -0.853468 -0.521053 0.009842 0.173300 0.158700
ConmocionLance.jpg
5 3.602100 91.404922 140.347992 -0.980015 0.168179 0.106234 0.244400 0.136700
5 -0.233200 87.658287 138.392288 -0.396604 0.916925 0.044204 0.306600 0.110900
5 -0.272300 88.325577 140.405884 -0.048798 0.940234 -0.337014 0.277800 0.090800
ConmocionLance.jpg
5 -0.272300 88.325577 140.405884 -0.048798 0.940234 -0.337014 0.277800 0.090800
5 3.172000 91.336784 142.572357 -0.982015 -0.022778 -0.187426 0.210800 0.111800
5 3.602100 91.404922 140.347992 -0.980015 0.168179 0.106234 0.244400 0.136700
ConmocionLance.jpg
5 0.469400 74.114304 111.004173 -0.841991 0.527746 -0.111955 0.849200 0.148300
5 -0.368700 72.522736 108.826065 -0.336743 0.913431 -0.228578 0.885600 0.153800
5 -0.189600 74.011093 112.490517 -0.003206 0.747420 -0.664344 0.840500 0.129700
ConmocionLance.jpg
5 2.409400 77.839279 37.345875 -0.761046 -0.560149 0.327173 0.595500 0.377000
5 2.468700 69.751541 27.739304 -0.952233 0.089137 0.292073 0.660500 0.515800
5 5.117400 68.962448 30.839169 -0.963422 0.097662 0.249559 0.679600 0.481800
ConmocionLance.jpg
5 5.117400 68.962448 30.839169 -0.963422 0.097662 0.249559 0.679600 0.481800
5 5.117400 75.623627 40.763485 -0.966710 -0.231751 -0.108457 0.632400 0.343700
5 2.409400 77.839279 37.345875 -0.761046 -0.560149 0.327173 0.595500 0.377000
ConmocionLance.jpg
5 2.468700 69.751541 27.739304 -0.952233 0.089137 0.292073 0.660500 0.515800
5 -1.107400 63.771656 19.824837 -0.831770 0.553500 -0.042375 0.713600 0.639700
5 -1.107400 63.814705 20.386932 -0.897479 0.358952 0.256293 0.714900 0.633800
ConmocionLance.jpg
5 -1.107400 63.814705 20.386932 -0.897479 0.358952 0.256293 0.714900 0.633800
5 5.117400 68.962448 30.839169 -0.963422 0.097662 0.249559 0.679600 0.481800
5 2.468700 69.751541 27.739304 -0.952233 0.089137 0.292073 0.660500 0.515800
ConmocionLance.jpg
5 5.117400 68.962448 30.839169 -0.963422 0.097662 0.249559 0.679600 0.481800
5 -1.107400 63.814705 20.386932 -0.897479 0.358952 0.256293 0.714900 0.633800
5 -1.107400 62.850521 25.361694 -0.716399 0.696724 0.036716 0.735700 0.565700
ConmocionLance.jpg
5 -1.107400 62.850521 25.361694 -0.716399 0.696724 0.036716 0.735700 0.565700
5 3.130000 67.476280 35.546600 -0.847061 0.501966 -0.174690 0.712000 0.431000
5 5.117400 68.962448 30.839169 -0.963422 0.097662 0.249559 0.679600 0.481800
ConmocionLance.jpg
5 -1.107400 83.665588 42.768497 -0.063263 -0.950442 0.304396 0.544000 0.294700
5 2.409400 77.839279 37.345875 -0.761046 -0.560149 0.327173 0.595500 0.377000
5 5.117400 75.623627 40.763485 -0.966710 -0.231751 -0.108457 0.632400 0.343700
ConmocionLance.jpg
5 5.117400 75.623627 40.763485 -0.966710 -0.231751 -0.108457 0.632400 0.343700
5 -3.100500 84.554535 50.785500 -0.495552 -0.758415 -0.423361 0.555100 0.189100
5 -1.107400 83.665588 42.768497 -0.063263 -0.950442 0.304396 0.544000 0.294700
ConmocionLance.jpg
5 -3.100500 84.554535 50.785500 -0.495552 -0.758415 -0.423361 0.555100 0.189100
5 5.117400 75.623627 40.763485 -0.966710 -0.231751 -0.108457 0.632400 0.343700
5 3.130000 73.143356 45.402397 -0.919492 -0.053173 -0.389495 0.676300 0.296900
ConmocionLance.jpg
5 3.130000 73.143356 45.402397 -0.919492 -0.053173 -0.389495 0.676300 0.296900
5 -3.828100 81.335831 54.351990 -0.161983 -0.807433 -0.567286 0.608000 0.159200
5 -3.100500 84.554535 50.785500 -0.495552 -0.758415 -0.423361 0.555100 0.189100
ConmocionLance.jpg
5 5.117400 75.623627 40.763485 -0.966710 -0.231751 -0.108457 0.632400 0.343700
5 5.117400 68.962448 30.839169 -0.963422 0.097662 0.249559 0.679600 0.481800
5 3.130000 67.476280 35.546600 -0.847061 0.501966 -0.174690 0.712000 0.431000
ConmocionLance.jpg
5 3.130000 67.476280 35.546600 -0.847061 0.501966 -0.174690 0.712000 0.431000
5 3.130000 73.143356 45.402397 -0.919492 -0.053173 -0.389495 0.676300 0.296900
5 5.117400 75.623627 40.763485 -0.966710 -0.231751 -0.108457 0.632400 0.343700
ConmocionLance.jpg
5 -3.100500 84.554535 50.785500 -0.495552 -0.758415 -0.423361 0.722100 0.907600
5 -3.828100 81.335831 54.351990 -0.161983 -0.807433 -0.567286 0.699900 0.855000
5 -11.685600 78.633240 55.138992 0.898326 -0.431939 0.080248 0.668500 0.845400
ConmocionLance.jpg
5 -1.107400 83.665588 42.768497 -0.063263 -0.950442 0.304396 0.671100 0.988800
5 -3.100500 84.554535 50.785500 -0.495552 -0.758415 -0.423361 0.722100 0.907600
5 -11.685600 78.633240 55.138992 0.898326 -0.431939 0.080248 0.668500 0.845400
ConmocionLance.jpg
5 -11.685600 78.633240 55.138992 0.898326 -0.431939 0.080248 0.668500 0.845400
5 -9.621900 77.648163 50.898552 0.883736 -0.108372 0.455264 0.637900 0.887300
5 -1.107400 83.665588 42.768497 -0.063263 -0.950442 0.304396 0.671100 0.988800
ConmocionLance.jpg
5 -11.685600 78.633240 55.138992 0.898326 -0.431939 0.080248 0.668500 0.845400
5 -11.049100 69.095123 62.864471 0.844578 0.533952 0.039787 0.609900 0.710100
5 -8.502500 67.095016 54.835869 0.868285 0.444944 0.219330 0.559000 0.778100
ConmocionLance.jpg
5 -8.502500 67.095016 54.835869 0.868285 0.444944 0.219330 0.559000 0.778100
5 -9.621900 77.648163 50.898552 0.883736 -0.108372 0.455264 0.637900 0.887300
5 -11.685600 78.633240 55.138992 0.898326 -0.431939 0.080248 0.668500 0.845400
ConmocionLance.jpg
5 -11.674800 76.682793 61.086861 0.932941 -0.318083 -0.168652 0.680200 0.772500
5 -11.049100 69.095123 62.864471 0.844578 0.533952 0.039787 0.609900 0.710100
5 -11.685600 78.633240 55.138992 0.898326 -0.431939 0.080248 0.668500 0.845400
ConmocionLance.jpg
5 -0.970800 60.892021 64.933914 -0.111606 0.988090 0.105932 0.536700 0.613700
5 -11.049100 69.095123 62.864471 0.844578 0.533952 0.039787 0.609900 0.710100
5 -0.970800 59.721851 73.298080 0.251073 0.967858 -0.014590 0.590800 0.512100
ConmocionLance.jpg
5 -11.049100 69.095123 62.864471 0.844578 0.533952 0.039787 0.609900 0.710100
5 -9.911600 67.920090 70.600395 0.840098 0.534391 -0.093072 0.649300 0.606200
5 -0.970800 59.721851 73.298080 0.251073 0.967858 -0.014590 0.590800 0.512100
ConmocionLance.jpg
5 -0.970800 60.936966 54.743855 0.255341 0.966832 0.006162 0.492600 0.736600
5 -8.502500 67.095016 54.835869 0.868285 0.444944 0.219330 0.559000 0.778100
5 -11.049100 69.095123 62.864471 0.844578 0.533952 0.039787 0.609900 0.710100
ConmocionLance.jpg
5 -11.049100 69.095123 62.864471 0.844578 0.533952 0.039787 0.609900 0.710100
5 -0.970800 60.892021 64.933914 -0.111606 0.988090 0.105932 0.536700 0.613700
5 -0.970800 60.936966 54.743855 0.255341 0.966832 0.006162 0.492600 0.736600
ConmocionLance.jpg
5 2.499700 93.149460 125.546860 -0.593786 -0.804622 0.000960 0.548100 0.110400
5 -5.523900 91.618027 129.799103 0.907132 -0.330107 0.261038 0.447000 0.106200
5 2.499700 92.510170 123.338760 -0.726831 -0.684678 0.054147 0.563600 0.134500
ConmocionLance.jpg
5 2.499700 93.149460 125.546860 -0.593786 -0.804622 0.000960 0.548100 0.110400
5 -5.523900 92.511780 131.481720 0.604808 -0.796215 0.015808 0.436400 0.084700
5 -5.523900 91.618027 129.799103 0.907132 -0.330107 0.261038 0.447000 0.106200
ConmocionLance.jpg
5 -5.523900 91.618027 129.799103 0.907132 -0.330107 0.261038 0.447000 0.106200
5 -4.778700 90.189934 135.797394 0.845200 0.511126 -0.156163 0.375000 0.085600
5 -2.681600 88.000069 136.152267 0.433527 0.900427 -0.035848 0.350600 0.108000
ConmocionLance.jpg
5 -2.681600 88.000069 136.152267 0.433527 0.900427 -0.035848 0.350600 0.108000
5 -0.272300 88.325577 140.405884 -0.048798 0.940234 -0.337014 0.277800 0.090800
5 -0.233200 87.658287 138.392288 -0.396604 0.916925 0.044204 0.306600 0.110900
ConmocionLance.jpg
5 0.549100 95.542503 84.335098 -0.109888 -0.954683 0.276596 0.178000 0.342000
5 4.582100 84.549950 76.910591 -0.859029 -0.436292 0.267802 0.293100 0.449000
5 8.559300 83.259109 86.398491 -0.936196 -0.329662 -0.121901 0.336700 0.349200
ConmocionLance.jpg
5 0.549100 93.717194 91.866135 -0.313156 -0.850286 -0.423022 0.201700 0.243100
5 5.516900 81.695763 94.283279 -0.889932 -0.279502 -0.360416 0.378600 0.231100
5 0.549100 88.689941 98.801308 -0.486510 -0.707373 -0.512769 0.312700 0.173700
ConmocionLance.jpg
5 -0.233200 87.658287 138.392288 -0.396604 0.916925 0.044204 0.306600 0.110900
5 0.700900 89.045410 137.022476 -0.665733 0.638485 0.386182 0.310100 0.136600
5 -2.681600 88.000069 136.152267 0.433527 0.900427 -0.035848 0.350600 0.108000
ConmocionLance.jpg
5 3.602100 91.404922 140.347992 -0.980015 0.168179 0.106234 0.244400 0.136700
5 0.700900 89.045410 137.022476 -0.665733 0.638485 0.386182 0.310100 0.136600
5 -0.233200 87.658287 138.392288 -0.396604 0.916925 0.044204 0.306600 0.110900
ConmocionLance.jpg
5 -0.272300 88.325577 140.405884 -0.048798 0.940234 -0.337014 0.277800 0.090800
5 -2.681600 88.000069 136.152267 0.433527 0.900427 -0.035848 0.350600 0.108000
5 -4.778700 90.189934 135.797394 0.845200 0.511126 -0.156163 0.375000 0.085600
ConmocionLance.jpg
5 -4.778700 90.189934 135.797394 0.845200 0.511126 -0.156163 0.375000 0.085600
5 -5.523900 91.618027 129.799103 0.907132 -0.330107 0.261038 0.447000 0.106200
5 -5.523900 92.511780 131.481720 0.604808 -0.796215 0.015808 0.436400 0.084700
ConmocionLance.jpg
5 -5.523900 92.511780 131.481720 0.604808 -0.796215 0.015808 0.436400 0.084700
5 2.499700 93.149460 125.546860 -0.593786 -0.804622 0.000960 0.548100 0.110400
5 2.499700 92.437874 127.645523 -0.725863 -0.651413 -0.220872 0.534100 0.082900
ConmocionLance.jpg
5 -11.685600 78.633240 55.138992 0.898326 -0.431939 0.080248 0.668500 0.845400
5 -3.828100 81.335831 54.351990 -0.161983 -0.807433 -0.567286 0.699900 0.855000
5 -11.674800 76.682793 61.086861 0.932941 -0.318083 -0.168652 0.680200 0.772500
ConmocionLance.jpg
5 -0.970800 59.721851 73.298080 0.251073 0.967858 -0.014590 0.590800 0.512100
5 -9.911600 67.920090 70.600395 0.840098 0.534391 -0.093072 0.649300 0.606200
5 -0.970800 61.140831 80.696823 -0.090337 0.978595 -0.184908 0.597200 0.415900
ConmocionLance.jpg
5 -11.049100 69.095123 62.864471 0.844578 0.533952 0.039787 0.609900 0.710100
5 -11.674800 76.682793 61.086861 0.932941 -0.318083 -0.168652 0.680200 0.772500
5 -9.911600 67.920090 70.600395 0.840098 0.534391 -0.093072 0.649300 0.606200
ConmocionLance.jpg
5 -1.109800 83.703201 42.291801 0.004540 0.914540 -0.404471 0.544000 0.294700
5 -2.726400 85.377579 50.886726 0.272294 0.901986 0.335077 0.555100 0.189100
5 6.380000 75.583466 40.267368 0.959051 0.219158 0.179419 0.632400 0.343700
ConmocionLance.jpg
5 6.380000 75.583466 40.267368 0.959051 0.219158 0.179419 0.632400 0.343700
5 -2.726400 85.377579 50.886726 0.272294 0.901986 0.335077 0.555100 0.189100
5 -3.856800 81.553810 54.744759 0.377885 0.639275 0.669724 0.608000 0.159200
ConmocionLance.jpg
5 -12.356000 78.671745 54.967064 -0.900901 0.423499 -0.095005 0.668500 0.845400
5 -2.726400 85.377579 50.886726 0.272294 0.901986 0.335077 0.722100 0.907600
5 -1.109800 83.703201 42.291801 0.004540 0.914540 -0.404471 0.671100 0.988800
ConmocionLance.jpg
5 6.909400 63.879940 74.033752 0.708899 -0.701081 -0.077123 0.524600 0.496600
5 -0.971900 60.708111 64.701180 -0.223523 -0.972428 -0.066488 0.536700 0.613700
5 -0.971900 60.761948 54.404388 0.452350 -0.880055 -0.144510 0.492600 0.736600
ConmocionLance.jpg
5 -0.971900 60.761948 54.404388 0.452350 -0.880055 -0.144510 0.492600 0.736600
5 -0.807600 60.878761 54.760384 0.821769 -0.523994 -0.223890 0.492400 0.732200
5 6.909400 63.879940 74.033752 0.708899 -0.701081 -0.077123 0.524600 0.496600
ConmocionLance.jpg
5 3.772200 64.091927 84.195129 0.606947 -0.764760 0.216233 0.564500 0.357900
5 -0.971900 60.951096 80.633583 -0.146617 -0.971475 0.186384 0.597200 0.415900
5 -0.971900 59.516731 73.157372 -0.114131 -0.991829 0.057012 0.590800 0.512100
ConmocionLance.jpg
5 11.467200 70.926262 79.019936 0.958464 -0.285180 0.004387 0.457500 0.430700
5 6.909400 63.879940 74.033752 0.708899 -0.701081 -0.077123 0.524600 0.496600
5 3.772200 64.844360 60.823204 0.859432 -0.449936 -0.242763 0.467800 0.648100
ConmocionLance.jpg
5 11.467200 70.926262 79.019936 0.958464 -0.285180 0.004387 0.457500 0.430700
5 7.665100 70.691780 88.464035 0.892783 -0.253097 0.372668 0.491200 0.295600
5 3.772200 64.091927 84.195129 0.606947 -0.764760 0.216233 0.564500 0.357900
ConmocionLance.jpg
5 -0.971900 60.708111 64.701180 -0.223523 -0.972428 -0.066488 0.536700 0.613700
5 -11.798300 68.994965 62.594189 -0.881469 -0.472056 -0.013258 0.609900 0.710100
5 -8.571900 66.977592 54.495773 -0.799709 -0.562707 -0.209347 0.559000 0.778100
ConmocionLance.jpg
5 0.958400 74.521584 109.532822 0.919850 -0.390957 -0.032068 0.855600 0.168700
5 0.652400 74.034470 111.094513 0.879358 -0.465597 0.099746 0.849200 0.148300
5 -0.061000 72.152473 109.067734 0.429686 -0.876581 0.216737 0.885600 0.153800
ConmocionLance.jpg
5 -1.109800 63.651867 19.685715 0.883483 -0.352880 -0.308111 0.714900 0.633800
5 -1.109800 63.231903 14.183174 0.825131 -0.563303 0.042992 0.702500 0.691700
5 2.600900 69.654518 27.117218 0.853191 0.205223 -0.479529 0.660500 0.515800
ConmocionLance.jpg
5 6.380000 68.857834 30.247055 0.949340 -0.095746 -0.299310 0.679600 0.481800
5 3.262300 67.357246 34.999985 0.741642 -0.619703 0.256778 0.712000 0.431000
5 -1.109800 62.685684 24.716774 0.639134 -0.769061 -0.007273 0.735700 0.565700
ConmocionLance.jpg
5 2.468700 69.751541 27.739304 -0.952233 0.089137 0.292073 0.660500 0.515800
5 -1.107400 63.397156 14.931320 -0.831781 0.553485 -0.042358 0.702500 0.691700
5 -1.107400 63.771656 19.824837 -0.831770 0.553500 -0.042375 0.713600 0.639700
ConmocionLance.jpg
5 9.357100 83.289871 86.332893 0.937179 0.341798 0.069790 0.336700 0.349200
5 11.467200 70.926262 79.019936 0.958464 -0.285180 0.004387 0.457500 0.430700
5 7.679999 72.621834 68.498672 0.915382 0.222973 -0.335199 0.403200 0.553900
ConmocionLance.jpg
5 0.127400 -69.532852 38.935375 0.838339 0.200414 -0.506974 0.944800 0.994300
5 -0.934900 -65.189087 45.076443 0.000000 0.821983 -0.569512 0.876000 0.935100
5 -0.934900 -66.829475 46.821037 -0.000015 0.999905 -0.013763 0.890200 0.909900
ConmocionLance.jpg
5 -0.934900 -66.829475 46.821037 -0.000015 0.999905 -0.013763 0.890200 0.909900
5 0.756800 -70.339615 42.541424 0.917034 0.398612 -0.012510 0.943800 0.949700
5 0.127400 -69.532852 38.935375 0.838339 0.200414 -0.506974 0.944800 0.994300
ConmocionLance.jpg
5 -0.934900 -69.094528 58.551212 -0.000000 0.143321 -0.989676 0.882400 0.765900
5 4.032599 -77.700424 55.515694 0.974758 -0.002914 -0.223247 0.992000 0.776300
5 -0.934900 -69.027489 50.966724 -0.000003 0.979032 0.203708 0.903800 0.854900
ConmocionLance.jpg
5 4.032599 -77.700424 55.515694 0.974758 -0.002914 -0.223247 0.992000 0.776300
5 2.560800 -69.069115 61.977646 0.982655 0.111136 -0.148453 0.872100 0.725800
5 4.032599 -79.050049 60.928776 0.979670 -0.187708 0.070797 0.992000 0.709000
ConmocionLance.jpg
5 -0.934900 -69.094528 58.551212 -0.000000 0.143321 -0.989676 0.882400 0.765900
5 1.613000 -66.407028 59.238693 0.844758 0.190819 -0.499972 0.849000 0.765700
5 2.560800 -69.069115 61.977646 0.982655 0.111136 -0.148453 0.872100 0.725800
ConmocionLance.jpg
5 2.560800 -69.069115 61.977646 0.982655 0.111136 -0.148453 0.872100 0.725800
5 2.138000 -64.883148 64.208496 0.939361 0.339566 0.047915 0.816600 0.711900
5 1.775400 -66.282372 65.449654 0.896638 0.186096 0.401757 0.829400 0.693300
ConmocionLance.jpg
5 2.138000 -64.883148 64.208496 0.939361 0.339566 0.047915 0.816600 0.711900
5 1.422700 -62.550888 66.618393 0.950698 0.224567 0.213875 0.782200 0.690500
5 -0.934900 -64.365585 67.869545 -0.000005 0.270483 0.962725 0.799800 0.670600
ConmocionLance.jpg
5 -0.934900 -64.365585 67.869545 -0.000005 0.270483 0.962725 0.799800 0.670600
5 1.775400 -66.282372 65.449654 0.896638 0.186096 0.401757 0.829400 0.693300
5 2.138000 -64.883148 64.208496 0.939361 0.339566 0.047915 0.816600 0.711900
ConmocionLance.jpg
5 1.422700 -62.550888 66.618393 0.950698 0.224567 0.213875 0.782200 0.690500
5 -0.934900 -58.086037 69.545708 -0.000000 0.742636 0.669695 0.721400 0.669300
5 -0.934900 -64.365585 67.869545 -0.000005 0.270483 0.962725 0.799800 0.670600
ConmocionLance.jpg
5 2.112400 -80.808731 67.982445 0.889382 -0.203157 0.409545 0.992000 0.621200
5 2.437100 -71.660706 67.051682 0.949873 0.031467 0.311049 0.887700 0.658900
5 -0.934900 -75.798241 72.067848 -0.000005 -0.228814 0.973470 0.921500 0.588000
ConmocionLance.jpg
5 -0.934900 -75.798241 72.067848 -0.000005 -0.228814 0.973470 0.921500 0.588000
5 -0.934900 -81.641563 71.322800 -0.000008 -0.241923 0.970295 0.992000 0.579700
5 2.112400 -80.808731 67.982445 0.889382 -0.203157 0.409545 0.992000 0.621200
ConmocionLance.jpg
5 1.775400 -66.282372 65.449654 0.896638 0.186096 0.401757 0.829400 0.693300
5 2.437100 -71.660706 67.051682 0.949873 0.031467 0.311049 0.887700 0.658900
5 2.560800 -69.069115 61.977646 0.982655 0.111136 -0.148453 0.872100 0.725800
ConmocionLance.jpg
5 -0.934900 -64.365585 67.869545 -0.000005 0.270483 0.962725 0.799800 0.670600
5 2.437100 -71.660706 67.051682 0.949873 0.031467 0.311049 0.887700 0.658900
5 1.775400 -66.282372 65.449654 0.896638 0.186096 0.401757 0.829400 0.693300
ConmocionLance.jpg
5 -0.934900 -64.365585 67.869545 -0.000005 0.270483 0.962725 0.799800 0.670600
5 -0.934900 -63.842781 74.309425 -0.000009 0.973888 0.227027 0.774900 0.596700
5 1.009900 -68.926941 74.350868 0.972771 0.087180 0.214747 0.834300 0.581400
ConmocionLance.jpg
5 1.009900 -68.926941 74.350868 0.972771 0.087180 0.214747 0.834300 0.581400
5 2.437100 -71.660706 67.051682 0.949873 0.031467 0.311049 0.887700 0.658900
5 -0.934900 -64.365585 67.869545 -0.000005 0.270483 0.962725 0.799800 0.670600
ConmocionLance.jpg
5 2.437100 -71.660706 67.051682 0.949873 0.031467 0.311049 0.887700 0.658900
5 1.009900 -68.926941 74.350868 0.972771 0.087180 0.214747 0.834300 0.581400
5 -0.934900 -70.695877 76.829659 -0.000009 -0.679023 0.734117 0.847800 0.547200
ConmocionLance.jpg
5 -0.934900 -70.695877 76.829659 -0.000009 -0.679023 0.734117 0.847800 0.547200
5 -0.934900 -75.798241 72.067848 -0.000005 -0.228814 0.973470 0.921500 0.588000
5 2.437100 -71.660706 67.051682 0.949873 0.031467 0.311049 0.887700 0.658900
ConmocionLance.jpg
5 -0.934900 -63.842781 74.309425 -0.000009 0.973888 0.227027 0.774900 0.596700
5 -0.934900 -66.605309 79.314590 -0.000015 0.109044 0.994037 0.792700 0.530000
5 1.009900 -68.926941 74.350868 0.972771 0.087180 0.214747 0.834300 0.581400
ConmocionLance.jpg
5 1.009900 -68.926941 74.350868 0.972771 0.087180 0.214747 0.834300 0.581400
5 -0.934900 -66.605309 79.314590 -0.000015 0.109044 0.994037 0.792700 0.530000
5 -0.934900 -70.695877 76.829659 -0.000009 -0.679023 0.734117 0.847800 0.547200
ConmocionLance.jpg
5 2.437100 -71.660706 67.051682 0.949873 0.031467 0.311049 0.887700 0.658900
5 4.032599 -79.050049 60.928776 0.979670 -0.187708 0.070797 0.992000 0.709000
5 2.560800 -69.069115 61.977646 0.982655 0.111136 -0.148453 0.872100 0.725800
ConmocionLance.jpg
5 -0.934900 -69.094528 58.551212 -0.000000 0.143321 -0.989676 0.882400 0.765900
5 -0.934900 -65.751785 57.163769 0.000000 0.006895 -0.999976 0.847300 0.791900
5 1.613000 -66.407028 59.238693 0.844758 0.190819 -0.499972 0.849000 0.765700
ConmocionLance.jpg
5 -0.934900 -58.086037 69.545708 -0.000000 0.742636 0.669695 0.721400 0.669300
5 1.422700 -62.550888 66.618393 0.950698 0.224567 0.213875 0.782200 0.690500
5 -0.934900 -60.786827 65.498375 -0.000000 0.853773 -0.520645 0.764900 0.708800
ConmocionLance.jpg
5 -0.934900 -60.786827 65.498375 -0.000000 0.853773 -0.520645 0.764900 0.708800
5 1.422700 -62.550888 66.618393 0.950698 0.224567 0.213875 0.782200 0.690500
5 2.138000 -64.883148 64.208496 0.939361 0.339566 0.047915 0.816600 0.711900
ConmocionLance.jpg
5 2.138000 -64.883148 64.208496 0.939361 0.339566 0.047915 0.816600 0.711900
5 -0.934900 -62.514984 62.107697 -0.000000 0.948386 -0.317119 0.795000 0.743500
5 -0.934900 -60.786827 65.498375 -0.000000 0.853773 -0.520645 0.764900 0.708800
ConmocionLance.jpg
5 -0.934900 -62.514984 62.107697 -0.000000 0.948386 -0.317119 0.795000 0.743500
5 2.138000 -64.883148 64.208496 0.939361 0.339566 0.047915 0.816600 0.711900
5 1.613000 -66.407028 59.238693 0.844758 0.190819 -0.499972 0.849000 0.765700
ConmocionLance.jpg
5 1.613000 -66.407028 59.238693 0.844758 0.190819 -0.499972 0.849000 0.765700
5 -0.934900 -62.642548 58.658997 -0.000000 0.781924 -0.623374 0.806600 0.783500
5 -0.934900 -62.514984 62.107697 -0.000000 0.948386 -0.317119 0.795000 0.743500
ConmocionLance.jpg
5 1.613000 -66.407028 59.238693 0.844758 0.190819 -0.499972 0.849000 0.765700
5 -0.934900 -65.751785 57.163769 0.000000 0.006895 -0.999976 0.847300 0.791900
5 -0.934900 -62.642548 58.658997 -0.000000 0.781924 -0.623374 0.806600 0.783500
ConmocionLance.jpg
5 0.127400 -69.532852 38.935375 0.838339 0.200414 -0.506974 0.944800 0.994300
5 0.756800 -70.339615 42.541424 0.917034 0.398612 -0.012510 0.943800 0.949700
5 2.230700 -74.360565 42.120281 0.909557 0.100540 -0.403234 0.992000 0.942900
ConmocionLance.jpg
5 0.756800 -70.339615 42.541424 0.917034 0.398612 -0.012510 0.943800 0.949700
5 2.230700 -75.150253 45.287594 0.997756 -0.016196 0.064962 0.992000 0.903500
5 2.230700 -74.360565 42.120281 0.909557 0.100540 -0.403234 0.992000 0.942900
ConmocionLance.jpg
5 0.756800 -70.339615 42.541424 0.917034 0.398612 -0.012510 0.943800 0.949700
5 -0.934900 -66.829475 46.821037 -0.000015 0.999905 -0.013763 0.890200 0.909900
5 -0.934900 -66.456184 49.610809 -0.000009 0.953215 0.302295 0.877600 0.878300
ConmocionLance.jpg
5 -0.934900 -66.456184 49.610809 -0.000009 0.953215 0.302295 0.877600 0.878300
5 2.230700 -75.150253 45.287594 0.997756 -0.016196 0.064962 0.992000 0.903500
5 0.756800 -70.339615 42.541424 0.917034 0.398612 -0.012510 0.943800 0.949700
ConmocionLance.jpg
5 2.230700 -75.150253 45.287594 0.997756 -0.016196 0.064962 0.992000 0.903500
5 -0.934900 -66.456184 49.610809 -0.000009 0.953215 0.302295 0.877600 0.878300
5 -0.934900 -69.027489 50.966724 -0.000003 0.979032 0.203708 0.903800 0.854900
ConmocionLance.jpg
5 -0.934900 -69.027489 50.966724 -0.000003 0.979032 0.203708 0.903800 0.854900
5 2.230700 -75.956566 48.521507 0.992537 0.029501 -0.118321 0.992000 0.863300
5 2.230700 -75.150253 45.287594 0.997756 -0.016196 0.064962 0.992000 0.903500
ConmocionLance.jpg
5 2.560800 -69.069115 61.977646 0.982655 0.111136 -0.148453 0.872100 0.725800
5 4.032599 -77.700424 55.515694 0.974758 -0.002914 -0.223247 0.992000 0.776300
5 -0.934900 -69.094528 58.551212 -0.000000 0.143321 -0.989676 0.882400 0.765900
ConmocionLance.jpg
5 -0.934900 -69.027489 50.966724 -0.000003 0.979032 0.203708 0.903800 0.854900
5 4.032599 -77.700424 55.515694 0.974758 -0.002914 -0.223247 0.992000 0.776300
5 2.230700 -75.956566 48.521507 0.992537 0.029501 -0.118321 0.992000 0.863300
ConmocionLance.jpg
5 2.437100 -71.660706 67.051682 0.949873 0.031467 0.311049 0.887700 0.658900
5 2.112400 -80.808731 67.982445 0.889382 -0.203157 0.409545 0.992000 0.621200
5 4.032599 -79.050049 60.928776 0.979670 -0.187708 0.070797 0.992000 0.709000
ConmocionLance.jpg
5 0.127400 -69.532852 38.935375 0.838339 0.200414 -0.506974 0.841300 0.993600
5 -0.934900 -74.576904 42.546898 0.000001 -0.448004 -0.894032 0.844100 0.914300
5 -0.934900 -65.189087 45.076443 0.000000 0.821983 -0.569512 0.915800 0.993500
ConmocionLance.jpg
5 2.230700 -74.360565 42.120281 0.909557 0.100540 -0.403234 0.813800 0.925300
5 -0.934900 -74.576904 42.546898 0.000001 -0.448004 -0.894032 0.844100 0.914300
5 0.127400 -69.532852 38.935375 0.838339 0.200414 -0.506974 0.841300 0.993600
ConmocionLance.jpg
5 2.138000 -64.883148 64.208496 0.939361 0.339566 0.047915 0.816600 0.711900
5 2.560800 -69.069115 61.977646 0.982655 0.111136 -0.148453 0.872100 0.725800
5 1.613000 -66.407028 59.238693 0.844758 0.190819 -0.499972 0.849000 0.765700
ConmocionLance.jpg
5 0.127400 -77.127975 37.041813 0.838328 0.061054 -0.541737 0.944800 0.994300
5 0.756800 -78.108673 40.604382 0.917033 -0.346081 -0.198188 0.943800 0.949700
5 -0.934900 -83.217010 42.735168 -0.000016 -0.876400 -0.481584 0.890200 0.909900
ConmocionLance.jpg
5 -0.934900 -83.217010 42.735168 -0.000016 -0.876400 -0.481584 0.890200 0.909900
5 -0.934900 -83.846436 40.424641 0.000002 -0.458384 -0.888754 0.876000 0.935100
5 0.127400 -77.127975 37.041813 0.838328 0.061054 -0.541737 0.944800 0.994300
ConmocionLance.jpg
5 -0.934900 -86.724052 54.155678 0.000000 -0.883273 -0.468860 0.882400 0.765900
5 -0.934900 -83.222549 47.427513 -0.000003 -0.960068 -0.279768 0.903800 0.854900
5 4.032599 -77.700424 55.515694 0.974758 -0.002914 -0.223247 0.992000 0.776300
ConmocionLance.jpg
5 4.032599 -77.700424 55.515694 0.974758 -0.002914 -0.223247 0.992000 0.776300
5 4.032599 -79.050049 60.928776 0.979670 -0.187708 0.070797 0.992000 0.709000
5 -0.934900 -88.355103 57.169098 0.000000 -0.966907 -0.255128 0.872100 0.725800
ConmocionLance.jpg
5 2.112400 -80.808731 67.982445 0.889382 -0.203157 0.409545 0.992000 0.621200
5 -0.934900 -81.641563 71.322800 -0.000008 -0.241923 0.970295 0.992000 0.579700
5 -0.934900 -87.150696 69.237350 -0.000008 -0.678476 0.734623 0.921500 0.588000
ConmocionLance.jpg
5 -0.934900 -87.150696 69.237350 -0.000008 -0.678476 0.734623 0.921500 0.588000
5 -0.934900 -88.448990 62.865921 -0.000002 -0.987867 0.155300 0.887700 0.658900
5 2.112400 -80.808731 67.982445 0.889382 -0.203157 0.409545 0.992000 0.621200
ConmocionLance.jpg
5 -0.934900 -88.448990 62.865921 -0.000002 -0.987867 0.155300 0.887700 0.658900
5 -0.934900 -88.355103 57.169098 0.000000 -0.966907 -0.255128 0.872100 0.725800
5 4.032599 -79.050049 60.928776 0.979670 -0.187708 0.070797 0.992000 0.709000
ConmocionLance.jpg
5 0.127400 -77.127975 37.041813 0.838328 0.061054 -0.541737 0.944800 0.994300
5 2.230700 -74.360565 42.120281 0.909557 0.100540 -0.403234 0.992000 0.942900
5 0.756800 -78.108673 40.604382 0.917033 -0.346081 -0.198188 0.943800 0.949700
ConmocionLance.jpg
5 0.756800 -78.108673 40.604382 0.917033 -0.346081 -0.198188 0.943800 0.949700
5 2.230700 -74.360565 42.120281 0.909557 0.100540 -0.403234 0.992000 0.942900
5 2.230700 -75.150253 45.287594 0.997756 -0.016196 0.064962 0.992000 0.903500
ConmocionLance.jpg
5 0.756800 -78.108673 40.604382 0.917033 -0.346081 -0.198188 0.943800 0.949700
5 2.230700 -75.150253 45.287594 0.997756 -0.016196 0.064962 0.992000 0.903500
5 -0.934900 -84.856300 45.023140 -0.000009 -0.983558 -0.180591 0.877600 0.878300
ConmocionLance.jpg
5 -0.934900 -84.856300 45.023140 -0.000009 -0.983558 -0.180591 0.877600 0.878300
5 -0.934900 -83.217010 42.735168 -0.000016 -0.876400 -0.481584 0.890200 0.909900
5 0.756800 -78.108673 40.604382 0.917033 -0.346081 -0.198188 0.943800 0.949700
ConmocionLance.jpg
5 2.230700 -75.150253 45.287594 0.997756 -0.016196 0.064962 0.992000 0.903500
5 2.230700 -75.956566 48.521507 0.992537 0.029501 -0.118321 0.992000 0.863300
5 -0.934900 -83.222549 47.427513 -0.000003 -0.960068 -0.279768 0.903800 0.854900
ConmocionLance.jpg
5 -0.934900 -83.222549 47.427513 -0.000003 -0.960068 -0.279768 0.903800 0.854900
5 -0.934900 -84.856300 45.023140 -0.000009 -0.983558 -0.180591 0.877600 0.878300
5 2.230700 -75.150253 45.287594 0.997756 -0.016196 0.064962 0.992000 0.903500
ConmocionLance.jpg
5 -0.934900 -88.355103 57.169098 0.000000 -0.966907 -0.255128 0.872100 0.725800
5 -0.934900 -86.724052 54.155678 0.000000 -0.883273 -0.468860 0.882400 0.765900
5 4.032599 -77.700424 55.515694 0.974758 -0.002914 -0.223247 0.992000 0.776300
ConmocionLance.jpg
5 -0.934900 -83.222549 47.427513 -0.000003 -0.960068 -0.279768 0.903800 0.854900
5 2.230700 -75.956566 48.521507 0.992537 0.029501 -0.118321 0.992000 0.863300
5 4.032599 -77.700424 55.515694 0.974758 -0.002914 -0.223247 0.992000 0.776300
ConmocionLance.jpg
5 -0.934900 -88.448990 62.865921 -0.000002 -0.987867 0.155300 0.887700 0.658900
5 4.032599 -79.050049 60.928776 0.979670 -0.187708 0.070797 0.992000 0.709000
5 2.112400 -80.808731 67.982445 0.889382 -0.203157 0.409545 0.992000 0.621200
ConmocionLance.jpg
5 0.127400 -77.127975 37.041813 0.838328 0.061054 -0.541737 0.841300 0.993600
5 -0.934900 -83.846436 40.424641 0.000002 -0.458384 -0.888754 0.915800 0.993500
5 -0.934900 -74.369827 42.598522 0.000001 0.815282 -0.579065 0.844100 0.914300
ConmocionLance.jpg
5 2.230700 -74.360565 42.120281 0.909557 0.100540 -0.403234 0.813800 0.925300
5 0.127400 -77.127975 37.041813 0.838328 0.061054 -0.541737 0.841300 0.993600
5 -0.934900 -74.369827 42.598522 0.000001 0.815282 -0.579065 0.844100 0.914300
ConmocionLance.jpg
5 -1.997200 -69.532852 38.935375 -0.838352 0.200398 -0.506958 0.944800 0.994300
5 -2.626500 -70.339615 42.541424 -0.917040 0.398599 -0.012504 0.943800 0.949700
5 -0.934900 -66.829475 46.821037 -0.000015 0.999905 -0.013763 0.890200 0.909900
ConmocionLance.jpg
5 -0.934900 -66.829475 46.821037 -0.000015 0.999905 -0.013763 0.890200 0.909900
5 -0.934900 -65.189087 45.076443 0.000000 0.821983 -0.569512 0.876000 0.935100
5 -1.997200 -69.532852 38.935375 -0.838352 0.200398 -0.506958 0.944800 0.994300
ConmocionLance.jpg
5 -0.934900 -69.094528 58.551212 -0.000000 0.143321 -0.989676 0.882400 0.765900
5 -0.934900 -69.027489 50.966724 -0.000003 0.979032 0.203708 0.903800 0.854900
5 -5.902400 -77.700424 55.515694 -0.974757 -0.002913 -0.223250 0.992000 0.776300
ConmocionLance.jpg
5 -5.902400 -77.700424 55.515694 -0.974757 -0.002913 -0.223250 0.992000 0.776300
5 -5.902400 -79.050049 60.928776 -0.979670 -0.187709 0.070801 0.992000 0.709000
5 -4.430600 -69.069115 61.977646 -0.982656 0.111136 -0.148444 0.872100 0.725800
ConmocionLance.jpg
5 -4.430600 -69.069115 61.977646 -0.982656 0.111136 -0.148444 0.872100 0.725800
5 -3.482800 -66.407028 59.238693 -0.844758 0.190819 -0.499972 0.849000 0.765700
5 -0.934900 -69.094528 58.551212 -0.000000 0.143321 -0.989676 0.882400 0.765900
ConmocionLance.jpg
5 -4.430600 -69.069115 61.977646 -0.982656 0.111136 -0.148444 0.872100 0.725800
5 -3.645100 -66.282372 65.449654 -0.896636 0.186085 0.401767 0.829400 0.693300
5 -4.007800 -64.883148 64.208496 -0.939364 0.339555 0.047926 0.816600 0.711900
ConmocionLance.jpg
5 -4.007800 -64.883148 64.208496 -0.939364 0.339555 0.047926 0.816600 0.711900
5 -3.645100 -66.282372 65.449654 -0.896636 0.186085 0.401767 0.829400 0.693300
5 -0.934900 -64.365585 67.869545 -0.000005 0.270483 0.962725 0.799800 0.670600
ConmocionLance.jpg
5 -0.934900 -64.365585 67.869545 -0.000005 0.270483 0.962725 0.799800 0.670600
5 -3.292500 -62.550888 66.618393 -0.950698 0.224567 0.213875 0.782200 0.690500
5 -4.007800 -64.883148 64.208496 -0.939364 0.339555 0.047926 0.816600 0.711900
ConmocionLance.jpg
5 -3.292500 -62.550888 66.618393 -0.950698 0.224567 0.213875 0.782200 0.690500
5 -0.934900 -64.365585 67.869545 -0.000005 0.270483 0.962725 0.799800 0.670600
5 -0.934900 -58.086037 69.545708 -0.000000 0.742636 0.669695 0.721400 0.669300
ConmocionLance.jpg
5 -3.982100 -80.808731 67.982445 -0.889384 -0.203156 0.409542 0.992000 0.621200
5 -0.934900 -81.641563 71.322800 -0.000008 -0.241923 0.970295 0.992000 0.579700
5 -0.934900 -75.798241 72.067848 -0.000005 -0.228814 0.973470 0.921500 0.588000
ConmocionLance.jpg
5 -0.934900 -75.798241 72.067848 -0.000005 -0.228814 0.973470 0.921500 0.588000
5 -4.306900 -71.660706 67.051682 -0.949873 0.031473 0.311049 0.887700 0.658900
5 -3.982100 -80.808731 67.982445 -0.889384 -0.203156 0.409542 0.992000 0.621200
ConmocionLance.jpg
5 -3.645100 -66.282372 65.449654 -0.896636 0.186085 0.401767 0.829400 0.693300
5 -4.430600 -69.069115 61.977646 -0.982656 0.111136 -0.148444 0.872100 0.725800
5 -4.306900 -71.660706 67.051682 -0.949873 0.031473 0.311049 0.887700 0.658900
ConmocionLance.jpg
5 -0.934900 -64.365585 67.869545 -0.000005 0.270483 0.962725 0.799800 0.670600
5 -3.645100 -66.282372 65.449654 -0.896636 0.186085 0.401767 0.829400 0.693300
5 -4.306900 -71.660706 67.051682 -0.949873 0.031473 0.311049 0.887700 0.658900
ConmocionLance.jpg
5 -0.934900 -64.365585 67.869545 -0.000005 0.270483 0.962725 0.799800 0.670600
5 -4.306900 -71.660706 67.051682 -0.949873 0.031473 0.311049 0.887700 0.658900
5 -2.879600 -68.926941 74.350868 -0.972772 0.087181 0.214743 0.834300 0.581400
ConmocionLance.jpg
5 -2.879600 -68.926941 74.350868 -0.972772 0.087181 0.214743 0.834300 0.581400
5 -0.934900 -63.842781 74.309425 -0.000009 0.973888 0.227027 0.774900 0.596700
5 -0.934900 -64.365585 67.869545 -0.000005 0.270483 0.962725 0.799800 0.670600
ConmocionLance.jpg
5 -4.306900 -71.660706 67.051682 -0.949873 0.031473 0.311049 0.887700 0.658900
5 -0.934900 -75.798241 72.067848 -0.000005 -0.228814 0.973470 0.921500 0.588000
5 -0.934900 -70.695877 76.829659 -0.000009 -0.679023 0.734117 0.847800 0.547200
ConmocionLance.jpg
5 -0.934900 -70.695877 76.829659 -0.000009 -0.679023 0.734117 0.847800 0.547200
5 -2.879600 -68.926941 74.350868 -0.972772 0.087181 0.214743 0.834300 0.581400
5 -4.306900 -71.660706 67.051682 -0.949873 0.031473 0.311049 0.887700 0.658900
ConmocionLance.jpg
5 -0.934900 -63.842781 74.309425 -0.000009 0.973888 0.227027 0.774900 0.596700
5 -2.879600 -68.926941 74.350868 -0.972772 0.087181 0.214743 0.834300 0.581400
5 -0.934900 -66.605309 79.314590 -0.000015 0.109044 0.994037 0.792700 0.530000
ConmocionLance.jpg
5 -2.879600 -68.926941 74.350868 -0.972772 0.087181 0.214743 0.834300 0.581400
5 -0.934900 -70.695877 76.829659 -0.000009 -0.679023 0.734117 0.847800 0.547200
5 -0.934900 -66.605309 79.314590 -0.000015 0.109044 0.994037 0.792700 0.530000
ConmocionLance.jpg
5 -4.306900 -71.660706 67.051682 -0.949873 0.031473 0.311049 0.887700 0.658900
5 -4.430600 -69.069115 61.977646 -0.982656 0.111136 -0.148444 0.872100 0.725800
5 -5.902400 -79.050049 60.928776 -0.979670 -0.187709 0.070801 0.992000 0.709000
ConmocionLance.jpg
5 -0.934900 -69.094528 58.551212 -0.000000 0.143321 -0.989676 0.882400 0.765900
5 -3.482800 -66.407028 59.238693 -0.844758 0.190819 -0.499972 0.849000 0.765700
5 -0.934900 -65.751785 57.163769 0.000000 0.006895 -0.999976 0.847300 0.791900
ConmocionLance.jpg
5 -0.934900 -58.086037 69.545708 -0.000000 0.742636 0.669695 0.721400 0.669300
5 -0.934900 -60.786827 65.498375 -0.000000 0.853773 -0.520645 0.764900 0.708800
5 -3.292500 -62.550888 66.618393 -0.950698 0.224567 0.213875 0.782200 0.690500
ConmocionLance.jpg
5 -0.934900 -60.786827 65.498375 -0.000000 0.853773 -0.520645 0.764900 0.708800
5 -0.934900 -62.514984 62.107697 -0.000000 0.948386 -0.317119 0.795000 0.743500
5 -4.007800 -64.883148 64.208496 -0.939364 0.339555 0.047926 0.816600 0.711900
ConmocionLance.jpg
5 -4.007800 -64.883148 64.208496 -0.939364 0.339555 0.047926 0.816600 0.711900
5 -3.292500 -62.550888 66.618393 -0.950698 0.224567 0.213875 0.782200 0.690500
5 -0.934900 -60.786827 65.498375 -0.000000 0.853773 -0.520645 0.764900 0.708800
ConmocionLance.jpg
5 -0.934900 -62.514984 62.107697 -0.000000 0.948386 -0.317119 0.795000 0.743500
5 -0.934900 -62.642548 58.658997 -0.000000 0.781924 -0.623374 0.806600 0.783500
5 -3.482800 -66.407028 59.238693 -0.844758 0.190819 -0.499972 0.849000 0.765700
ConmocionLance.jpg
5 -3.482800 -66.407028 59.238693 -0.844758 0.190819 -0.499972 0.849000 0.765700
5 -4.007800 -64.883148 64.208496 -0.939364 0.339555 0.047926 0.816600 0.711900
5 -0.934900 -62.514984 62.107697 -0.000000 0.948386 -0.317119 0.795000 0.743500
ConmocionLance.jpg
5 -3.482800 -66.407028 59.238693 -0.844758 0.190819 -0.499972 0.849000 0.765700
5 -0.934900 -62.642548 58.658997 -0.000000 0.781924 -0.623374 0.806600 0.783500
5 -0.934900 -65.751785 57.163769 0.000000 0.006895 -0.999976 0.847300 0.791900
ConmocionLance.jpg
5 -1.997200 -69.532852 38.935375 -0.838352 0.200398 -0.506958 0.944800 0.994300
5 -4.100400 -74.360565 42.120281 -0.909563 0.100538 -0.403221 0.992000 0.942900
5 -2.626500 -70.339615 42.541424 -0.917040 0.398599 -0.012504 0.943800 0.949700
ConmocionLance.jpg
5 -2.626500 -70.339615 42.541424 -0.917040 0.398599 -0.012504 0.943800 0.949700
5 -4.100400 -74.360565 42.120281 -0.909563 0.100538 -0.403221 0.992000 0.942900
5 -4.100400 -75.150253 45.287594 -0.997757 -0.016195 0.064958 0.992000 0.903500
ConmocionLance.jpg
5 -2.626500 -70.339615 42.541424 -0.917040 0.398599 -0.012504 0.943800 0.949700
5 -4.100400 -75.150253 45.287594 -0.997757 -0.016195 0.064958 0.992000 0.903500
5 -0.934900 -66.456184 49.610809 -0.000009 0.953215 0.302295 0.877600 0.878300
ConmocionLance.jpg
5 -0.934900 -66.456184 49.610809 -0.000009 0.953215 0.302295 0.877600 0.878300
5 -0.934900 -66.829475 46.821037 -0.000015 0.999905 -0.013763 0.890200 0.909900
5 -2.626500 -70.339615 42.541424 -0.917040 0.398599 -0.012504 0.943800 0.949700
ConmocionLance.jpg
5 -4.100400 -75.150253 45.287594 -0.997757 -0.016195 0.064958 0.992000 0.903500
5 -4.100400 -75.956566 48.521507 -0.992536 0.029502 -0.118328 0.992000 0.863300
5 -0.934900 -69.027489 50.966724 -0.000003 0.979032 0.203708 0.903800 0.854900
ConmocionLance.jpg
5 -0.934900 -69.027489 50.966724 -0.000003 0.979032 0.203708 0.903800 0.854900
5 -0.934900 -66.456184 49.610809 -0.000009 0.953215 0.302295 0.877600 0.878300
5 -4.100400 -75.150253 45.287594 -0.997757 -0.016195 0.064958 0.992000 0.903500
ConmocionLance.jpg
5 -4.430600 -69.069115 61.977646 -0.982656 0.111136 -0.148444 0.872100 0.725800
5 -0.934900 -69.094528 58.551212 -0.000000 0.143321 -0.989676 0.882400 0.765900
5 -5.902400 -77.700424 55.515694 -0.974757 -0.002913 -0.223250 0.992000 0.776300
ConmocionLance.jpg
5 -0.934900 -69.027489 50.966724 -0.000003 0.979032 0.203708 0.903800 0.854900
5 -4.100400 -75.956566 48.521507 -0.992536 0.029502 -0.118328 0.992000 0.863300
5 -5.902400 -77.700424 55.515694 -0.974757 -0.002913 -0.223250 0.992000 0.776300
ConmocionLance.jpg
5 -4.306900 -71.660706 67.051682 -0.949873 0.031473 0.311049 0.887700 0.658900
5 -5.902400 -79.050049 60.928776 -0.979670 -0.187709 0.070801 0.992000 0.709000
5 -3.982100 -80.808731 67.982445 -0.889384 -0.203156 0.409542 0.992000 0.621200
ConmocionLance.jpg
5 -1.997200 -69.532852 38.935375 -0.838352 0.200398 -0.506958 0.841300 0.993600
5 -0.934900 -65.189087 45.076443 0.000000 0.821983 -0.569512 0.915800 0.993500
5 -0.934900 -74.576904 42.546898 0.000001 -0.448004 -0.894032 0.844100 0.914300
ConmocionLance.jpg
5 -4.100400 -74.360565 42.120281 -0.909563 0.100538 -0.403221 0.813800 0.925300
5 -1.997200 -69.532852 38.935375 -0.838352 0.200398 -0.506958 0.841300 0.993600
5 -0.934900 -74.576904 42.546898 0.000001 -0.448004 -0.894032 0.844100 0.914300
ConmocionLance.jpg
5 -4.007800 -64.883148 64.208496 -0.939364 0.339555 0.047926 0.816600 0.711900
5 -3.482800 -66.407028 59.238693 -0.844758 0.190819 -0.499972 0.849000 0.765700
5 -4.430600 -69.069115 61.977646 -0.982656 0.111136 -0.148444 0.872100 0.725800
ConmocionLance.jpg
5 -1.997200 -77.127960 37.041729 -0.838345 0.061062 -0.541709 0.944800 0.994300
5 -0.934900 -83.846436 40.424641 0.000002 -0.458384 -0.888754 0.876000 0.935100
5 -0.934900 -83.217010 42.735168 -0.000016 -0.876400 -0.481584 0.890200 0.909900
ConmocionLance.jpg
5 -0.934900 -83.217010 42.735168 -0.000016 -0.876400 -0.481584 0.890200 0.909900
5 -2.626500 -78.108673 40.604382 -0.917039 -0.346073 -0.198174 0.943800 0.949700
5 -1.997200 -77.127960 37.041729 -0.838345 0.061062 -0.541709 0.944800 0.994300
ConmocionLance.jpg
5 -0.934900 -86.724052 54.155678 0.000000 -0.883273 -0.468860 0.882400 0.765900
5 -5.902400 -77.700424 55.515694 -0.974757 -0.002913 -0.223250 0.992000 0.776300
5 -0.934900 -83.222549 47.427513 -0.000003 -0.960068 -0.279768 0.903800 0.854900
ConmocionLance.jpg
5 -5.902400 -77.700424 55.515694 -0.974757 -0.002913 -0.223250 0.992000 0.776300
5 -0.934900 -88.355103 57.169098 0.000000 -0.966907 -0.255128 0.872100 0.725800
5 -5.902400 -79.050049 60.928776 -0.979670 -0.187709 0.070801 0.992000 0.709000
ConmocionLance.jpg
5 -3.982100 -80.808731 67.982445 -0.889384 -0.203156 0.409542 0.992000 0.621200
5 -0.934900 -88.448990 62.865921 -0.000002 -0.987867 0.155300 0.887700 0.658900
5 -0.934900 -87.150696 69.237350 -0.000008 -0.678476 0.734623 0.921500 0.588000
ConmocionLance.jpg
5 -0.934900 -87.150696 69.237350 -0.000008 -0.678476 0.734623 0.921500 0.588000
5 -0.934900 -81.641563 71.322800 -0.000008 -0.241923 0.970295 0.992000 0.579700
5 -3.982100 -80.808731 67.982445 -0.889384 -0.203156 0.409542 0.992000 0.621200
ConmocionLance.jpg
5 -0.934900 -88.448990 62.865921 -0.000002 -0.987867 0.155300 0.887700 0.658900
5 -5.902400 -79.050049 60.928776 -0.979670 -0.187709 0.070801 0.992000 0.709000
5 -0.934900 -88.355103 57.169098 0.000000 -0.966907 -0.255128 0.872100 0.725800
ConmocionLance.jpg
5 -1.997200 -77.127960 37.041729 -0.838345 0.061062 -0.541709 0.944800 0.994300
5 -2.626500 -78.108673 40.604382 -0.917039 -0.346073 -0.198174 0.943800 0.949700
5 -4.100400 -74.360565 42.120281 -0.909563 0.100538 -0.403221 0.992000 0.942900
ConmocionLance.jpg
5 -2.626500 -78.108673 40.604382 -0.917039 -0.346073 -0.198174 0.943800 0.949700
5 -4.100400 -75.150253 45.287594 -0.997757 -0.016195 0.064958 0.992000 0.903500
5 -4.100400 -74.360565 42.120281 -0.909563 0.100538 -0.403221 0.992000 0.942900
ConmocionLance.jpg
5 -2.626500 -78.108673 40.604382 -0.917039 -0.346073 -0.198174 0.943800 0.949700
5 -0.934900 -83.217010 42.735168 -0.000016 -0.876400 -0.481584 0.890200 0.909900
5 -0.934900 -84.856300 45.023140 -0.000009 -0.983558 -0.180591 0.877600 0.878300
ConmocionLance.jpg
5 -0.934900 -84.856300 45.023140 -0.000009 -0.983558 -0.180591 0.877600 0.878300
5 -4.100400 -75.150253 45.287594 -0.997757 -0.016195 0.064958 0.992000 0.903500
5 -2.626500 -78.108673 40.604382 -0.917039 -0.346073 -0.198174 0.943800 0.949700
ConmocionLance.jpg
5 -4.100400 -75.150253 45.287594 -0.997757 -0.016195 0.064958 0.992000 0.903500
5 -0.934900 -84.856300 45.023140 -0.000009 -0.983558 -0.180591 0.877600 0.878300
5 -0.934900 -83.222549 47.427513 -0.000003 -0.960068 -0.279768 0.903800 0.854900
ConmocionLance.jpg
5 -0.934900 -83.222549 47.427513 -0.000003 -0.960068 -0.279768 0.903800 0.854900
5 -4.100400 -75.956566 48.521507 -0.992536 0.029502 -0.118328 0.992000 0.863300
5 -4.100400 -75.150253 45.287594 -0.997757 -0.016195 0.064958 0.992000 0.903500
ConmocionLance.jpg
5 -0.934900 -88.355103 57.169098 0.000000 -0.966907 -0.255128 0.872100 0.725800
5 -5.902400 -77.700424 55.515694 -0.974757 -0.002913 -0.223250 0.992000 0.776300
5 -0.934900 -86.724052 54.155678 0.000000 -0.883273 -0.468860 0.882400 0.765900
ConmocionLance.jpg
5 -0.934900 -83.222549 47.427513 -0.000003 -0.960068 -0.279768 0.903800 0.854900
5 -5.902400 -77.700424 55.515694 -0.974757 -0.002913 -0.223250 0.992000 0.776300
5 -4.100400 -75.956566 48.521507 -0.992536 0.029502 -0.118328 0.992000 0.863300
ConmocionLance.jpg
5 -0.934900 -88.448990 62.865921 -0.000002 -0.987867 0.155300 0.887700 0.658900
5 -3.982100 -80.808731 67.982445 -0.889384 -0.203156 0.409542 0.992000 0.621200
5 -5.902400 -79.050049 60.928776 -0.979670 -0.187709 0.070801 0.992000 0.709000
ConmocionLance.jpg
5 -1.997200 -77.127960 37.041729 -0.838345 0.061062 -0.541709 0.841300 0.993600
5 -0.934900 -74.369827 42.598522 0.000001 0.815282 -0.579065 0.844100 0.914300
5 -0.934900 -83.846436 40.424641 0.000002 -0.458384 -0.888754 0.915800 0.993500
ConmocionLance.jpg
5 -4.100400 -74.360565 42.120281 -0.909563 0.100538 -0.403221 0.813800 0.925300
5 -0.934900 -74.369827 42.598522 0.000001 0.815282 -0.579065 0.844100 0.914300
5 -1.997200 -77.127960 37.041729 -0.838345 0.061062 -0.541709 0.841300 0.993600
ConmocionLance.jpg
5 -0.148400 -47.757790 -28.404282 0.901110 0.428303 0.067502 0.084200 0.690800
5 -0.893400 -56.931610 -21.539719 0.000097 -0.992950 -0.118533 0.018300 0.609900
5 -0.382800 -45.575104 -51.958443 0.584735 0.811220 0.002748 0.051600 0.903700
ConmocionLance.jpg
5 -0.382800 -45.575104 -51.958443 0.584735 0.811220 0.002748 0.051600 0.903700
5 -0.893400 -56.931610 -21.539719 0.000097 -0.992950 -0.118533 0.018300 0.609900
5 -0.894300 -46.827850 -62.063667 0.000020 0.967234 -0.253885 0.018300 0.990200
ConmocionLance.jpg
5 -0.893400 -56.931610 -21.539719 0.000097 -0.992950 -0.118533 0.018300 0.609900
5 -0.148400 -47.757790 -28.404282 0.901110 0.428303 0.067502 0.084200 0.690800
5 -0.894300 -55.749283 -16.656326 0.000064 -0.999560 0.029649 0.039500 0.569400
ConmocionLance.jpg
5 -0.894300 -55.749283 -16.656326 0.000064 -0.999560 0.029649 0.039500 0.569400
5 -0.148400 -47.757790 -28.404282 0.901110 0.428303 0.067502 0.084200 0.690800
5 -0.894300 -56.571003 -8.726891 0.000000 -0.981673 -0.190573 0.049700 0.497500
ConmocionLance.jpg
5 -0.148400 -47.757790 -28.404282 0.901110 0.428303 0.067502 0.084200 0.690800
5 0.171300 -60.214951 37.636902 0.850935 0.386070 0.356173 0.119700 0.079900
5 -0.894300 -61.957199 13.037209 0.000000 -0.964983 -0.262313 0.050100 0.293400
ConmocionLance.jpg
5 -0.894300 -61.957199 13.037209 0.000000 -0.964983 -0.262313 0.050100 0.293400
5 -0.894300 -56.571003 -8.726891 0.000000 -0.981673 -0.190573 0.049700 0.497500
5 -0.148400 -47.757790 -28.404282 0.901110 0.428303 0.067502 0.084200 0.690800
ConmocionLance.jpg
5 -0.894300 -61.957199 13.037209 0.000000 -0.964983 -0.262313 0.050100 0.293400
5 0.171300 -60.214951 37.636902 0.850935 0.386070 0.356173 0.119700 0.079900
5 -0.894300 -64.997940 20.582287 0.000000 -0.848126 -0.529794 0.039800 0.220000
ConmocionLance.jpg
5 0.171300 -60.214951 37.636902 0.850935 0.386070 0.356173 0.119700 0.079900
5 -0.382000 -63.566246 40.297913 0.727849 0.389417 0.564439 0.095900 0.049000
5 -0.894300 -70.222336 25.522755 0.001400 -0.241896 0.970301 0.004600 0.164900
ConmocionLance.jpg
5 -0.894300 -70.222336 25.522755 0.001400 -0.241896 0.970301 0.004600 0.164900
5 -0.894300 -64.997940 20.582287 0.000000 -0.848126 -0.529794 0.039800 0.220000
5 0.171300 -60.214951 37.636902 0.850935 0.386070 0.356173 0.119700 0.079900
ConmocionLance.jpg
5 -0.894300 -70.222336 25.522755 0.001400 -0.241896 0.970301 0.004600 0.164900
5 -0.382000 -63.566246 40.297913 0.727849 0.389417 0.564439 0.095900 0.049000
5 -0.894300 -66.393356 43.258503 0.000091 0.705974 0.708238 0.077500 0.016600
ConmocionLance.jpg
5 -0.894300 -66.393356 43.258503 0.000091 0.705974 0.708238 0.077500 0.016600
5 0.130300 -74.360565 42.120281 0.998211 0.014466 -0.058015 0.004600 0.009100
5 -0.894300 -70.222336 25.522755 0.001400 -0.241896 0.970301 0.004600 0.164900
ConmocionLance.jpg
5 -0.894300 -46.827850 -62.063667 0.000020 0.967234 -0.253885 0.910800 0.066400
5 -1.405800 -45.575104 -51.958443 -0.748217 0.662718 -0.031253 0.840400 0.069800
5 -0.382800 -45.575104 -51.958443 0.584735 0.811220 0.002748 0.840400 0.062900
ConmocionLance.jpg
5 -0.382800 -45.575104 -51.958443 0.584735 0.811220 0.002748 0.840400 0.062900
5 -1.405800 -45.575104 -51.958443 -0.748217 0.662718 -0.031253 0.840400 0.069800
5 -1.640200 -47.757790 -28.404282 -0.901135 0.430584 0.050529 0.676800 0.071300
ConmocionLance.jpg
5 -1.640200 -47.757790 -28.404282 -0.901135 0.430584 0.050529 0.676800 0.071300
5 -0.148400 -47.757790 -28.404282 0.901110 0.428303 0.067502 0.676800 0.061400
5 -0.382800 -45.575104 -51.958443 0.584735 0.811220 0.002748 0.840400 0.062900
ConmocionLance.jpg
5 -0.148400 -47.757790 -28.404282 0.901110 0.428303 0.067502 0.676800 0.061400
5 -1.640200 -47.757790 -28.404282 -0.901135 0.430584 0.050529 0.676800 0.071300
5 -1.959900 -60.214951 37.636902 -0.854859 0.465525 0.229133 0.209400 0.073400
ConmocionLance.jpg
5 -1.959900 -60.214951 37.636902 -0.854859 0.465525 0.229133 0.209400 0.073400
5 0.171300 -60.214951 37.636902 0.850935 0.386070 0.356173 0.209400 0.059200
5 -0.148400 -47.757790 -28.404282 0.901110 0.428303 0.067502 0.676800 0.061400
ConmocionLance.jpg
5 -0.382000 -63.566246 40.297913 0.727849 0.389417 0.564439 0.180000 0.062800
5 -1.406600 -63.566246 40.297913 -0.568569 0.482905 0.665982 0.180000 0.069900
5 -0.894300 -66.393356 43.258503 0.000091 0.705974 0.708238 0.151800 0.066400
ConmocionLance.jpg
5 -0.894300 -66.393356 43.258503 0.000091 0.705974 0.708238 0.151800 0.066400
5 -0.894300 -66.393356 43.258503 0.000091 0.705974 0.708238 0.151800 0.066400
5 -0.382000 -63.566246 40.297913 0.727849 0.389417 0.564439 0.180000 0.062800
ConmocionLance.jpg
5 0.171300 -60.214951 37.636902 0.850935 0.386070 0.356173 0.209400 0.059200
5 -1.959900 -60.214951 37.636902 -0.854859 0.465525 0.229133 0.209400 0.073400
5 -1.406600 -63.566246 40.297913 -0.568569 0.482905 0.665982 0.180000 0.069900
ConmocionLance.jpg
5 -1.406600 -63.566246 40.297913 -0.568569 0.482905 0.665982 0.180000 0.069900
5 -0.382000 -63.566246 40.297913 0.727849 0.389417 0.564439 0.180000 0.062800
5 0.171300 -60.214951 37.636902 0.850935 0.386070 0.356173 0.209400 0.059200
ConmocionLance.jpg
5 -1.640200 -47.757790 -28.404282 -0.901135 0.430584 0.050529 0.084200 0.690800
5 -1.405800 -45.575104 -51.958443 -0.748217 0.662718 -0.031253 0.051600 0.903700
5 -0.893400 -56.931610 -21.539719 0.000097 -0.992950 -0.118533 0.018300 0.609900
ConmocionLance.jpg
5 -1.405800 -45.575104 -51.958443 -0.748217 0.662718 -0.031253 0.051600 0.903700
5 -0.894300 -46.827850 -62.063667 0.000020 0.967234 -0.253885 0.018300 0.990200
5 -0.893400 -56.931610 -21.539719 0.000097 -0.992950 -0.118533 0.018300 0.609900
ConmocionLance.jpg
5 -0.893400 -56.931610 -21.539719 0.000097 -0.992950 -0.118533 0.018300 0.609900
5 -0.894300 -55.749283 -16.656326 0.000064 -0.999560 0.029649 0.039500 0.569400
5 -1.640200 -47.757790 -28.404282 -0.901135 0.430584 0.050529 0.084200 0.690800
ConmocionLance.jpg
5 -0.894300 -55.749283 -16.656326 0.000064 -0.999560 0.029649 0.039500 0.569400
5 -0.894300 -56.571003 -8.726891 0.000000 -0.981673 -0.190573 0.049700 0.497500
5 -1.640200 -47.757790 -28.404282 -0.901135 0.430584 0.050529 0.084200 0.690800
ConmocionLance.jpg
5 -1.640200 -47.757790 -28.404282 -0.901135 0.430584 0.050529 0.084200 0.690800
5 -0.894300 -56.571003 -8.726891 0.000000 -0.981673 -0.190573 0.049700 0.497500
5 -0.894300 -61.957199 13.037209 0.000000 -0.964983 -0.262313 0.050100 0.293400
ConmocionLance.jpg
5 -0.894300 -61.957199 13.037209 0.000000 -0.964983 -0.262313 0.050100 0.293400
5 -1.959900 -60.214951 37.636902 -0.854859 0.465525 0.229133 0.119700 0.079900
5 -1.640200 -47.757790 -28.404282 -0.901135 0.430584 0.050529 0.084200 0.690800
ConmocionLance.jpg
5 -0.894300 -61.957199 13.037209 0.000000 -0.964983 -0.262313 0.050100 0.293400
5 -0.894300 -64.997940 20.582287 0.000000 -0.848126 -0.529794 0.039800 0.220000
5 -1.959900 -60.214951 37.636902 -0.854859 0.465525 0.229133 0.119700 0.079900
ConmocionLance.jpg
5 -1.959900 -60.214951 37.636902 -0.854859 0.465525 0.229133 0.119700 0.079900
5 -0.894300 -64.997940 20.582287 0.000000 -0.848126 -0.529794 0.039800 0.220000
5 -0.894300 -70.222336 25.522755 0.001400 -0.241896 0.970301 0.004600 0.164900
ConmocionLance.jpg
5 -0.894300 -70.222336 25.522755 0.001400 -0.241896 0.970301 0.004600 0.164900
5 -1.406600 -63.566246 40.297913 -0.568569 0.482905 0.665982 0.095900 0.049000
5 -1.959900 -60.214951 37.636902 -0.854859 0.465525 0.229133 0.119700 0.079900
ConmocionLance.jpg
5 -0.894300 -70.222336 25.522755 0.001400 -0.241896 0.970301 0.004600 0.164900
5 -0.894300 -66.393356 43.258503 0.000091 0.705974 0.708238 0.077500 0.016600
5 -1.406600 -63.566246 40.297913 -0.568569 0.482905 0.665982 0.095900 0.049000
ConmocionLance.jpg
5 -0.894300 -66.393356 43.258503 0.000091 0.705974 0.708238 0.077500 0.016600
5 -0.894300 -70.222336 25.522755 0.001400 -0.241896 0.970301 0.004600 0.164900
5 -1.924000 -74.360565 42.120281 -0.998193 0.014537 -0.058303 0.004600 0.009100
ConmocionLance.jpg
5 -0.148400 -64.740211 -32.638489 0.901111 -0.409859 -0.141475 0.084200 0.690800
5 -0.382800 -55.609421 -54.460304 0.584735 -0.717555 -0.378418 0.051600 0.903700
5 -0.893400 -59.862949 -22.270607 0.000097 0.932371 0.361503 0.018300 0.609900
ConmocionLance.jpg
5 -0.382800 -55.609421 -54.460304 0.584735 -0.717555 -0.378418 0.051600 0.903700
5 -0.894300 -49.759182 -62.794563 0.000020 -0.734825 -0.678257 0.018300 0.990200
5 -0.893400 -59.862949 -22.270607 0.000097 0.932371 0.361503 0.018300 0.609900
ConmocionLance.jpg
5 -0.893400 -59.862949 -22.270607 0.000097 0.932371 0.361503 0.018300 0.609900
5 -0.894300 -63.199509 -18.513847 0.000064 0.868639 0.495446 0.039500 0.569400
5 -0.148400 -64.740211 -32.638489 0.901111 -0.409859 -0.141475 0.084200 0.690800
ConmocionLance.jpg
5 -0.894300 -63.199509 -18.513847 0.000064 0.868639 0.495446 0.039500 0.569400
5 -0.894300 -66.196640 -11.126846 0.000000 0.956235 0.292598 0.049700 0.497500
5 -0.148400 -64.740211 -32.638489 0.901111 -0.409859 -0.141475 0.084200 0.690800
ConmocionLance.jpg
5 -0.148400 -64.740211 -32.638489 0.901111 -0.409859 -0.141475 0.084200 0.690800
5 -0.894300 -66.196640 -11.126846 0.000000 0.956235 0.292598 0.049700 0.497500
5 -0.894300 -71.658417 10.618401 0.000000 0.975178 0.221423 0.050100 0.293400
ConmocionLance.jpg
5 -0.894300 -71.658417 10.618401 0.000000 0.975178 0.221423 0.050100 0.293400
5 0.171300 -84.745728 31.520809 0.850936 -0.508087 0.133250 0.119700 0.079900
5 -0.148400 -64.740211 -32.638489 0.901111 -0.409859 -0.141475 0.084200 0.690800
ConmocionLance.jpg
5 -0.894300 -71.658417 10.618401 0.000000 0.975178 0.221423 0.050100 0.293400
5 -0.894300 -72.515884 18.707836 0.000000 0.997575 -0.069605 0.039800 0.220000
5 0.171300 -84.745728 31.520809 0.850936 -0.508087 0.133250 0.119700 0.079900
ConmocionLance.jpg
5 0.171300 -84.745728 31.520809 0.850936 -0.508087 0.133250 0.119700 0.079900
5 -0.894300 -72.515884 18.707836 0.000000 0.997575 -0.069605 0.039800 0.220000
5 -0.894300 -70.222336 25.522755 0.001400 -0.241896 0.970301 0.004600 0.164900
ConmocionLance.jpg
5 -0.894300 -70.222336 25.522755 0.001400 -0.241896 0.970301 0.004600 0.164900
5 -0.382000 -83.035812 35.443592 0.727849 -0.608819 0.315556 0.095900 0.049000
5 0.171300 -84.745728 31.520809 0.850936 -0.508087 0.133250 0.119700 0.079900
ConmocionLance.jpg
5 -0.894300 -70.222336 25.522755 0.001400 -0.241896 0.970301 0.004600 0.164900
5 -0.894300 -81.929642 39.384857 0.000091 -0.955840 0.293888 0.077500 0.016600
5 -0.382000 -83.035812 35.443592 0.727849 -0.608819 0.315556 0.095900 0.049000
ConmocionLance.jpg
5 -0.894300 -81.929642 39.384857 0.000091 -0.955840 0.293888 0.077500 0.016600
5 -0.894300 -70.222336 25.522755 0.001400 -0.241896 0.970301 0.004600 0.164900
5 0.130300 -74.360565 42.120281 0.998211 0.014466 -0.058015 0.004600 0.009100
ConmocionLance.jpg
5 -0.894300 -49.759182 -62.794563 0.000020 -0.734825 -0.678257 0.910800 0.066400
5 -0.382800 -55.609421 -54.460304 0.584735 -0.717555 -0.378418 0.840400 0.062900
5 -1.405800 -55.609421 -54.460304 -0.748217 -0.570473 -0.338722 0.840400 0.069800
ConmocionLance.jpg
5 -0.382800 -55.609421 -54.460304 0.584735 -0.717555 -0.378418 0.840400 0.062900
5 -0.148400 -64.740211 -32.638489 0.901111 -0.409859 -0.141475 0.676800 0.061400
5 -1.640200 -64.740211 -32.638489 -0.901136 -0.403904 -0.157532 0.676800 0.071300
ConmocionLance.jpg
5 -1.640200 -64.740211 -32.638489 -0.901136 -0.403904 -0.157532 0.676800 0.071300
5 -1.405800 -55.609421 -54.460304 -0.748217 -0.570473 -0.338722 0.840400 0.069800
5 -0.382800 -55.609421 -54.460304 0.584735 -0.717555 -0.378418 0.840400 0.062900
ConmocionLance.jpg
5 -0.148400 -64.740211 -32.638489 0.901111 -0.409859 -0.141475 0.676800 0.061400
5 0.171300 -84.745728 31.520809 0.850936 -0.508087 0.133250 0.209400 0.059200
5 -1.959900 -84.745728 31.520809 -0.854861 -0.518604 -0.016230 0.209400 0.073400
ConmocionLance.jpg
5 -1.959900 -84.745728 31.520809 -0.854861 -0.518604 -0.016230 0.209400 0.073400
5 -1.640200 -64.740211 -32.638489 -0.901136 -0.403904 -0.157532 0.676800 0.071300
5 -0.148400 -64.740211 -32.638489 0.901111 -0.409859 -0.141475 0.676800 0.061400
ConmocionLance.jpg
5 -0.382000 -83.035812 35.443592 0.727849 -0.608819 0.315556 0.180000 0.062800
5 -0.894300 -81.929642 39.384857 0.000091 -0.955840 0.293888 0.151800 0.066400
5 -0.894300 -81.929642 39.384857 0.000091 -0.955840 0.293888 0.151800 0.066400
ConmocionLance.jpg
5 -0.894300 -81.929642 39.384857 0.000091 -0.955840 0.293888 0.151800 0.066400
5 -1.406600 -83.035812 35.443592 -0.568569 -0.739031 0.361335 0.180000 0.069900
5 -0.382000 -83.035812 35.443592 0.727849 -0.608819 0.315556 0.180000 0.062800
ConmocionLance.jpg
5 0.171300 -84.745728 31.520809 0.850936 -0.508087 0.133250 0.209400 0.059200
5 -0.382000 -83.035812 35.443592 0.727849 -0.608819 0.315556 0.180000 0.062800
5 -1.406600 -83.035812 35.443592 -0.568569 -0.739031 0.361335 0.180000 0.069900
ConmocionLance.jpg
5 -1.406600 -83.035812 35.443592 -0.568569 -0.739031 0.361335 0.180000 0.069900
5 -1.959900 -84.745728 31.520809 -0.854861 -0.518604 -0.016230 0.209400 0.073400
5 0.171300 -84.745728 31.520809 0.850936 -0.508087 0.133250 0.209400 0.059200
ConmocionLance.jpg
5 -1.640200 -64.740211 -32.638489 -0.901136 -0.403904 -0.157532 0.084200 0.690800
5 -0.893400 -59.862949 -22.270607 0.000097 0.932371 0.361503 0.018300 0.609900
5 -1.405800 -55.609421 -54.460304 -0.748217 -0.570473 -0.338722 0.051600 0.903700
ConmocionLance.jpg
5 -1.405800 -55.609421 -54.460304 -0.748217 -0.570473 -0.338722 0.051600 0.903700
5 -0.893400 -59.862949 -22.270607 0.000097 0.932371 0.361503 0.018300 0.609900
5 -0.894300 -49.759182 -62.794563 0.000020 -0.734825 -0.678257 0.018300 0.990200
ConmocionLance.jpg
5 -0.893400 -59.862949 -22.270607 0.000097 0.932371 0.361503 0.018300 0.609900
5 -1.640200 -64.740211 -32.638489 -0.901136 -0.403904 -0.157532 0.084200 0.690800
5 -0.894300 -63.199509 -18.513847 0.000064 0.868639 0.495446 0.039500 0.569400
ConmocionLance.jpg
5 -0.894300 -63.199509 -18.513847 0.000064 0.868639 0.495446 0.039500 0.569400
5 -1.640200 -64.740211 -32.638489 -0.901136 -0.403904 -0.157532 0.084200 0.690800
5 -0.894300 -66.196640 -11.126846 0.000000 0.956235 0.292598 0.049700 0.497500
ConmocionLance.jpg
5 -1.640200 -64.740211 -32.638489 -0.901136 -0.403904 -0.157532 0.084200 0.690800
5 -1.959900 -84.745728 31.520809 -0.854861 -0.518604 -0.016230 0.119700 0.079900
5 -0.894300 -71.658417 10.618401 0.000000 0.975178 0.221423 0.050100 0.293400
ConmocionLance.jpg
5 -0.894300 -71.658417 10.618401 0.000000 0.975178 0.221423 0.050100 0.293400
5 -0.894300 -66.196640 -11.126846 0.000000 0.956235 0.292598 0.049700 0.497500
5 -1.640200 -64.740211 -32.638489 -0.901136 -0.403904 -0.157532 0.084200 0.690800
ConmocionLance.jpg
5 -0.894300 -71.658417 10.618401 0.000000 0.975178 0.221423 0.050100 0.293400
5 -1.959900 -84.745728 31.520809 -0.854861 -0.518604 -0.016230 0.119700 0.079900
5 -0.894300 -72.515884 18.707836 0.000000 0.997575 -0.069605 0.039800 0.220000
ConmocionLance.jpg
5 -1.959900 -84.745728 31.520809 -0.854861 -0.518604 -0.016230 0.119700 0.079900
5 -1.406600 -83.035812 35.443592 -0.568569 -0.739031 0.361335 0.095900 0.049000
5 -0.894300 -70.222336 25.522755 0.001400 -0.241896 0.970301 0.004600 0.164900
ConmocionLance.jpg
5 -0.894300 -70.222336 25.522755 0.001400 -0.241896 0.970301 0.004600 0.164900
5 -0.894300 -72.515884 18.707836 0.000000 0.997575 -0.069605 0.039800 0.220000
5 -1.959900 -84.745728 31.520809 -0.854861 -0.518604 -0.016230 0.119700 0.079900
ConmocionLance.jpg
5 -0.894300 -70.222336 25.522755 0.001400 -0.241896 0.970301 0.004600 0.164900
5 -1.406600 -83.035812 35.443592 -0.568569 -0.739031 0.361335 0.095900 0.049000
5 -0.894300 -81.929642 39.384857 0.000091 -0.955840 0.293888 0.077500 0.016600
ConmocionLance.jpg
5 -0.894300 -81.929642 39.384857 0.000091 -0.955840 0.293888 0.077500 0.016600
5 -1.924000 -74.360565 42.120281 -0.998193 0.014537 -0.058303 0.004600 0.009100
5 -0.894300 -70.222336 25.522755 0.001400 -0.241896 0.970301 0.004600 0.164900
ConmocionLance.jpg
5 -0.470400 -97.887894 144.590439 0.707107 0.680665 0.191561 0.984200 0.005600
5 -0.470400 -98.466690 144.446136 1.000000 -0.000000 0.000000 0.992400 0.005600
5 -0.470400 -95.108879 130.978729 1.000000 -0.000000 0.000000 0.992400 0.198100
ConmocionLance.jpg
5 -0.470400 -95.108879 130.978729 1.000000 -0.000000 0.000000 0.992400 0.198100
5 -0.470400 -94.126091 131.223816 0.707305 0.670652 0.223486 0.978400 0.198100
5 -0.470400 -97.887894 144.590439 0.707107 0.680665 0.191561 0.984200 0.005600
ConmocionLance.jpg
5 -0.470400 -94.126091 131.223816 0.707305 0.670652 0.223486 0.978400 0.198100
5 -0.470400 -95.108879 130.978729 1.000000 -0.000000 0.000000 0.992400 0.198100
5 -0.470400 -91.606262 116.930412 1.000000 -0.000000 0.000000 0.992400 0.398800
ConmocionLance.jpg
5 -0.470400 -91.606262 116.930412 1.000000 -0.000000 0.000000 0.992400 0.398800
5 -0.470400 -89.195160 117.516693 0.712010 0.586801 0.385625 0.958000 0.399000
5 -0.470400 -94.126091 131.223816 0.707305 0.670652 0.223486 0.978400 0.198100
ConmocionLance.jpg
5 -0.470400 -89.195160 117.516693 0.712010 0.586801 0.385625 0.958000 0.399000
5 -0.470400 -91.606262 116.930412 1.000000 -0.000000 0.000000 0.992400 0.398800
5 -0.470400 -86.773941 109.034676 0.711099 0.609462 -0.350563 0.953900 0.521300
ConmocionLance.jpg
5 -0.470400 -86.773941 109.034676 0.711099 0.609462 -0.350563 0.953900 0.521300
5 -0.470400 -84.336304 111.731735 0.390811 0.879134 -0.272747 0.912100 0.493200
5 -0.470400 -89.195160 117.516693 0.712010 0.586801 0.385625 0.958000 0.399000
ConmocionLance.jpg
5 -0.470400 -91.606262 116.930412 1.000000 -0.000000 0.000000 0.992400 0.398800
5 -0.470400 -88.603271 104.895279 0.707107 0.646764 -0.285826 0.992400 0.570800
5 -0.470400 -86.773941 109.034676 0.711099 0.609462 -0.350563 0.953900 0.521300
ConmocionLance.jpg
5 -0.470400 -97.887894 144.590439 0.707107 0.680665 0.191561 0.941600 0.007500
5 -0.470400 -94.126091 131.223816 0.707305 0.670652 0.223486 0.941600 0.141300
5 -1.472300 -94.126091 131.223816 -0.699346 0.683391 0.209503 0.931700 0.141300
ConmocionLance.jpg
5 -1.472300 -94.126091 131.223816 -0.699346 0.683391 0.209503 0.931700 0.141300
5 -1.472300 -97.887894 144.590439 -0.880668 0.456188 0.127738 0.931700 0.007500
5 -0.470400 -97.887894 144.590439 0.707107 0.680665 0.191561 0.941600 0.007500
ConmocionLance.jpg
5 -0.470400 -94.126091 131.223816 0.707305 0.670652 0.223486 0.941600 0.141300
5 -0.470400 -89.195160 117.516693 0.712010 0.586801 0.385625 0.941600 0.279000
5 -1.472300 -89.195160 117.516693 -0.709326 0.631176 0.313805 0.931700 0.279000
ConmocionLance.jpg
5 -1.472300 -89.195160 117.516693 -0.709326 0.631176 0.313805 0.931700 0.279000
5 -1.472300 -94.126091 131.223816 -0.699346 0.683391 0.209503 0.931700 0.141300
5 -0.470400 -94.126091 131.223816 0.707305 0.670652 0.223486 0.941600 0.141300
ConmocionLance.jpg
5 -0.470400 -89.195160 117.516693 0.712010 0.586801 0.385625 0.941600 0.279000
5 -0.470400 -84.336304 111.731735 0.390811 0.879134 -0.272747 0.941600 0.338300
5 -1.472300 -84.336304 111.731735 -0.390811 0.888455 0.240653 0.931700 0.338300
ConmocionLance.jpg
5 -1.472300 -84.336304 111.731735 -0.390811 0.888455 0.240653 0.931700 0.338300
5 -1.472300 -89.195160 117.516693 -0.709326 0.631176 0.313805 0.931700 0.279000
5 -0.470400 -89.195160 117.516693 0.712010 0.586801 0.385625 0.941600 0.279000
ConmocionLance.jpg
5 -0.470400 -86.773941 109.034676 0.711099 0.609462 -0.350563 0.941600 0.364000
5 -0.470400 -88.603271 104.895279 0.707107 0.646764 -0.285826 0.941600 0.404200
5 -1.472300 -88.603271 104.895279 -0.446549 0.818403 -0.361678 0.931700 0.404200
ConmocionLance.jpg
5 -1.472300 -88.603271 104.895279 -0.446549 0.818403 -0.361678 0.931700 0.404200
5 -1.472300 -86.773941 109.034676 -0.709830 0.570897 -0.412574 0.931700 0.364000
5 -0.470400 -86.773941 109.034676 0.711099 0.609462 -0.350563 0.941600 0.364000
ConmocionLance.jpg
5 -0.470400 -84.336304 111.731735 0.390811 0.879134 -0.272747 0.941600 0.338300
5 -0.470400 -86.773941 109.034676 0.711099 0.609462 -0.350563 0.941600 0.364000
5 -1.472300 -86.773941 109.034676 -0.709830 0.570897 -0.412574 0.931700 0.364000
ConmocionLance.jpg
5 -1.472300 -86.773941 109.034676 -0.709830 0.570897 -0.412574 0.931700 0.364000
5 -1.472300 -84.336304 111.731735 -0.390811 0.888455 0.240653 0.931700 0.338300
5 -0.470400 -84.336304 111.731735 0.390811 0.879134 -0.272747 0.941600 0.338300
ConmocionLance.jpg
5 -1.472300 -97.887894 144.590439 -0.880668 0.456188 0.127738 0.984200 0.005600
5 -1.472300 -94.126091 131.223816 -0.699346 0.683391 0.209503 0.978400 0.198100
5 -1.500500 -95.108879 130.978729 -0.999412 0.033210 0.008567 0.992400 0.198100
ConmocionLance.jpg
5 -1.500500 -95.108879 130.978729 -0.999412 0.033210 0.008567 0.992400 0.198100
5 -1.500500 -98.466690 144.446136 -0.998884 0.045819 0.011424 0.992400 0.005600
5 -1.472300 -97.887894 144.590439 -0.880668 0.456188 0.127738 0.984200 0.005600
ConmocionLance.jpg
5 -1.472300 -94.126091 131.223816 -0.699346 0.683391 0.209503 0.978400 0.198100
5 -1.472300 -89.195160 117.516693 -0.709326 0.631176 0.313805 0.958000 0.399000
5 -1.500500 -91.606262 116.930412 -0.999911 0.013021 0.003057 0.992400 0.398800
ConmocionLance.jpg
5 -1.500500 -91.606262 116.930412 -0.999911 0.013021 0.003057 0.992400 0.398800
5 -1.500500 -95.108879 130.978729 -0.999412 0.033210 0.008567 0.992400 0.198100
5 -1.472300 -94.126091 131.223816 -0.699346 0.683391 0.209503 0.978400 0.198100
ConmocionLance.jpg
5 -1.472300 -89.195160 117.516693 -0.709326 0.631176 0.313805 0.958000 0.399000
5 -1.472300 -84.336304 111.731735 -0.390811 0.888455 0.240653 0.912100 0.493200
5 -1.472300 -86.773941 109.034676 -0.709830 0.570897 -0.412574 0.953900 0.521300
ConmocionLance.jpg
5 -1.472300 -86.773941 109.034676 -0.709830 0.570897 -0.412574 0.953900 0.521300
5 -1.500500 -91.606262 116.930412 -0.999911 0.013021 0.003057 0.992400 0.398800
5 -1.472300 -89.195160 117.516693 -0.709326 0.631176 0.313805 0.958000 0.399000
ConmocionLance.jpg
5 -1.500500 -91.606262 116.930412 -0.999911 0.013021 0.003057 0.992400 0.398800
5 -1.472300 -86.773941 109.034676 -0.709830 0.570897 -0.412574 0.953900 0.521300
5 -1.472300 -88.603271 104.895279 -0.446549 0.818403 -0.361678 0.992400 0.570800
ConmocionLance.jpg
5 -0.470400 -101.693977 143.641510 0.707107 -0.690924 -0.150412 0.984200 0.005600
5 -0.470400 -98.740234 130.073349 0.707305 -0.697071 -0.117526 0.978400 0.198100
5 -0.470400 -97.757408 130.318420 1.000000 -0.000000 0.000000 0.992400 0.198100
ConmocionLance.jpg
5 -0.470400 -97.757408 130.318420 1.000000 -0.000000 0.000000 0.992400 0.198100
5 -0.470400 -101.115204 143.785767 1.000000 -0.000000 0.000000 0.992400 0.005600
5 -0.470400 -101.693977 143.641510 0.707107 -0.690924 -0.150412 0.984200 0.005600
ConmocionLance.jpg
5 -0.470400 -98.740234 130.073349 0.707305 -0.697071 -0.117526 0.978400 0.198100
5 -0.470400 -96.658859 115.655777 0.712010 -0.699155 0.065001 0.958000 0.399000
5 -0.470400 -94.254768 116.270050 1.000000 -0.000000 0.000000 0.992400 0.398800
ConmocionLance.jpg
5 -0.470400 -94.254768 116.270050 1.000000 -0.000000 0.000000 0.992400 0.398800
5 -0.470400 -97.757408 130.318420 1.000000 -0.000000 0.000000 0.992400 0.198100
5 -0.470400 -98.740234 130.073349 0.707305 -0.697071 -0.117526 0.978400 0.198100
ConmocionLance.jpg
5 -0.470400 -96.658859 115.655777 0.712010 -0.699155 0.065001 0.958000 0.399000
5 -0.470400 -98.233116 108.266869 0.390812 -0.648177 -0.653553 0.912100 0.493200
5 -0.470400 -94.814606 107.029938 0.711099 -0.373542 -0.595654 0.953900 0.521300
ConmocionLance.jpg
5 -0.470400 -94.814606 107.029938 0.711099 -0.373542 -0.595654 0.953900 0.521300
5 -0.470400 -94.254768 116.270050 1.000000 -0.000000 0.000000 0.992400 0.398800
5 -0.470400 -96.658859 115.655777 0.712010 -0.699155 0.065001 0.958000 0.399000
ConmocionLance.jpg
5 -0.470400 -94.254768 116.270050 1.000000 -0.000000 0.000000 0.992400 0.398800
5 -0.470400 -94.814606 107.029938 0.711099 -0.373542 -0.595654 0.953900 0.521300
5 -0.470400 -91.256065 104.233871 0.707107 -0.436873 -0.556006 0.992400 0.570800
ConmocionLance.jpg
5 -0.470400 -101.693977 143.641510 0.707107 -0.690924 -0.150412 0.941600 0.007500
5 -1.472300 -101.693977 143.641510 -0.880667 -0.462760 -0.101380 0.931700 0.007500
5 -1.472300 -98.740234 130.073349 -0.699346 -0.701755 -0.135851 0.931700 0.141300
ConmocionLance.jpg
5 -1.472300 -98.740234 130.073349 -0.699346 -0.701755 -0.135851 0.931700 0.141300
5 -0.470400 -98.740234 130.073349 0.707305 -0.697071 -0.117526 0.941600 0.141300
5 -0.470400 -101.693977 143.641510 0.707107 -0.690924 -0.150412 0.941600 0.007500
ConmocionLance.jpg
5 -0.470400 -98.740234 130.073349 0.707305 -0.697071 -0.117526 0.941600 0.141300
5 -1.472300 -98.740234 130.073349 -0.699346 -0.701755 -0.135851 0.931700 0.141300
5 -1.472300 -96.658859 115.655777 -0.709326 -0.704618 -0.019246 0.931700 0.279000
ConmocionLance.jpg
5 -1.472300 -96.658859 115.655777 -0.709326 -0.704618 -0.019246 0.931700 0.279000
5 -0.470400 -96.658859 115.655777 0.712010 -0.699155 0.065001 0.941600 0.279000
5 -0.470400 -98.740234 130.073349 0.707305 -0.697071 -0.117526 0.941600 0.141300
ConmocionLance.jpg
5 -0.470400 -96.658859 115.655777 0.712010 -0.699155 0.065001 0.941600 0.279000
5 -1.472300 -96.658859 115.655777 -0.709326 -0.704618 -0.019246 0.931700 0.279000
5 -1.472300 -98.233116 108.266869 -0.390812 -0.897439 -0.204621 0.931700 0.338300
ConmocionLance.jpg
5 -1.472300 -98.233116 108.266869 -0.390812 -0.897439 -0.204621 0.931700 0.338300
5 -0.470400 -98.233116 108.266869 0.390812 -0.648177 -0.653553 0.941600 0.338300
5 -0.470400 -96.658859 115.655777 0.712010 -0.699155 0.065001 0.941600 0.279000
ConmocionLance.jpg
5 -0.470400 -94.814606 107.029938 0.711099 -0.373542 -0.595654 0.941600 0.364000
5 -1.472300 -94.814606 107.029938 -0.709831 -0.310377 -0.632303 0.931700 0.364000
5 -1.472300 -91.256065 104.233871 -0.446549 -0.552810 -0.703559 0.931700 0.404200
ConmocionLance.jpg
5 -1.472300 -91.256065 104.233871 -0.446549 -0.552810 -0.703559 0.931700 0.404200
5 -0.470400 -91.256065 104.233871 0.707107 -0.436873 -0.556006 0.941600 0.404200
5 -0.470400 -94.814606 107.029938 0.711099 -0.373542 -0.595654 0.941600 0.364000
ConmocionLance.jpg
5 -0.470400 -98.233116 108.266869 0.390812 -0.648177 -0.653553 0.941600 0.338300
5 -1.472300 -98.233116 108.266869 -0.390812 -0.897439 -0.204621 0.931700 0.338300
5 -1.472300 -94.814606 107.029938 -0.709831 -0.310377 -0.632303 0.931700 0.364000
ConmocionLance.jpg
5 -1.472300 -94.814606 107.029938 -0.709831 -0.310377 -0.632303 0.931700 0.364000
5 -0.470400 -94.814606 107.029938 0.711099 -0.373542 -0.595654 0.941600 0.364000
5 -0.470400 -98.233116 108.266869 0.390812 -0.648177 -0.653553 0.941600 0.338300
ConmocionLance.jpg
5 -1.472300 -101.693977 143.641510 -0.880667 -0.462760 -0.101380 0.984200 0.005600
5 -1.500500 -101.115204 143.785767 -0.998884 -0.045822 -0.011425 0.992400 0.005600
5 -1.500500 -97.757408 130.318420 -0.999412 -0.033344 -0.008027 0.992400 0.198100
ConmocionLance.jpg
5 -1.500500 -97.757408 130.318420 -0.999412 -0.033344 -0.008027 0.992400 0.198100
5 -1.472300 -98.740234 130.073349 -0.699346 -0.701755 -0.135851 0.978400 0.198100
5 -1.472300 -101.693977 143.641510 -0.880667 -0.462760 -0.101380 0.984200 0.005600
ConmocionLance.jpg
5 -1.472300 -98.740234 130.073349 -0.699346 -0.701755 -0.135851 0.978400 0.198100
5 -1.500500 -97.757408 130.318420 -0.999412 -0.033344 -0.008027 0.992400 0.198100
5 -1.500500 -94.254768 116.270050 -0.999911 -0.012932 -0.003414 0.992400 0.398800
ConmocionLance.jpg
5 -1.500500 -94.254768 116.270050 -0.999911 -0.012932 -0.003414 0.992400 0.398800
5 -1.472300 -96.658859 115.655777 -0.709326 -0.704618 -0.019246 0.958000 0.399000
5 -1.472300 -98.740234 130.073349 -0.699346 -0.701755 -0.135851 0.978400 0.198100
ConmocionLance.jpg
5 -1.472300 -96.658859 115.655777 -0.709326 -0.704618 -0.019246 0.958000 0.399000
5 -1.500500 -94.254768 116.270050 -0.999911 -0.012932 -0.003414 0.992400 0.398800
5 -1.472300 -94.814606 107.029938 -0.709831 -0.310377 -0.632303 0.953900 0.521300
ConmocionLance.jpg
5 -1.472300 -94.814606 107.029938 -0.709831 -0.310377 -0.632303 0.953900 0.521300
5 -1.472300 -98.233116 108.266869 -0.390812 -0.897439 -0.204621 0.912100 0.493200
5 -1.472300 -96.658859 115.655777 -0.709326 -0.704618 -0.019246 0.958000 0.399000
ConmocionLance.jpg
5 -1.500500 -94.254768 116.270050 -0.999911 -0.012932 -0.003414 0.992400 0.398800
5 -1.472300 -91.256065 104.233871 -0.446549 -0.552810 -0.703559 0.992400 0.570800
5 -1.472300 -94.814606 107.029938 -0.709831 -0.310377 -0.632303 0.953900 0.521300
ConmocionLance.jpg
5 -2.946800 -99.291168 144.240631 -0.706789 0.680975 0.191629 0.984200 0.005600
5 -2.350300 -99.291168 144.240631 0.000000 0.970297 0.241915 0.992400 0.005600
5 -2.350300 -95.933441 130.773132 0.000000 0.970297 0.241918 0.992400 0.198100
ConmocionLance.jpg
5 -2.350300 -95.933441 130.773132 0.000000 0.970297 0.241918 0.992400 0.198100
5 -3.363100 -95.933441 130.773132 -0.704797 0.673085 0.224093 0.978400 0.198100
5 -2.946800 -99.291168 144.240631 -0.706789 0.680975 0.191629 0.984200 0.005600
ConmocionLance.jpg
5 -3.363100 -95.933441 130.773132 -0.704797 0.673085 0.224093 0.978400 0.198100
5 -2.350300 -95.933441 130.773132 0.000000 0.970297 0.241918 0.992400 0.198100
5 -2.350300 -92.430786 116.724823 -0.000004 0.970296 0.241922 0.992400 0.398800
ConmocionLance.jpg
5 -2.350300 -92.430786 116.724823 -0.000004 0.970296 0.241922 0.992400 0.398800
5 -4.831600 -92.427322 116.710846 -0.662665 0.634680 0.397563 0.958000 0.399000
5 -3.363100 -95.933441 130.773132 -0.704797 0.673085 0.224093 0.978400 0.198100
ConmocionLance.jpg
5 -4.831600 -92.427322 116.710846 -0.662665 0.634680 0.397563 0.958000 0.399000
5 -2.350300 -92.430786 116.724823 -0.000004 0.970296 0.241922 0.992400 0.398800
5 -5.128800 -90.294579 108.156891 -0.506550 0.807933 -0.301083 0.953900 0.521300
ConmocionLance.jpg
5 -5.128800 -90.294579 108.156891 -0.506550 0.807933 -0.301083 0.953900 0.521300
5 -8.146600 -90.785004 110.123871 -0.787028 0.494678 -0.368618 0.912100 0.493200
5 -4.831600 -92.427322 116.710846 -0.662665 0.634680 0.397563 0.958000 0.399000
ConmocionLance.jpg
5 -2.350300 -92.430786 116.724823 -0.000004 0.970296 0.241922 0.992400 0.398800
5 -2.352400 -89.429985 104.689148 -0.558405 0.791049 -0.249852 0.992400 0.570800
5 -5.128800 -90.294579 108.156891 -0.506550 0.807933 -0.301083 0.953900 0.521300
ConmocionLance.jpg
5 -2.946800 -99.291168 144.240631 -0.706789 0.680975 0.191629 0.941600 0.007500
5 -3.363100 -95.933441 130.773132 -0.704797 0.673085 0.224093 0.941600 0.141300
5 -3.363100 -96.905502 130.530807 -0.713775 -0.687754 -0.132363 0.931700 0.141300
ConmocionLance.jpg
5 -3.363100 -96.905502 130.530807 -0.713775 -0.687754 -0.132363 0.931700 0.141300
5 -2.946800 -100.263268 143.998169 -0.473552 -0.857787 -0.199875 0.931700 0.007500
5 -2.946800 -99.291168 144.240631 -0.706789 0.680975 0.191629 0.941600 0.007500
ConmocionLance.jpg
5 -3.363100 -95.933441 130.773132 -0.704797 0.673085 0.224093 0.941600 0.141300
5 -4.831600 -92.427322 116.710846 -0.662665 0.634680 0.397563 0.941600 0.279000
5 -4.831600 -93.399368 116.468475 -0.688342 -0.724979 -0.024322 0.931700 0.279000
ConmocionLance.jpg
5 -4.831600 -93.399368 116.468475 -0.688342 -0.724979 -0.024322 0.931700 0.279000
5 -3.363100 -96.905502 130.530807 -0.713775 -0.687754 -0.132363 0.931700 0.141300
5 -3.363100 -95.933441 130.773132 -0.704797 0.673085 0.224093 0.941600 0.141300
ConmocionLance.jpg
5 -4.831600 -92.427322 116.710846 -0.662665 0.634680 0.397563 0.941600 0.279000
5 -8.146600 -90.785004 110.123871 -0.787028 0.494678 -0.368618 0.941600 0.338300
5 -8.146600 -91.757050 109.881516 -0.920281 -0.383697 -0.076540 0.931700 0.338300
ConmocionLance.jpg
5 -8.146600 -91.757050 109.881516 -0.920281 -0.383697 -0.076540 0.931700 0.338300
5 -4.831600 -93.399368 116.468475 -0.688342 -0.724979 -0.024322 0.931700 0.279000
5 -4.831600 -92.427322 116.710846 -0.662665 0.634680 0.397563 0.941600 0.279000
ConmocionLance.jpg
5 -5.128800 -90.294579 108.156891 -0.506550 0.807933 -0.301083 0.941600 0.364000
5 -2.352400 -89.429985 104.689148 -0.558405 0.791049 -0.249852 0.941600 0.404200
5 -2.352400 -90.402023 104.446793 -0.706598 -0.300492 -0.640644 0.931700 0.404200
ConmocionLance.jpg
5 -2.352400 -90.402023 104.446793 -0.706598 -0.300492 -0.640644 0.931700 0.404200
5 -5.128800 -91.266602 107.914558 -0.454117 -0.558490 -0.694166 0.931700 0.364000
5 -5.128800 -90.294579 108.156891 -0.506550 0.807933 -0.301083 0.941600 0.364000
ConmocionLance.jpg
5 -8.146600 -90.785004 110.123871 -0.787028 0.494678 -0.368618 0.941600 0.338300
5 -5.128800 -90.294579 108.156891 -0.506550 0.807933 -0.301083 0.941600 0.364000
5 -5.128800 -91.266602 107.914558 -0.454117 -0.558490 -0.694166 0.931700 0.364000
ConmocionLance.jpg
5 -5.128800 -91.266602 107.914558 -0.454117 -0.558490 -0.694166 0.931700 0.364000
5 -8.146600 -91.757050 109.881516 -0.920281 -0.383697 -0.076540 0.931700 0.338300
5 -8.146600 -90.785004 110.123871 -0.787028 0.494678 -0.368618 0.941600 0.338300
ConmocionLance.jpg
5 -2.946800 -100.263268 143.998169 -0.473552 -0.857787 -0.199875 0.984200 0.005600
5 -3.363100 -96.905502 130.530807 -0.713775 -0.687754 -0.132363 0.978400 0.198100
5 -2.350300 -96.932846 130.523926 -0.034308 -0.969792 -0.241509 0.992400 0.198100
ConmocionLance.jpg
5 -2.350300 -96.932846 130.523926 -0.034308 -0.969792 -0.241509 0.992400 0.198100
5 -2.350300 -100.290657 143.991364 -0.047260 -0.969212 -0.241652 0.992400 0.005600
5 -2.946800 -100.263268 143.998169 -0.473552 -0.857787 -0.199875 0.984200 0.005600
ConmocionLance.jpg
5 -3.363100 -96.905502 130.530807 -0.713775 -0.687754 -0.132363 0.978400 0.198100
5 -4.831600 -93.399368 116.468475 -0.688342 -0.724979 -0.024322 0.958000 0.399000
5 -2.350300 -93.430206 116.475632 -0.013375 -0.970164 -0.242080 0.992400 0.398800
ConmocionLance.jpg
5 -2.350300 -93.430206 116.475632 -0.013375 -0.970164 -0.242080 0.992400 0.398800
5 -2.350300 -96.932846 130.523926 -0.034308 -0.969792 -0.241509 0.992400 0.198100
5 -3.363100 -96.905502 130.530807 -0.713775 -0.687754 -0.132363 0.978400 0.198100
ConmocionLance.jpg
5 -4.831600 -93.399368 116.468475 -0.688342 -0.724979 -0.024322 0.958000 0.399000
5 -8.146600 -91.757050 109.881516 -0.920281 -0.383697 -0.076540 0.912100 0.493200
5 -5.128800 -91.266602 107.914558 -0.454117 -0.558490 -0.694166 0.953900 0.521300
ConmocionLance.jpg
5 -5.128800 -91.266602 107.914558 -0.454117 -0.558490 -0.694166 0.953900 0.521300
5 -2.350300 -93.430206 116.475632 -0.013375 -0.970164 -0.242080 0.992400 0.398800
5 -4.831600 -93.399368 116.468475 -0.688342 -0.724979 -0.024322 0.958000 0.399000
ConmocionLance.jpg
5 -2.350300 -93.430206 116.475632 -0.013375 -0.970164 -0.242080 0.992400 0.398800
5 -5.128800 -91.266602 107.914558 -0.454117 -0.558490 -0.694166 0.953900 0.521300
5 -2.352400 -90.402023 104.446793 -0.706598 -0.300492 -0.640644 0.992400 0.570800
ConmocionLance.jpg
5 0.975800 -99.291168 144.240631 0.706789 0.680974 0.191634 0.984200 0.005600
5 1.392200 -95.933441 130.773132 0.704797 0.673084 0.224095 0.978400 0.198100
5 0.379400 -95.933441 130.773132 0.000000 0.970297 0.241918 0.992400 0.198100
ConmocionLance.jpg
5 0.379400 -95.933441 130.773132 0.000000 0.970297 0.241918 0.992400 0.198100
5 0.379400 -99.291168 144.240631 0.000000 0.970297 0.241915 0.992400 0.005600
5 0.975800 -99.291168 144.240631 0.706789 0.680974 0.191634 0.984200 0.005600
ConmocionLance.jpg
5 1.392200 -95.933441 130.773132 0.704797 0.673084 0.224095 0.978400 0.198100
5 2.860700 -92.427322 116.710846 0.662665 0.634680 0.397563 0.958000 0.399000
5 0.379400 -92.430786 116.724823 0.000004 0.970296 0.241922 0.992400 0.398800
ConmocionLance.jpg
5 0.379400 -92.430786 116.724823 0.000004 0.970296 0.241922 0.992400 0.398800
5 0.379400 -95.933441 130.773132 0.000000 0.970297 0.241918 0.992400 0.198100
5 1.392200 -95.933441 130.773132 0.704797 0.673084 0.224095 0.978400 0.198100
ConmocionLance.jpg
5 2.860700 -92.427322 116.710846 0.662665 0.634680 0.397563 0.958000 0.399000
5 6.175700 -90.785004 110.123871 0.787028 0.494679 -0.368618 0.912100 0.493200
5 3.157900 -90.294579 108.156891 0.506550 0.807933 -0.301083 0.953900 0.521300
ConmocionLance.jpg
5 3.157900 -90.294579 108.156891 0.506550 0.807933 -0.301083 0.953900 0.521300
5 0.379400 -92.430786 116.724823 0.000004 0.970296 0.241922 0.992400 0.398800
5 2.860700 -92.427322 116.710846 0.662665 0.634680 0.397563 0.958000 0.399000
ConmocionLance.jpg
5 0.379400 -92.430786 116.724823 0.000004 0.970296 0.241922 0.992400 0.398800
5 3.157900 -90.294579 108.156891 0.506550 0.807933 -0.301083 0.953900 0.521300
5 0.381500 -89.429985 104.689148 0.558405 0.791049 -0.249852 0.992400 0.570800
ConmocionLance.jpg
5 0.975800 -99.291168 144.240631 0.706789 0.680974 0.191634 0.941600 0.007500
5 0.975800 -100.263268 143.998169 0.473555 -0.857786 -0.199871 0.931700 0.007500
5 1.392200 -96.905502 130.530807 0.713774 -0.687755 -0.132359 0.931700 0.141300
ConmocionLance.jpg
5 1.392200 -96.905502 130.530807 0.713774 -0.687755 -0.132359 0.931700 0.141300
5 1.392200 -95.933441 130.773132 0.704797 0.673084 0.224095 0.941600 0.141300
5 0.975800 -99.291168 144.240631 0.706789 0.680974 0.191634 0.941600 0.007500
ConmocionLance.jpg
5 1.392200 -95.933441 130.773132 0.704797 0.673084 0.224095 0.941600 0.141300
5 1.392200 -96.905502 130.530807 0.713774 -0.687755 -0.132359 0.931700 0.141300
5 2.860700 -93.399368 116.468475 0.688342 -0.724979 -0.024322 0.931700 0.279000
ConmocionLance.jpg
5 2.860700 -93.399368 116.468475 0.688342 -0.724979 -0.024322 0.931700 0.279000
5 2.860700 -92.427322 116.710846 0.662665 0.634680 0.397563 0.941600 0.279000
5 1.392200 -95.933441 130.773132 0.704797 0.673084 0.224095 0.941600 0.141300
ConmocionLance.jpg
5 2.860700 -92.427322 116.710846 0.662665 0.634680 0.397563 0.941600 0.279000
5 2.860700 -93.399368 116.468475 0.688342 -0.724979 -0.024322 0.931700 0.279000
5 6.175700 -91.757050 109.881516 0.920281 -0.383697 -0.076540 0.931700 0.338300
ConmocionLance.jpg
5 6.175700 -91.757050 109.881516 0.920281 -0.383697 -0.076540 0.931700 0.338300
5 6.175700 -90.785004 110.123871 0.787028 0.494679 -0.368618 0.941600 0.338300
5 2.860700 -92.427322 116.710846 0.662665 0.634680 0.397563 0.941600 0.279000
ConmocionLance.jpg
5 3.157900 -90.294579 108.156891 0.506550 0.807933 -0.301083 0.941600 0.364000
5 3.157900 -91.266602 107.914558 0.454117 -0.558490 -0.694166 0.931700 0.364000
5 0.381500 -90.402023 104.446793 0.706598 -0.300492 -0.640644 0.931700 0.404200
ConmocionLance.jpg
5 0.381500 -90.402023 104.446793 0.706598 -0.300492 -0.640644 0.931700 0.404200
5 0.381500 -89.429985 104.689148 0.558405 0.791049 -0.249852 0.941600 0.404200
5 3.157900 -90.294579 108.156891 0.506550 0.807933 -0.301083 0.941600 0.364000
ConmocionLance.jpg
5 6.175700 -90.785004 110.123871 0.787028 0.494679 -0.368618 0.941600 0.338300
5 6.175700 -91.757050 109.881516 0.920281 -0.383697 -0.076540 0.931700 0.338300
5 3.157900 -91.266602 107.914558 0.454117 -0.558490 -0.694166 0.931700 0.364000
ConmocionLance.jpg
5 3.157900 -91.266602 107.914558 0.454117 -0.558490 -0.694166 0.931700 0.364000
5 3.157900 -90.294579 108.156891 0.506550 0.807933 -0.301083 0.941600 0.364000
5 6.175700 -90.785004 110.123871 0.787028 0.494679 -0.368618 0.941600 0.338300
ConmocionLance.jpg
5 0.975800 -100.263268 143.998169 0.473555 -0.857786 -0.199871 0.984200 0.005600
5 0.379400 -100.290657 143.991364 0.047268 -0.969211 -0.241652 0.992400 0.005600
5 0.379400 -96.932846 130.523926 0.034310 -0.969792 -0.241509 0.992400 0.198100
ConmocionLance.jpg
5 0.379400 -96.932846 130.523926 0.034310 -0.969792 -0.241509 0.992400 0.198100
5 1.392200 -96.905502 130.530807 0.713774 -0.687755 -0.132359 0.978400 0.198100
5 0.975800 -100.263268 143.998169 0.473555 -0.857786 -0.199871 0.984200 0.005600
ConmocionLance.jpg
5 1.392200 -96.905502 130.530807 0.713774 -0.687755 -0.132359 0.978400 0.198100
5 0.379400 -96.932846 130.523926 0.034310 -0.969792 -0.241509 0.992400 0.198100
5 0.379400 -93.430206 116.475632 0.013375 -0.970164 -0.242080 0.992400 0.398800
ConmocionLance.jpg
5 0.379400 -93.430206 116.475632 0.013375 -0.970164 -0.242080 0.992400 0.398800
5 2.860700 -93.399368 116.468475 0.688342 -0.724979 -0.024322 0.958000 0.399000
5 1.392200 -96.905502 130.530807 0.713774 -0.687755 -0.132359 0.978400 0.198100
ConmocionLance.jpg
5 2.860700 -93.399368 116.468475 0.688342 -0.724979 -0.024322 0.958000 0.399000
5 0.379400 -93.430206 116.475632 0.013375 -0.970164 -0.242080 0.992400 0.398800
5 3.157900 -91.266602 107.914558 0.454117 -0.558490 -0.694166 0.953900 0.521300
ConmocionLance.jpg
5 3.157900 -91.266602 107.914558 0.454117 -0.558490 -0.694166 0.953900 0.521300
5 6.175700 -91.757050 109.881516 0.920281 -0.383697 -0.076540 0.912100 0.493200
5 2.860700 -93.399368 116.468475 0.688342 -0.724979 -0.024322 0.958000 0.399000
ConmocionLance.jpg
5 0.379400 -93.430206 116.475632 0.013375 -0.970164 -0.242080 0.992400 0.398800
5 0.381500 -90.402023 104.446793 0.706598 -0.300492 -0.640644 0.992400 0.570800
5 3.157900 -91.266602 107.914558 0.454117 -0.558490 -0.694166 0.953900 0.521300
ConmocionLance.jpg
5 -9.648000 -55.522789 -30.340324 -0.432016 0.883709 0.180058 0.084200 0.690800
5 -2.407400 -58.394043 -21.904297 0.992131 -0.030206 0.121507 0.018300 0.609900
5 -6.067600 -50.093452 -53.084984 -0.787786 0.614200 -0.046372 0.051600 0.903700
ConmocionLance.jpg
5 -6.067600 -50.093452 -53.084984 -0.787786 0.614200 -0.046372 0.051600 0.903700
5 -2.407400 -58.394043 -21.904297 0.992131 -0.030206 0.121507 0.018300 0.609900
5 -2.407400 -48.291004 -62.428490 -0.877082 0.116226 -0.466068 0.018300 0.990200
ConmocionLance.jpg
5 -2.407400 -58.394043 -21.904297 0.992131 -0.030206 0.121507 0.018300 0.609900
5 -9.648000 -55.522789 -30.340324 -0.432016 0.883709 0.180058 0.084200 0.690800
5 -4.736000 -59.471924 -17.584480 0.962696 -0.065406 0.262562 0.039500 0.569400
ConmocionLance.jpg
5 -4.736000 -59.471924 -17.584480 0.962696 -0.065406 0.262562 0.039500 0.569400
5 -9.648000 -55.522789 -30.340324 -0.432016 0.883709 0.180058 0.084200 0.690800
5 -5.857000 -61.381348 -9.926247 0.998617 -0.012725 0.051009 0.049700 0.497500
ConmocionLance.jpg
5 -9.648000 -55.522789 -30.340324 -0.432016 0.883709 0.180058 0.084200 0.690800
5 -13.537700 -70.715469 31.915676 -0.460961 0.764460 0.450684 0.119700 0.079900
5 -5.895900 -66.805382 11.828415 0.999760 0.005298 -0.021267 0.050100 0.293400
ConmocionLance.jpg
5 -5.895900 -66.805382 11.828415 0.999760 0.005298 -0.021267 0.050100 0.293400
5 -5.857000 -61.381348 -9.926247 0.998617 -0.012725 0.051009 0.049700 0.497500
5 -9.648000 -55.522789 -30.340324 -0.432016 0.883709 0.180058 0.084200 0.690800
ConmocionLance.jpg
5 -5.895900 -66.805382 11.828415 0.999760 0.005298 -0.021267 0.050100 0.293400
5 -13.537700 -70.715469 31.915676 -0.460961 0.764460 0.450684 0.119700 0.079900
5 -4.770801 -68.754440 19.645699 0.948789 0.076427 -0.306526 0.039800 0.220000
ConmocionLance.jpg
5 -13.537700 -70.715469 31.915676 -0.460961 0.764460 0.450684 0.119700 0.079900
5 -10.929600 -72.073090 35.073734 -0.519027 0.591361 0.617173 0.095900 0.049000
5 -0.896800 -70.219910 25.523354 0.000007 -0.241848 0.970314 0.004600 0.164900
ConmocionLance.jpg
5 -0.896800 -70.219910 25.523354 0.000007 -0.241848 0.970314 0.004600 0.164900
5 -4.770801 -68.754440 19.645699 0.948789 0.076427 -0.306526 0.039800 0.220000
5 -13.537700 -70.715469 31.915676 -0.460961 0.764460 0.450684 0.119700 0.079900
ConmocionLance.jpg
5 -0.896800 -70.219910 25.523354 0.000007 -0.241848 0.970314 0.004600 0.164900
5 -10.929600 -72.073090 35.073734 -0.519027 0.591361 0.617173 0.095900 0.049000
5 -8.902800 -73.430603 38.400749 -0.732938 -0.164560 0.660093 0.077500 0.016600
ConmocionLance.jpg
5 -8.902800 -73.430603 38.400749 -0.732938 -0.164560 0.660093 0.077500 0.016600
5 -0.896800 -74.161255 42.169945 0.000000 0.973097 0.230396 0.004600 0.009100
5 -0.896800 -70.219910 25.523354 0.000007 -0.241848 0.970314 0.004600 0.164900
ConmocionLance.jpg
5 -2.407400 -48.291004 -62.428490 -0.877082 0.116226 -0.466068 0.910800 0.066400
5 -6.067600 -51.086090 -53.332481 -0.635475 -0.679866 -0.365998 0.840400 0.069800
5 -6.067600 -50.093452 -53.084984 -0.787786 0.614200 -0.046372 0.840400 0.062900
ConmocionLance.jpg
5 -6.067600 -50.093452 -53.084984 -0.787786 0.614200 -0.046372 0.840400 0.062900
5 -6.067600 -51.086090 -53.332481 -0.635475 -0.679866 -0.365998 0.840400 0.069800
5 -9.648000 -56.970261 -30.701218 -0.430162 -0.860822 -0.271932 0.676800 0.071300
ConmocionLance.jpg
5 -9.648000 -56.970261 -30.701218 -0.430162 -0.860822 -0.271932 0.676800 0.071300
5 -9.648000 -55.522789 -30.340324 -0.432016 0.883709 0.180058 0.676800 0.061400
5 -6.067600 -50.093452 -53.084984 -0.787786 0.614200 -0.046372 0.840400 0.062900
ConmocionLance.jpg
5 -9.648000 -55.522789 -30.340324 -0.432016 0.883709 0.180058 0.676800 0.061400
5 -9.648000 -56.970261 -30.701218 -0.430162 -0.860822 -0.271932 0.676800 0.071300
5 -13.537600 -72.783371 31.400078 -0.507316 -0.855853 -0.100727 0.209400 0.073400
ConmocionLance.jpg
5 -13.537600 -72.783371 31.400078 -0.507316 -0.855853 -0.100727 0.209400 0.073400
5 -13.537700 -70.715469 31.915676 -0.460961 0.764460 0.450684 0.209400 0.059200
5 -9.648000 -55.522789 -30.340324 -0.432016 0.883709 0.180058 0.676800 0.061400
ConmocionLance.jpg
5 -10.929600 -72.073090 35.073734 -0.519027 0.591361 0.617173 0.180000 0.062800
5 -10.929600 -73.067268 34.825867 -0.631983 -0.676702 0.377720 0.180000 0.069900
5 -8.902800 -73.430603 38.400749 -0.732938 -0.164560 0.660093 0.151800 0.066400
ConmocionLance.jpg
5 -8.902800 -73.430603 38.400749 -0.732938 -0.164560 0.660093 0.151800 0.066400
5 -8.902800 -73.430603 38.400749 -0.732938 -0.164560 0.660093 0.151800 0.066400
5 -10.929600 -72.073090 35.073734 -0.519027 0.591361 0.617173 0.180000 0.062800
ConmocionLance.jpg
5 -13.537700 -70.715469 31.915676 -0.460961 0.764460 0.450684 0.209400 0.059200
5 -13.537600 -72.783371 31.400078 -0.507316 -0.855853 -0.100727 0.209400 0.073400
5 -10.929600 -73.067268 34.825867 -0.631983 -0.676702 0.377720 0.180000 0.069900
ConmocionLance.jpg
5 -10.929600 -73.067268 34.825867 -0.631983 -0.676702 0.377720 0.180000 0.069900
5 -10.929600 -72.073090 35.073734 -0.519027 0.591361 0.617173 0.180000 0.062800
5 -13.537700 -70.715469 31.915676 -0.460961 0.764460 0.450684 0.209400 0.059200
ConmocionLance.jpg
5 -9.648000 -56.970261 -30.701218 -0.430162 -0.860822 -0.271932 0.084200 0.690800
5 -6.067600 -51.086090 -53.332481 -0.635475 -0.679866 -0.365998 0.051600 0.903700
5 -2.407400 -58.394043 -21.904297 0.992131 -0.030206 0.121507 0.018300 0.609900
ConmocionLance.jpg
5 -6.067600 -51.086090 -53.332481 -0.635475 -0.679866 -0.365998 0.051600 0.903700
5 -2.407400 -48.291004 -62.428490 -0.877082 0.116226 -0.466068 0.018300 0.990200
5 -2.407400 -58.394043 -21.904297 0.992131 -0.030206 0.121507 0.018300 0.609900
ConmocionLance.jpg
5 -2.407400 -58.394043 -21.904297 0.992131 -0.030206 0.121507 0.018300 0.609900
5 -4.736000 -59.471924 -17.584480 0.962696 -0.065406 0.262562 0.039500 0.569400
5 -9.648000 -56.970261 -30.701218 -0.430162 -0.860822 -0.271932 0.084200 0.690800
ConmocionLance.jpg
5 -4.736000 -59.471924 -17.584480 0.962696 -0.065406 0.262562 0.039500 0.569400
5 -5.857000 -61.381348 -9.926247 0.998617 -0.012725 0.051009 0.049700 0.497500
5 -9.648000 -56.970261 -30.701218 -0.430162 -0.860822 -0.271932 0.084200 0.690800
ConmocionLance.jpg
5 -9.648000 -56.970261 -30.701218 -0.430162 -0.860822 -0.271932 0.084200 0.690800
5 -5.857000 -61.381348 -9.926247 0.998617 -0.012725 0.051009 0.049700 0.497500
5 -5.895900 -66.805382 11.828415 0.999760 0.005298 -0.021267 0.050100 0.293400
ConmocionLance.jpg
5 -5.895900 -66.805382 11.828415 0.999760 0.005298 -0.021267 0.050100 0.293400
5 -13.537600 -72.783371 31.400078 -0.507316 -0.855853 -0.100727 0.119700 0.079900
5 -9.648000 -56.970261 -30.701218 -0.430162 -0.860822 -0.271932 0.084200 0.690800
ConmocionLance.jpg
5 -5.895900 -66.805382 11.828415 0.999760 0.005298 -0.021267 0.050100 0.293400
5 -4.770801 -68.754440 19.645699 0.948789 0.076427 -0.306526 0.039800 0.220000
5 -13.537600 -72.783371 31.400078 -0.507316 -0.855853 -0.100727 0.119700 0.079900
ConmocionLance.jpg
5 -13.537600 -72.783371 31.400078 -0.507316 -0.855853 -0.100727 0.119700 0.079900
5 -4.770801 -68.754440 19.645699 0.948789 0.076427 -0.306526 0.039800 0.220000
5 -0.896800 -70.219910 25.523354 0.000007 -0.241848 0.970314 0.004600 0.164900
ConmocionLance.jpg
5 -0.896800 -70.219910 25.523354 0.000007 -0.241848 0.970314 0.004600 0.164900
5 -10.929600 -73.067268 34.825867 -0.631983 -0.676702 0.377720 0.095900 0.049000
5 -13.537600 -72.783371 31.400078 -0.507316 -0.855853 -0.100727 0.119700 0.079900
ConmocionLance.jpg
5 -0.896800 -70.219910 25.523354 0.000007 -0.241848 0.970314 0.004600 0.164900
5 -8.902800 -73.430603 38.400749 -0.732938 -0.164560 0.660093 0.077500 0.016600
5 -10.929600 -73.067268 34.825867 -0.631983 -0.676702 0.377720 0.095900 0.049000
ConmocionLance.jpg
5 -8.902800 -73.430603 38.400749 -0.732938 -0.164560 0.660093 0.077500 0.016600
5 -0.896800 -70.219910 25.523354 0.000007 -0.241848 0.970314 0.004600 0.164900
5 -0.896800 -74.559952 42.070545 0.000000 -0.967283 -0.253701 0.004600 0.009100
ConmocionLance.jpg
5 7.854300 -55.522789 -30.340324 0.432013 0.883710 0.180058 0.084200 0.690800
5 4.273900 -50.093452 -53.084984 0.787786 0.614200 -0.046372 0.051600 0.903700
5 0.613700 -58.394043 -21.904297 -0.992131 -0.030206 0.121507 0.018300 0.609900
ConmocionLance.jpg
5 4.273900 -50.093452 -53.084984 0.787786 0.614200 -0.046372 0.051600 0.903700
5 0.613700 -48.291004 -62.428490 0.877082 0.116226 -0.466068 0.018300 0.990200
5 0.613700 -58.394043 -21.904297 -0.992131 -0.030206 0.121507 0.018300 0.609900
ConmocionLance.jpg
5 0.613700 -58.394043 -21.904297 -0.992131 -0.030206 0.121507 0.018300 0.609900
5 2.942300 -59.471924 -17.584480 -0.962696 -0.065406 0.262562 0.039500 0.569400
5 7.854300 -55.522789 -30.340324 0.432013 0.883710 0.180058 0.084200 0.690800
ConmocionLance.jpg
5 2.942300 -59.471924 -17.584480 -0.962696 -0.065406 0.262562 0.039500 0.569400
5 4.063300 -61.381348 -9.926247 -0.998617 -0.012726 0.051012 0.049700 0.497500
5 7.854300 -55.522789 -30.340324 0.432013 0.883710 0.180058 0.084200 0.690800
ConmocionLance.jpg
5 7.854300 -55.522789 -30.340324 0.432013 0.883710 0.180058 0.084200 0.690800
5 4.063300 -61.381348 -9.926247 -0.998617 -0.012726 0.051012 0.049700 0.497500
5 4.102300 -66.805382 11.828415 -0.999760 0.005297 -0.021265 0.050100 0.293400
ConmocionLance.jpg
5 4.102300 -66.805382 11.828415 -0.999760 0.005297 -0.021265 0.050100 0.293400
5 11.744000 -70.715469 31.915676 0.460956 0.764466 0.450678 0.119700 0.079900
5 7.854300 -55.522789 -30.340324 0.432013 0.883710 0.180058 0.084200 0.690800
ConmocionLance.jpg
5 4.102300 -66.805382 11.828415 -0.999760 0.005297 -0.021265 0.050100 0.293400
5 2.977200 -68.754440 19.645699 -0.948789 0.076427 -0.306526 0.039800 0.220000
5 11.744000 -70.715469 31.915676 0.460956 0.764466 0.450678 0.119700 0.079900
ConmocionLance.jpg
5 11.744000 -70.715469 31.915676 0.460956 0.764466 0.450678 0.119700 0.079900
5 2.977200 -68.754440 19.645699 -0.948789 0.076427 -0.306526 0.039800 0.220000
5 -0.896800 -70.219910 25.523354 0.000007 -0.241848 0.970314 0.004600 0.164900
ConmocionLance.jpg
5 -0.896800 -70.219910 25.523354 0.000007 -0.241848 0.970314 0.004600 0.164900
5 9.136000 -72.073090 35.073734 0.519027 0.591360 0.617174 0.095900 0.049000
5 11.744000 -70.715469 31.915676 0.460956 0.764466 0.450678 0.119700 0.079900
ConmocionLance.jpg
5 -0.896800 -70.219910 25.523354 0.000007 -0.241848 0.970314 0.004600 0.164900
5 7.109099 -73.430603 38.400749 0.732927 -0.164563 0.660104 0.077500 0.016600
5 9.136000 -72.073090 35.073734 0.519027 0.591360 0.617174 0.095900 0.049000
ConmocionLance.jpg
5 7.109099 -73.430603 38.400749 0.732927 -0.164563 0.660104 0.077500 0.016600
5 -0.896800 -70.219910 25.523354 0.000007 -0.241848 0.970314 0.004600 0.164900
5 -0.896800 -74.161255 42.169945 0.000000 0.973097 0.230396 0.004600 0.009100
ConmocionLance.jpg
5 0.613700 -48.291004 -62.428490 0.877082 0.116226 -0.466068 0.910800 0.066400
5 4.273900 -50.093452 -53.084984 0.787786 0.614200 -0.046372 0.840400 0.062900
5 4.273900 -51.086090 -53.332481 0.635475 -0.679866 -0.365998 0.840400 0.069800
ConmocionLance.jpg
5 4.273900 -50.093452 -53.084984 0.787786 0.614200 -0.046372 0.840400 0.062900
5 7.854300 -55.522789 -30.340324 0.432013 0.883710 0.180058 0.676800 0.061400
5 7.854300 -56.970261 -30.701218 0.430162 -0.860822 -0.271932 0.676800 0.071300
ConmocionLance.jpg
5 7.854300 -56.970261 -30.701218 0.430162 -0.860822 -0.271932 0.676800 0.071300
5 4.273900 -51.086090 -53.332481 0.635475 -0.679866 -0.365998 0.840400 0.069800
5 4.273900 -50.093452 -53.084984 0.787786 0.614200 -0.046372 0.840400 0.062900
ConmocionLance.jpg
5 7.854300 -55.522789 -30.340324 0.432013 0.883710 0.180058 0.676800 0.061400
5 11.744000 -70.715469 31.915676 0.460956 0.764466 0.450678 0.209400 0.059200
5 11.744000 -72.783371 31.400078 0.507325 -0.855848 -0.100725 0.209400 0.073400
ConmocionLance.jpg
5 11.744000 -72.783371 31.400078 0.507325 -0.855848 -0.100725 0.209400 0.073400
5 7.854300 -56.970261 -30.701218 0.430162 -0.860822 -0.271932 0.676800 0.071300
5 7.854300 -55.522789 -30.340324 0.432013 0.883710 0.180058 0.676800 0.061400
ConmocionLance.jpg
5 9.136000 -72.073090 35.073734 0.519027 0.591360 0.617174 0.180000 0.062800
5 7.109099 -73.430603 38.400749 0.732927 -0.164563 0.660104 0.151800 0.066400
5 7.109099 -73.430603 38.400749 0.732927 -0.164563 0.660104 0.151800 0.066400
ConmocionLance.jpg
5 7.109099 -73.430603 38.400749 0.732927 -0.164563 0.660104 0.151800 0.066400
5 9.136000 -73.067268 34.825867 0.631988 -0.676695 0.377724 0.180000 0.069900
5 9.136000 -72.073090 35.073734 0.519027 0.591360 0.617174 0.180000 0.062800
ConmocionLance.jpg
5 11.744000 -70.715469 31.915676 0.460956 0.764466 0.450678 0.209400 0.059200
5 9.136000 -72.073090 35.073734 0.519027 0.591360 0.617174 0.180000 0.062800
5 9.136000 -73.067268 34.825867 0.631988 -0.676695 0.377724 0.180000 0.069900
ConmocionLance.jpg
5 9.136000 -73.067268 34.825867 0.631988 -0.676695 0.377724 0.180000 0.069900
5 11.744000 -72.783371 31.400078 0.507325 -0.855848 -0.100725 0.209400 0.073400
5 11.744000 -70.715469 31.915676 0.460956 0.764466 0.450678 0.209400 0.059200
ConmocionLance.jpg
5 7.854300 -56.970261 -30.701218 0.430162 -0.860822 -0.271932 0.084200 0.690800
5 0.613700 -58.394043 -21.904297 -0.992131 -0.030206 0.121507 0.018300 0.609900
5 4.273900 -51.086090 -53.332481 0.635475 -0.679866 -0.365998 0.051600 0.903700
ConmocionLance.jpg
5 4.273900 -51.086090 -53.332481 0.635475 -0.679866 -0.365998 0.051600 0.903700
5 0.613700 -58.394043 -21.904297 -0.992131 -0.030206 0.121507 0.018300 0.609900
5 0.613700 -48.291004 -62.428490 0.877082 0.116226 -0.466068 0.018300 0.990200
ConmocionLance.jpg
5 0.613700 -58.394043 -21.904297 -0.992131 -0.030206 0.121507 0.018300 0.609900
5 7.854300 -56.970261 -30.701218 0.430162 -0.860822 -0.271932 0.084200 0.690800
5 2.942300 -59.471924 -17.584480 -0.962696 -0.065406 0.262562 0.039500 0.569400
ConmocionLance.jpg
5 2.942300 -59.471924 -17.584480 -0.962696 -0.065406 0.262562 0.039500 0.569400
5 7.854300 -56.970261 -30.701218 0.430162 -0.860822 -0.271932 0.084200 0.690800
5 4.063300 -61.381348 -9.926247 -0.998617 -0.012726 0.051012 0.049700 0.497500
ConmocionLance.jpg
5 7.854300 -56.970261 -30.701218 0.430162 -0.860822 -0.271932 0.084200 0.690800
5 11.744000 -72.783371 31.400078 0.507325 -0.855848 -0.100725 0.119700 0.079900
5 4.102300 -66.805382 11.828415 -0.999760 0.005297 -0.021265 0.050100 0.293400
ConmocionLance.jpg
5 4.102300 -66.805382 11.828415 -0.999760 0.005297 -0.021265 0.050100 0.293400
5 4.063300 -61.381348 -9.926247 -0.998617 -0.012726 0.051012 0.049700 0.497500
5 7.854300 -56.970261 -30.701218 0.430162 -0.860822 -0.271932 0.084200 0.690800
ConmocionLance.jpg
5 4.102300 -66.805382 11.828415 -0.999760 0.005297 -0.021265 0.050100 0.293400
5 11.744000 -72.783371 31.400078 0.507325 -0.855848 -0.100725 0.119700 0.079900
5 2.977200 -68.754440 19.645699 -0.948789 0.076427 -0.306526 0.039800 0.220000
ConmocionLance.jpg
5 11.744000 -72.783371 31.400078 0.507325 -0.855848 -0.100725 0.119700 0.079900
5 9.136000 -73.067268 34.825867 0.631988 -0.676695 0.377724 0.095900 0.049000
5 -0.896800 -70.219910 25.523354 0.000007 -0.241848 0.970314 0.004600 0.164900
ConmocionLance.jpg
5 -0.896800 -70.219910 25.523354 0.000007 -0.241848 0.970314 0.004600 0.164900
5 2.977200 -68.754440 19.645699 -0.948789 0.076427 -0.306526 0.039800 0.220000
5 11.744000 -72.783371 31.400078 0.507325 -0.855848 -0.100725 0.119700 0.079900
ConmocionLance.jpg
5 -0.896800 -70.219910 25.523354 0.000007 -0.241848 0.970314 0.004600 0.164900
5 9.136000 -73.067268 34.825867 0.631988 -0.676695 0.377724 0.095900 0.049000
5 7.109099 -73.430603 38.400749 0.732927 -0.164563 0.660104 0.077500 0.016600
ConmocionLance.jpg
5 7.109099 -73.430603 38.400749 0.732927 -0.164563 0.660104 0.077500 0.016600
5 -0.896800 -74.559952 42.070545 0.000000 -0.967283 -0.253701 0.004600 0.009100
5 -0.896800 -70.219910 25.523354 0.000007 -0.241848 0.970314 0.004600 0.164900
ConmocionLance.jpg
5 0.919400 -79.219612 61.604736 0.952421 0.295731 0.073734 0.363700 0.029400
5 -0.934900 -77.345474 62.072006 -0.000013 0.970296 0.241922 0.363700 0.007800
5 -0.934900 -90.352234 114.239151 -0.000013 0.970296 0.241922 0.871300 0.007800
ConmocionLance.jpg
5 -0.934900 -90.352234 114.239151 -0.000013 0.970296 0.241922 0.871300 0.007800
5 0.919400 -92.226349 113.771866 0.952421 -0.295732 -0.073734 0.871300 0.029400
5 0.919400 -79.219612 61.604736 0.952421 0.295731 0.073734 0.363700 0.029400
ConmocionLance.jpg
5 -0.934900 -81.093742 61.137474 -0.000014 -0.970296 -0.241922 0.363700 0.050900
5 0.919400 -79.219612 61.604736 0.952421 0.295731 0.073734 0.363700 0.029400
5 0.919400 -92.226349 113.771866 0.952421 -0.295732 -0.073734 0.871300 0.029400
ConmocionLance.jpg
5 0.919400 -92.226349 113.771866 0.952421 -0.295732 -0.073734 0.871300 0.029400
5 -0.934900 -94.100464 113.304588 -0.000014 -0.970296 -0.241922 0.871300 0.050900
5 -0.934900 -81.093742 61.137474 -0.000014 -0.970296 -0.241922 0.363700 0.050900
ConmocionLance.jpg
5 -2.789100 -79.219612 61.604736 -0.952426 0.295716 0.073731 0.363700 0.029400
5 -2.789100 -92.226349 113.771866 -0.952426 -0.295717 -0.073731 0.871300 0.029400
5 -0.934900 -90.352234 114.239151 -0.000013 0.970296 0.241922 0.871300 0.007800
ConmocionLance.jpg
5 -0.934900 -90.352234 114.239151 -0.000013 0.970296 0.241922 0.871300 0.007800
5 -0.934900 -77.345474 62.072006 -0.000013 0.970296 0.241922 0.363700 0.007800
5 -2.789100 -79.219612 61.604736 -0.952426 0.295716 0.073731 0.363700 0.029400
ConmocionLance.jpg
5 -0.934900 -81.093742 61.137474 -0.000014 -0.970296 -0.241922 0.363700 0.050900
5 -0.934900 -94.100464 113.304588 -0.000014 -0.970296 -0.241922 0.871300 0.050900
5 -2.789100 -92.226349 113.771866 -0.952426 -0.295717 -0.073731 0.871300 0.029400
ConmocionLance.jpg
5 -2.789100 -92.226349 113.771866 -0.952426 -0.295717 -0.073731 0.871300 0.029400
5 -2.789100 -79.219612 61.604736 -0.952426 0.295716 0.073731 0.363700 0.029400
5 -0.934900 -81.093742 61.137474 -0.000014 -0.970296 -0.241922 0.363700 0.050900
ConmocionLance.jpg
5 -0.934900 -98.565346 144.738892 -0.000009 0.957761 0.287566 0.109700 0.446200
5 0.417900 -99.865425 144.414703 0.998866 -0.011513 0.046197 0.134100 0.446200
5 1.786400 -92.919495 116.556076 0.998010 -0.015255 0.061189 0.146500 0.814400
ConmocionLance.jpg
5 1.786400 -92.919495 116.556076 0.998010 -0.015255 0.061189 0.146500 0.814400
5 -0.934900 -90.295135 117.210403 -0.000000 0.948457 0.316905 0.097300 0.814400
5 -0.934900 -98.565346 144.738892 -0.000009 0.957761 0.287566 0.109700 0.446200
ConmocionLance.jpg
5 -0.934900 -90.295135 117.210403 -0.000000 0.948457 0.316905 0.097300 0.814400
5 1.786400 -92.919495 116.556076 0.998010 -0.015255 0.061189 0.146500 0.814400
5 2.326700 -91.530365 110.984535 0.999980 0.001545 -0.006204 0.151400 0.888000
ConmocionLance.jpg
5 2.326700 -91.530365 110.984535 0.999980 0.001545 -0.006204 0.151400 0.888000
5 -0.934900 -88.383194 111.769226 -0.000000 0.989779 0.142608 0.092400 0.888000
5 -0.934900 -90.295135 117.210403 -0.000000 0.948457 0.316905 0.097300 0.814400
ConmocionLance.jpg
5 -0.934900 -88.383194 111.769226 -0.000000 0.989779 0.142608 0.092400 0.888000
5 2.326700 -91.530365 110.984535 0.999980 0.001545 -0.006204 0.151400 0.888000
5 0.924500 -89.909897 104.485275 0.981049 0.046874 -0.188004 0.139500 0.974100
ConmocionLance.jpg
5 0.924500 -89.909897 104.485275 0.981049 0.046874 -0.188004 0.139500 0.974100
5 -0.934900 -88.025299 104.955170 0.000000 0.998623 0.052451 0.104300 0.974100
5 -0.934900 -88.383194 111.769226 -0.000000 0.989779 0.142608 0.092400 0.888000
ConmocionLance.jpg
5 -0.934900 -101.165543 144.090561 -0.000009 -0.980657 -0.195736 0.109700 0.446200
5 -0.934900 -95.543854 115.901764 -0.000000 -0.986216 -0.165462 0.097300 0.814400
5 1.786400 -92.919495 116.556076 0.998010 -0.015255 0.061189 0.146500 0.814400
ConmocionLance.jpg
5 1.786400 -92.919495 116.556076 0.998010 -0.015255 0.061189 0.146500 0.814400
5 0.417900 -99.865425 144.414703 0.998866 -0.011513 0.046197 0.134100 0.446200
5 -0.934900 -101.165543 144.090561 -0.000009 -0.980657 -0.195736 0.109700 0.446200
ConmocionLance.jpg
5 -0.934900 -95.543854 115.901764 -0.000000 -0.986216 -0.165462 0.097300 0.814400
5 -0.934900 -94.677505 110.199860 -0.000000 -0.940873 -0.338759 0.092400 0.888000
5 2.326700 -91.530365 110.984535 0.999980 0.001545 -0.006204 0.151400 0.888000
ConmocionLance.jpg
5 2.326700 -91.530365 110.984535 0.999980 0.001545 -0.006204 0.151400 0.888000
5 1.786400 -92.919495 116.556076 0.998010 -0.015255 0.061189 0.146500 0.814400
5 -0.934900 -95.543854 115.901764 -0.000000 -0.986216 -0.165462 0.097300 0.814400
ConmocionLance.jpg
5 -0.934900 -94.677505 110.199860 -0.000000 -0.940873 -0.338759 0.092400 0.888000
5 -0.934900 -91.794510 104.015396 0.000000 -0.906356 -0.422514 0.104300 0.974100
5 0.924500 -89.909897 104.485275 0.981049 0.046874 -0.188004 0.139500 0.974100
ConmocionLance.jpg
5 0.924500 -89.909897 104.485275 0.981049 0.046874 -0.188004 0.139500 0.974100
5 2.326700 -91.530365 110.984535 0.999980 0.001545 -0.006204 0.151400 0.888000
5 -0.934900 -94.677505 110.199860 -0.000000 -0.940873 -0.338759 0.092400 0.888000
ConmocionLance.jpg
5 -0.934900 -98.565346 144.738892 -0.000009 0.957761 0.287566 0.109700 0.446200
5 -0.934900 -90.295135 117.210403 -0.000000 0.948457 0.316905 0.097300 0.814400
5 -3.656200 -92.919495 116.556076 -0.998010 -0.015255 0.061190 0.146500 0.814400
ConmocionLance.jpg
5 -3.656200 -92.919495 116.556076 -0.998010 -0.015255 0.061190 0.146500 0.814400
5 -2.287600 -99.865425 144.414703 -0.998866 -0.011514 0.046200 0.134100 0.446200
5 -0.934900 -98.565346 144.738892 -0.000009 0.957761 0.287566 0.109700 0.446200
ConmocionLance.jpg
5 -0.934900 -90.295135 117.210403 -0.000000 0.948457 0.316905 0.097300 0.814400
5 -0.934900 -88.383194 111.769226 -0.000000 0.989779 0.142608 0.092400 0.888000
5 -4.196500 -91.530365 110.984535 -0.999980 0.001545 -0.006204 0.151400 0.888000
ConmocionLance.jpg
5 -4.196500 -91.530365 110.984535 -0.999980 0.001545 -0.006204 0.151400 0.888000
5 -3.656200 -92.919495 116.556076 -0.998010 -0.015255 0.061190 0.146500 0.814400
5 -0.934900 -90.295135 117.210403 -0.000000 0.948457 0.316905 0.097300 0.814400
ConmocionLance.jpg
5 -0.934900 -88.383194 111.769226 -0.000000 0.989779 0.142608 0.092400 0.888000
5 -0.934900 -88.025299 104.955170 0.000000 0.998623 0.052451 0.104300 0.974100
5 -2.794300 -89.909897 104.485275 -0.981049 0.046874 -0.188004 0.139500 0.974100
ConmocionLance.jpg
5 -2.794300 -89.909897 104.485275 -0.981049 0.046874 -0.188004 0.139500 0.974100
5 -4.196500 -91.530365 110.984535 -0.999980 0.001545 -0.006204 0.151400 0.888000
5 -0.934900 -88.383194 111.769226 -0.000000 0.989779 0.142608 0.092400 0.888000
ConmocionLance.jpg
5 -0.934900 -101.165543 144.090561 -0.000009 -0.980657 -0.195736 0.109700 0.446200
5 -2.287600 -99.865425 144.414703 -0.998866 -0.011514 0.046200 0.134100 0.446200
5 -3.656200 -92.919495 116.556076 -0.998010 -0.015255 0.061190 0.146500 0.814400
ConmocionLance.jpg
5 -3.656200 -92.919495 116.556076 -0.998010 -0.015255 0.061190 0.146500 0.814400
5 -0.934900 -95.543854 115.901764 -0.000000 -0.986216 -0.165462 0.097300 0.814400
5 -0.934900 -101.165543 144.090561 -0.000009 -0.980657 -0.195736 0.109700 0.446200
ConmocionLance.jpg
5 -0.934900 -95.543854 115.901764 -0.000000 -0.986216 -0.165462 0.097300 0.814400
5 -3.656200 -92.919495 116.556076 -0.998010 -0.015255 0.061190 0.146500 0.814400
5 -4.196500 -91.530365 110.984535 -0.999980 0.001545 -0.006204 0.151400 0.888000
ConmocionLance.jpg
5 -4.196500 -91.530365 110.984535 -0.999980 0.001545 -0.006204 0.151400 0.888000
5 -0.934900 -94.677505 110.199860 -0.000000 -0.940873 -0.338759 0.092400 0.888000
5 -0.934900 -95.543854 115.901764 -0.000000 -0.986216 -0.165462 0.097300 0.814400
ConmocionLance.jpg
5 -0.934900 -94.677505 110.199860 -0.000000 -0.940873 -0.338759 0.092400 0.888000
5 -4.196500 -91.530365 110.984535 -0.999980 0.001545 -0.006204 0.151400 0.888000
5 -2.794300 -89.909897 104.485275 -0.981049 0.046874 -0.188004 0.139500 0.974100
ConmocionLance.jpg
5 -2.794300 -89.909897 104.485275 -0.981049 0.046874 -0.188004 0.139500 0.974100
5 -0.934900 -91.794510 104.015396 0.000000 -0.906356 -0.422514 0.104300 0.974100
5 -0.934900 -94.677505 110.199860 -0.000000 -0.940873 -0.338759 0.092400 0.888000
ConmocionLance.jpg
5 0.414000 -99.790970 144.115997 0.872996 0.117990 -0.473239 0.892300 0.528700
5 -0.491600 -97.683945 144.641327 0.338487 0.682715 -0.647555 0.848500 0.528700
5 -0.491600 -98.276276 149.253647 0.711458 0.701873 -0.034665 0.837600 0.435500
ConmocionLance.jpg
5 -0.491600 -98.276276 149.253647 0.711458 0.701873 -0.034665 0.837600 0.435500
5 0.414000 -100.912689 148.615021 0.998808 -0.011809 0.047352 0.892300 0.435100
5 0.414000 -99.790970 144.115997 0.872996 0.117990 -0.473239 0.892300 0.528700
ConmocionLance.jpg
5 0.414000 -100.912689 148.615021 0.998808 -0.011809 0.047352 0.892300 0.435100
5 -0.491600 -98.276276 149.253647 0.711458 0.701873 -0.034665 0.837600 0.435500
5 -0.274400 -101.470444 154.323486 0.968400 0.023973 0.248247 0.875400 0.320600
ConmocionLance.jpg
5 -0.274400 -101.470444 154.323486 0.968400 0.023973 0.248247 0.875400 0.320600
5 -0.035200 -102.367088 154.448334 0.442817 -0.216907 0.869980 0.892300 0.313800
5 0.414000 -100.912689 148.615021 0.998808 -0.011809 0.047352 0.892300 0.435100
ConmocionLance.jpg
5 -0.274400 -101.470444 154.323486 0.968400 0.023973 0.248247 0.875400 0.320600
5 -0.491600 -98.276276 149.253647 0.711458 0.701873 -0.034665 0.837600 0.435500
5 -0.934900 -95.449280 151.791229 -0.000132 0.906353 -0.422522 0.769800 0.399600
ConmocionLance.jpg
5 -0.274400 -101.470444 154.323486 0.968400 0.023973 0.248247 0.875400 0.320600
5 -0.934900 -96.848175 154.836487 -0.000013 0.794283 0.607548 0.782400 0.333100
5 -0.934900 -103.186852 160.635925 -0.000007 -0.999874 0.015860 0.878200 0.188600
ConmocionLance.jpg
5 -0.934900 -95.449280 151.791229 -0.000132 0.906353 -0.422522 0.769800 0.399600
5 -0.934900 -96.848175 154.836487 -0.000013 0.794283 0.607548 0.782400 0.333100
5 -0.274400 -101.470444 154.323486 0.968400 0.023973 0.248247 0.875400 0.320600
ConmocionLance.jpg
5 -0.491600 -98.276276 149.253647 0.711458 0.701873 -0.034665 0.835300 0.480700
5 -0.491600 -97.683945 144.641327 0.338487 0.682715 -0.647555 0.835300 0.529200
5 -1.374400 -97.683945 144.641327 -0.323616 0.916882 -0.233667 0.825000 0.529200
ConmocionLance.jpg
5 -1.374400 -97.683945 144.641327 -0.323616 0.916882 -0.233667 0.825000 0.529200
5 -1.370800 -98.276276 149.253647 -0.806764 0.587131 -0.066406 0.825100 0.480700
5 -0.491600 -98.276276 149.253647 0.711458 0.701873 -0.034665 0.835300 0.480700
ConmocionLance.jpg
5 -0.491600 -98.276276 149.253647 0.711458 0.701873 -0.034665 0.835300 0.480700
5 -1.370800 -98.276276 149.253647 -0.806764 0.587131 -0.066406 0.825100 0.480700
5 -0.934900 -95.449280 151.791229 -0.000132 0.906353 -0.422522 0.830100 0.441100
ConmocionLance.jpg
5 -0.491600 -97.683945 144.641327 0.338487 0.682715 -0.647555 0.805800 0.426500
5 0.414000 -99.790970 144.115997 0.872996 0.117990 -0.473239 0.772100 0.412400
5 -2.283700 -99.790970 144.115997 -0.674765 0.178547 -0.716110 0.772100 0.454300
ConmocionLance.jpg
5 -2.283700 -99.790970 144.115997 -0.674765 0.178547 -0.716110 0.772100 0.454300
5 -1.374400 -97.683945 144.641327 -0.323616 0.916882 -0.233667 0.805800 0.440100
5 -0.491600 -97.683945 144.641327 0.338487 0.682715 -0.647555 0.805800 0.426500
ConmocionLance.jpg
5 -1.595300 -101.470444 154.323486 -0.907495 0.048498 0.417254 0.811000 0.503800
5 -1.834500 -102.367088 154.448334 -0.689733 -0.175164 0.702557 0.814500 0.521200
5 -0.035200 -102.367088 154.448334 0.442817 -0.216907 0.869980 0.788700 0.521200
ConmocionLance.jpg
5 -0.035200 -102.367088 154.448334 0.442817 -0.216907 0.869980 0.788700 0.521200
5 -0.274400 -101.470444 154.323486 0.968400 0.023973 0.248247 0.792100 0.503800
5 -1.595300 -101.470444 154.323486 -0.907495 0.048498 0.417254 0.811000 0.503800
ConmocionLance.jpg
5 -0.274400 -101.470444 154.323486 0.968400 0.023973 0.248247 0.792100 0.503800
5 -0.934900 -103.186852 160.635925 -0.000007 -0.999874 0.015860 0.801600 0.452200
5 -1.595300 -101.470444 154.323486 -0.907495 0.048498 0.417254 0.811000 0.503800
ConmocionLance.jpg
5 0.414000 -99.790970 144.115997 0.872996 0.117990 -0.473239 0.892300 0.528700
5 0.414000 -100.912689 148.615021 0.998808 -0.011809 0.047352 0.892300 0.435100
5 -0.491600 -103.540222 147.941193 0.711457 -0.603448 -0.360111 0.837600 0.435500
ConmocionLance.jpg
5 -0.491600 -103.540222 147.941193 0.711457 -0.603448 -0.360111 0.837600 0.435500
5 -0.491600 -101.897957 143.590637 0.338490 -0.298795 -0.892270 0.848500 0.528700
5 0.414000 -99.790970 144.115997 0.872996 0.117990 -0.473239 0.892300 0.528700
ConmocionLance.jpg
5 0.414000 -100.912689 148.615021 0.998808 -0.011809 0.047352 0.892300 0.435100
5 -0.035200 -102.367088 154.448334 0.442817 -0.216907 0.869980 0.892300 0.313800
5 -0.274400 -103.100182 153.917145 0.968400 -0.137712 0.207934 0.875400 0.320600
ConmocionLance.jpg
5 -0.274400 -103.100182 153.917145 0.968400 -0.137712 0.207934 0.875400 0.320600
5 -0.491600 -103.540222 147.941193 0.711457 -0.603448 -0.360111 0.837600 0.435500
5 0.414000 -100.912689 148.615021 0.998808 -0.011809 0.047352 0.892300 0.435100
ConmocionLance.jpg
5 -0.274400 -103.100182 153.917145 0.968400 -0.137712 0.207934 0.875400 0.320600
5 -0.934900 -107.227707 148.854507 -0.000132 -0.601887 -0.798582 0.769800 0.399600
5 -0.491600 -103.540222 147.941193 0.711457 -0.603448 -0.360111 0.837600 0.435500
ConmocionLance.jpg
5 -0.274400 -103.100182 153.917145 0.968400 -0.137712 0.207934 0.875400 0.320600
5 -0.934900 -104.548187 160.296494 -0.000007 0.875391 0.483416 0.878200 0.188600
5 -0.934900 -107.422234 152.200043 -0.000013 -0.986537 0.163537 0.782400 0.333100
ConmocionLance.jpg
5 -0.934900 -107.227707 148.854507 -0.000132 -0.601887 -0.798582 0.769800 0.399600
5 -0.274400 -103.100182 153.917145 0.968400 -0.137712 0.207934 0.875400 0.320600
5 -0.934900 -107.422234 152.200043 -0.000013 -0.986537 0.163537 0.782400 0.333100
ConmocionLance.jpg
5 -0.491600 -103.540222 147.941193 0.711457 -0.603448 -0.360111 0.835300 0.480700
5 -1.370800 -103.540222 147.941193 -0.806763 -0.487234 -0.334271 0.825100 0.480700
5 -1.374400 -101.897957 143.590637 -0.323618 -0.699868 -0.636754 0.825000 0.529200
ConmocionLance.jpg
5 -1.374400 -101.897957 143.590637 -0.323618 -0.699868 -0.636754 0.825000 0.529200
5 -0.491600 -101.897957 143.590637 0.338490 -0.298795 -0.892270 0.835300 0.529200
5 -0.491600 -103.540222 147.941193 0.711457 -0.603448 -0.360111 0.835300 0.480700
ConmocionLance.jpg
5 -0.491600 -103.540222 147.941193 0.711457 -0.603448 -0.360111 0.835300 0.480700
5 -0.934900 -107.227707 148.854507 -0.000132 -0.601887 -0.798582 0.830100 0.441100
5 -1.370800 -103.540222 147.941193 -0.806763 -0.487234 -0.334271 0.825100 0.480700
ConmocionLance.jpg
5 -0.491600 -101.897957 143.590637 0.338490 -0.298795 -0.892270 0.805800 0.426500
5 -1.374400 -101.897957 143.590637 -0.323618 -0.699868 -0.636754 0.805800 0.440100
5 -2.283700 -99.790970 144.115997 -0.674765 0.178547 -0.716110 0.772100 0.454300
ConmocionLance.jpg
5 -2.283700 -99.790970 144.115997 -0.674765 0.178547 -0.716110 0.772100 0.454300
5 0.414000 -99.790970 144.115997 0.872996 0.117990 -0.473239 0.772100 0.412400
5 -0.491600 -101.897957 143.590637 0.338490 -0.298795 -0.892270 0.805800 0.426500
ConmocionLance.jpg
5 -1.595300 -103.100182 153.917145 -0.907495 -0.238710 0.345645 0.811000 0.503800
5 -0.274400 -103.100182 153.917145 0.968400 -0.137712 0.207934 0.792100 0.503800
5 -0.035200 -102.367088 154.448334 0.442817 -0.216907 0.869980 0.788700 0.521200
ConmocionLance.jpg
5 -0.035200 -102.367088 154.448334 0.442817 -0.216907 0.869980 0.788700 0.521200
5 -1.834500 -102.367088 154.448334 -0.689733 -0.175164 0.702557 0.814500 0.521200
5 -1.595300 -103.100182 153.917145 -0.907495 -0.238710 0.345645 0.811000 0.503800
ConmocionLance.jpg
5 -0.274400 -103.100182 153.917145 0.968400 -0.137712 0.207934 0.792100 0.503800
5 -1.595300 -103.100182 153.917145 -0.907495 -0.238710 0.345645 0.811000 0.503800
5 -0.934900 -104.548187 160.296494 -0.000007 0.875391 0.483416 0.801600 0.452200
ConmocionLance.jpg
5 -2.283700 -99.790970 144.115997 -0.674765 0.178547 -0.716110 0.892300 0.528700
5 -2.283800 -100.912689 148.615021 -0.998814 -0.011780 0.047234 0.892300 0.435100
5 -1.370800 -98.276276 149.253647 -0.806764 0.587131 -0.066406 0.837600 0.435500
ConmocionLance.jpg
5 -1.370800 -98.276276 149.253647 -0.806764 0.587131 -0.066406 0.837600 0.435500
5 -1.374400 -97.683945 144.641327 -0.323616 0.916882 -0.233667 0.848500 0.528700
5 -2.283700 -99.790970 144.115997 -0.674765 0.178547 -0.716110 0.892300 0.528700
ConmocionLance.jpg
5 -2.283800 -100.912689 148.615021 -0.998814 -0.011780 0.047234 0.892300 0.435100
5 -1.834500 -102.367088 154.448334 -0.689733 -0.175164 0.702557 0.892300 0.313800
5 -1.595300 -101.470444 154.323486 -0.907495 0.048498 0.417254 0.875400 0.320600
ConmocionLance.jpg
5 -1.595300 -101.470444 154.323486 -0.907495 0.048498 0.417254 0.875400 0.320600
5 -1.370800 -98.276276 149.253647 -0.806764 0.587131 -0.066406 0.837600 0.435500
5 -2.283800 -100.912689 148.615021 -0.998814 -0.011780 0.047234 0.892300 0.435100
ConmocionLance.jpg
5 -1.595300 -101.470444 154.323486 -0.907495 0.048498 0.417254 0.875400 0.320600
5 -0.934900 -95.449280 151.791229 -0.000132 0.906353 -0.422522 0.769800 0.399600
5 -1.370800 -98.276276 149.253647 -0.806764 0.587131 -0.066406 0.837600 0.435500
ConmocionLance.jpg
5 -1.595300 -101.470444 154.323486 -0.907495 0.048498 0.417254 0.875400 0.320600
5 -0.934900 -103.186852 160.635925 -0.000007 -0.999874 0.015860 0.878200 0.188600
5 -0.934900 -96.848175 154.836487 -0.000013 0.794283 0.607548 0.782400 0.333100
ConmocionLance.jpg
5 -0.934900 -95.449280 151.791229 -0.000132 0.906353 -0.422522 0.769800 0.399600
5 -1.595300 -101.470444 154.323486 -0.907495 0.048498 0.417254 0.875400 0.320600
5 -0.934900 -96.848175 154.836487 -0.000013 0.794283 0.607548 0.782400 0.333100
ConmocionLance.jpg
5 -2.283700 -99.790970 144.115997 -0.674765 0.178547 -0.716110 0.892300 0.528700
5 -1.374400 -101.897957 143.590637 -0.323618 -0.699868 -0.636754 0.848500 0.528700
5 -1.370800 -103.540222 147.941193 -0.806763 -0.487234 -0.334271 0.837600 0.435500
ConmocionLance.jpg
5 -1.370800 -103.540222 147.941193 -0.806763 -0.487234 -0.334271 0.837600 0.435500
5 -2.283800 -100.912689 148.615021 -0.998814 -0.011780 0.047234 0.892300 0.435100
5 -2.283700 -99.790970 144.115997 -0.674765 0.178547 -0.716110 0.892300 0.528700
ConmocionLance.jpg
5 -2.283800 -100.912689 148.615021 -0.998814 -0.011780 0.047234 0.892300 0.435100
5 -1.370800 -103.540222 147.941193 -0.806763 -0.487234 -0.334271 0.837600 0.435500
5 -1.595300 -103.100182 153.917145 -0.907495 -0.238710 0.345645 0.875400 0.320600
ConmocionLance.jpg
5 -1.595300 -103.100182 153.917145 -0.907495 -0.238710 0.345645 0.875400 0.320600
5 -1.834500 -102.367088 154.448334 -0.689733 -0.175164 0.702557 0.892300 0.313800
5 -2.283800 -100.912689 148.615021 -0.998814 -0.011780 0.047234 0.892300 0.435100
ConmocionLance.jpg
5 -1.595300 -103.100182 153.917145 -0.907495 -0.238710 0.345645 0.875400 0.320600
5 -1.370800 -103.540222 147.941193 -0.806763 -0.487234 -0.334271 0.837600 0.435500
5 -0.934900 -107.227707 148.854507 -0.000132 -0.601887 -0.798582 0.769800 0.399600
ConmocionLance.jpg
5 -1.595300 -103.100182 153.917145 -0.907495 -0.238710 0.345645 0.875400 0.320600
5 -0.934900 -107.422234 152.200043 -0.000013 -0.986537 0.163537 0.782400 0.333100
5 -0.934900 -104.548187 160.296494 -0.000007 0.875391 0.483416 0.878200 0.188600
ConmocionLance.jpg
5 -0.934900 -107.227707 148.854507 -0.000132 -0.601887 -0.798582 0.769800 0.399600
5 -0.934900 -107.422234 152.200043 -0.000013 -0.986537 0.163537 0.782400 0.333100
5 -1.595300 -103.100182 153.917145 -0.907495 -0.238710 0.345645 0.875400 0.320600
ConmocionLance.jpg
5 3.772200 -83.675667 55.293549 0.859434 -0.275819 -0.430461 0.467800 0.648100
5 7.679999 -80.594482 65.777260 0.915382 0.357525 -0.185072 0.403200 0.553900
5 7.679999 -80.594482 65.777260 0.000000 -0.000000 0.000000 0.403200 0.553900
ConmocionLance.jpg
5 7.679999 -80.594482 65.777260 0.915382 0.357525 -0.185072 0.403200 0.553900
5 11.467200 -87.178276 74.157341 0.958464 -0.251551 -0.134422 0.457500 0.430700
5 3.772200 -83.675667 55.293549 0.859434 -0.275819 -0.430461 0.467800 0.648100
ConmocionLance.jpg
5 -0.807600 -84.204742 48.068329 0.821758 -0.349767 -0.449864 0.492400 0.732200
5 -0.971900 -84.134323 47.700352 0.452340 -0.699658 -0.553053 0.492600 0.736600
5 3.772200 -83.675667 55.293549 0.859434 -0.275819 -0.430461 0.467800 0.648100
ConmocionLance.jpg
5 3.772200 -83.675667 55.293549 0.859434 -0.275819 -0.430461 0.467800 0.648100
5 6.909400 -90.923767 66.380203 0.708890 -0.575800 -0.407345 0.524600 0.496600
5 -0.807600 -84.204742 48.068329 0.821758 -0.349767 -0.449864 0.492400 0.732200
ConmocionLance.jpg
5 -0.971900 -89.173386 56.680008 -0.223523 -0.818271 -0.529594 0.536700 0.613700
5 6.909400 -90.923767 66.380203 0.708890 -0.575800 -0.407345 0.524600 0.496600
5 -0.971900 -94.315033 63.498375 -0.114130 -0.895112 -0.430985 0.590800 0.512100
ConmocionLance.jpg
5 9.357100 -79.910202 86.547394 0.937179 0.265108 0.226746 0.336700 0.349200
5 5.569600 -85.156929 92.771187 0.875031 0.038439 0.482539 0.378600 0.231100
5 7.665100 -91.961945 82.303658 0.892783 -0.402036 0.203239 0.491200 0.295600
ConmocionLance.jpg
5 7.665100 -91.961945 82.303658 0.892783 -0.402036 0.203239 0.491200 0.295600
5 11.467200 -87.178276 74.157341 0.958464 -0.251551 -0.134422 0.457500 0.430700
5 9.357100 -79.910202 86.547394 0.937179 0.265108 0.226746 0.336700 0.349200
ConmocionLance.jpg
5 6.909400 -90.923767 66.380203 0.708890 -0.575800 -0.407345 0.524600 0.496600
5 3.772200 -95.664711 75.370323 0.606948 -0.773706 -0.181642 0.564500 0.357900
5 -0.971900 -94.315033 63.498375 -0.114130 -0.895112 -0.430985 0.590800 0.512100
ConmocionLance.jpg
5 0.562800 -73.327744 96.510796 0.297882 0.533233 0.791788 0.201700 0.243100
5 5.569600 -85.156929 92.771187 0.875031 0.038439 0.482539 0.378600 0.231100
5 9.357100 -79.910202 86.547394 0.937179 0.265108 0.226746 0.336700 0.349200
ConmocionLance.jpg
5 4.634800 -74.126846 78.804092 0.827613 0.560471 -0.030474 0.293100 0.449000
5 0.562700 -67.783112 86.194199 0.016051 0.998254 0.056850 0.190200 0.390300
5 0.562700 -68.041702 90.734940 0.092188 0.972417 0.214260 0.178000 0.342000
ConmocionLance.jpg
5 9.357100 -79.910202 86.547394 0.937179 0.265108 0.226746 0.336700 0.349200
5 0.562700 -68.041702 90.734940 0.092188 0.972417 0.214260 0.178000 0.342000
5 0.562800 -73.327744 96.510796 0.297882 0.533233 0.791788 0.201700 0.243100
ConmocionLance.jpg
5 9.357100 -79.910202 86.547394 0.937179 0.265108 0.226746 0.336700 0.349200
5 7.679999 -80.594482 65.777260 0.915382 0.357525 -0.185072 0.403200 0.553900
5 7.679999 -80.594482 65.777260 0.915382 0.357525 -0.185072 0.403200 0.553900
ConmocionLance.jpg
5 7.679999 -80.594482 65.777260 0.915382 0.357525 -0.185072 0.403200 0.553900
5 4.634800 -74.126846 78.804092 0.827613 0.560471 -0.030474 0.293100 0.449000
5 9.357100 -79.910202 86.547394 0.937179 0.265108 0.226746 0.336700 0.349200
ConmocionLance.jpg
5 3.772200 -95.664711 75.370323 0.606948 -0.773706 -0.181642 0.564500 0.357900
5 6.909400 -90.923767 66.380203 0.708890 -0.575800 -0.407345 0.524600 0.496600
5 11.467200 -87.178276 74.157341 0.958464 -0.251551 -0.134422 0.457500 0.430700
ConmocionLance.jpg
5 0.562700 -68.041702 90.734940 0.092188 0.972417 0.214260 0.598000 0.933500
5 0.562700 -67.783112 86.194199 0.016051 0.998254 0.056850 0.582500 0.993200
5 -6.653300 -78.925415 85.871452 -0.900044 0.326353 -0.288814 0.417500 0.982400
ConmocionLance.jpg
5 -6.653300 -78.925415 85.871452 -0.900044 0.326353 -0.288814 0.417500 0.982400
5 -11.068600 -80.992905 93.599030 -0.941953 0.311561 0.125120 0.417600 0.872800
5 0.562700 -68.041702 90.734940 0.092188 0.972417 0.214260 0.598000 0.933500
ConmocionLance.jpg
5 0.562800 -73.327744 96.510796 0.297882 0.533233 0.791788 0.568000 0.812700
5 0.562700 -68.041702 90.734940 0.092188 0.972417 0.214260 0.598000 0.933500
5 -11.068600 -80.992905 93.599030 -0.941953 0.311561 0.125120 0.417600 0.872800
ConmocionLance.jpg
5 0.562800 -81.189056 100.172333 0.485709 0.369067 0.792386 0.427900 0.730600
5 0.562800 -73.327744 96.510796 0.297882 0.533233 0.791788 0.568000 0.812700
5 -5.304000 -84.616150 101.651260 -0.585445 0.408390 0.700338 0.392400 0.754200
ConmocionLance.jpg
5 0.562800 -73.327744 96.510796 0.297882 0.533233 0.791788 0.568000 0.812700
5 -11.068600 -80.992905 93.599030 -0.941953 0.311561 0.125120 0.417600 0.872800
5 -5.304000 -84.616150 101.651260 -0.585445 0.408390 0.700338 0.392400 0.754200
ConmocionLance.jpg
5 -11.068600 -80.992905 93.599030 -0.941953 0.311561 0.125120 0.417600 0.872800
5 -6.653300 -78.925415 85.871452 -0.900044 0.326353 -0.288814 0.417500 0.982400
5 -5.710800 -94.549538 93.024208 -0.777247 -0.475648 -0.411882 0.217400 0.808700
ConmocionLance.jpg
5 -5.710800 -94.549538 93.024208 -0.777247 -0.475648 -0.411882 0.217400 0.808700
5 -9.723700 -92.704544 98.840958 -0.884570 -0.447212 0.132429 0.267300 0.740100
5 -11.068600 -80.992905 93.599030 -0.941953 0.311561 0.125120 0.417600 0.872800
ConmocionLance.jpg
5 -5.304000 -84.616150 101.651260 -0.585445 0.408390 0.700338 0.392400 0.754200
5 -11.068600 -80.992905 93.599030 -0.941953 0.311561 0.125120 0.417600 0.872800
5 -9.723700 -92.704544 98.840958 -0.884570 -0.447212 0.132429 0.267300 0.740100
ConmocionLance.jpg
5 -9.723700 -92.704544 98.840958 -0.884570 -0.447212 0.132429 0.267300 0.740100
5 -6.372701 -90.931595 104.398659 -0.836075 -0.193683 0.513289 0.310500 0.662500
5 -5.304000 -84.616150 101.651260 -0.585445 0.408390 0.700338 0.392400 0.754200
ConmocionLance.jpg
5 -9.723700 -92.704544 98.840958 -0.884570 -0.447212 0.132429 0.267300 0.740100
5 -5.710800 -94.549538 93.024208 -0.777247 -0.475648 -0.411882 0.217400 0.808700
5 -1.214200 -99.061783 97.007751 -0.163247 -0.923361 -0.347497 0.160300 0.721300
ConmocionLance.jpg
5 -9.723700 -92.704544 98.840958 -0.884570 -0.447212 0.132429 0.267300 0.740100
5 -0.061000 -100.673256 101.032211 0.429686 -0.871752 -0.235413 0.151700 0.658100
5 -0.061000 -101.004913 105.034798 0.057757 -0.971501 0.229890 0.159800 0.599300
ConmocionLance.jpg
5 -6.372701 -90.931595 104.398659 -0.836075 -0.193683 0.513289 0.310500 0.662500
5 -9.723700 -92.704544 98.840958 -0.884570 -0.447212 0.132429 0.267300 0.740100
5 -0.061000 -101.004913 105.034798 0.057757 -0.971501 0.229890 0.159800 0.599300
ConmocionLance.jpg
5 -0.061000 -101.004913 105.034798 0.057757 -0.971501 0.229890 0.159800 0.599300
5 2.541700 -98.167114 112.169327 0.604801 -0.788533 0.111495 0.226800 0.501300
5 -6.372701 -90.931595 104.398659 -0.836075 -0.193683 0.513289 0.310500 0.662500
ConmocionLance.jpg
5 -1.214200 -99.061783 97.007751 -0.163247 -0.923361 -0.347497 0.160300 0.721300
5 -0.061000 -100.673256 101.032211 0.429686 -0.871752 -0.235413 0.151700 0.658100
5 -9.723700 -92.704544 98.840958 -0.884570 -0.447212 0.132429 0.267300 0.740100
ConmocionLance.jpg
5 2.532300 -89.780014 123.499115 0.727830 0.623209 0.286135 0.563600 0.134500
5 2.532300 -90.299408 125.759598 0.585712 0.720175 0.371874 0.548100 0.110400
5 5.083600 -94.785042 116.914185 0.978026 -0.190933 0.083721 0.668700 0.125500
ConmocionLance.jpg
5 5.083600 -94.785042 116.914185 0.978026 -0.190933 0.083721 0.668700 0.125500
5 5.460999 -91.953751 115.313293 0.992567 -0.119613 -0.022427 0.668000 0.168100
5 2.532300 -89.780014 123.499115 0.727830 0.623209 0.286135 0.563600 0.134500
ConmocionLance.jpg
5 5.460999 -91.953751 115.313293 0.992567 -0.119613 -0.022427 0.668000 0.168100
5 5.083600 -94.785042 116.914185 0.978026 -0.190933 0.083721 0.668700 0.125500
5 3.492500 -97.013832 110.812134 0.892229 -0.434620 -0.122607 0.748100 0.144600
ConmocionLance.jpg
5 3.492500 -97.013832 110.812134 0.892229 -0.434620 -0.122607 0.748100 0.144600
5 3.492500 -95.573288 109.637962 0.939862 -0.263394 -0.217445 0.753500 0.168300
5 5.460999 -91.953751 115.313293 0.992567 -0.119613 -0.022427 0.668000 0.168100
ConmocionLance.jpg
5 2.532300 -90.299408 125.759598 0.585712 0.720175 0.371874 0.548100 0.110400
5 2.532300 -92.003807 127.474518 0.707147 0.501508 0.498431 0.534100 0.082900
5 3.866500 -97.741013 118.462891 0.976384 -0.190108 0.102629 0.668500 0.084100
ConmocionLance.jpg
5 3.866500 -97.741013 118.462891 0.976384 -0.190108 0.102629 0.668500 0.084100
5 5.083600 -94.785042 116.914185 0.978026 -0.190933 0.083721 0.668700 0.125500
5 2.532300 -90.299408 125.759598 0.585712 0.720175 0.371874 0.548100 0.110400
ConmocionLance.jpg
5 5.083600 -94.785042 116.914185 0.978026 -0.190933 0.083721 0.668700 0.125500
5 3.866500 -97.741013 118.462891 0.976384 -0.190108 0.102629 0.668500 0.084100
5 2.541700 -98.167114 112.169327 0.604801 -0.788533 0.111495 0.739800 0.123900
ConmocionLance.jpg
5 2.541700 -98.167114 112.169327 0.604801 -0.788533 0.111495 0.739800 0.123900
5 3.492500 -97.013832 110.812134 0.892229 -0.434620 -0.122607 0.748100 0.144600
5 5.083600 -94.785042 116.914185 0.978026 -0.190933 0.083721 0.668700 0.125500
ConmocionLance.jpg
5 3.492500 -95.573288 109.637962 0.939862 -0.263394 -0.217445 0.753500 0.168300
5 3.492500 -97.013832 110.812134 0.892229 -0.434620 -0.122607 0.748100 0.144600
5 0.652400 -100.009834 103.717300 0.879358 -0.455578 -0.138486 0.849200 0.148300
ConmocionLance.jpg
5 0.652400 -100.009834 103.717300 0.879358 -0.455578 -0.138486 0.849200 0.148300
5 0.958400 -98.826675 102.587570 0.919850 -0.326392 -0.217587 0.855600 0.168700
5 3.492500 -95.573288 109.637962 0.939862 -0.263394 -0.217445 0.753500 0.168300
ConmocionLance.jpg
5 3.492500 -97.013832 110.812134 0.892229 -0.434620 -0.122607 0.748100 0.144600
5 2.541700 -98.167114 112.169327 0.604801 -0.788533 0.111495 0.739800 0.123900
5 -0.061000 -101.004913 105.034798 0.057757 -0.971501 0.229890 0.840500 0.129700
ConmocionLance.jpg
5 -0.061000 -101.004913 105.034798 0.057757 -0.971501 0.229890 0.840500 0.129700
5 0.652400 -100.009834 103.717300 0.879358 -0.455578 -0.138486 0.849200 0.148300
5 3.492500 -97.013832 110.812134 0.892229 -0.434620 -0.122607 0.748100 0.144600
ConmocionLance.jpg
5 -1.214200 -99.061783 97.007751 -0.163247 -0.923361 -0.347497 0.920700 0.168900
5 0.958400 -98.826675 102.587570 0.919850 -0.326392 -0.217587 0.855600 0.168700
5 -0.061000 -100.673256 101.032211 0.429686 -0.871752 -0.235413 0.885600 0.153800
ConmocionLance.jpg
5 0.221100 -95.919426 140.360931 0.702435 0.704219 0.103251 0.208600 0.173200
5 0.769400 -96.307831 142.821899 0.846665 0.476245 0.237380 0.173300 0.158700
5 3.705500 -99.004005 137.694183 0.980394 -0.084689 -0.177920 0.244400 0.136700
ConmocionLance.jpg
5 3.705500 -99.004005 137.694183 0.980394 -0.084689 -0.177920 0.244400 0.136700
5 2.744200 -97.225845 135.868256 0.933990 0.288547 -0.210722 0.270100 0.168600
5 0.221100 -95.919426 140.360931 0.702435 0.704219 0.103251 0.208600 0.173200
ConmocionLance.jpg
5 2.744200 -97.225845 135.868256 0.933990 0.288547 -0.210722 0.270100 0.168600
5 3.705500 -99.004005 137.694183 0.980394 -0.084689 -0.177920 0.244400 0.136700
5 0.716100 -99.497665 133.679642 0.665127 -0.344626 -0.662450 0.310100 0.136600
ConmocionLance.jpg
5 0.769400 -96.307831 142.821899 0.846665 0.476245 0.237380 0.173300 0.158700
5 0.221100 -97.628006 145.268906 0.884754 0.297503 0.358751 0.136700 0.137900
5 3.199800 -100.276062 140.118790 0.981481 -0.054047 0.183777 0.210800 0.111800
ConmocionLance.jpg
5 3.199800 -100.276062 140.118790 0.981481 -0.054047 0.183777 0.210800 0.111800
5 3.705500 -99.004005 137.694183 0.980394 -0.084689 -0.177920 0.244400 0.136700
5 0.769400 -96.307831 142.821899 0.846665 0.476245 0.237380 0.173300 0.158700
ConmocionLance.jpg
5 3.705500 -99.004005 137.694183 0.980394 -0.084689 -0.177920 0.244400 0.136700
5 3.199800 -100.276062 140.118790 0.981481 -0.054047 0.183777 0.210800 0.111800
5 -0.266600 -101.879906 136.258865 0.059439 -0.986526 -0.152422 0.277800 0.090800
ConmocionLance.jpg
5 -0.266600 -101.879906 136.258865 0.059439 -0.986526 -0.152422 0.277800 0.090800
5 -0.227100 -101.453751 134.112762 0.412194 -0.760218 -0.502160 0.306600 0.110900
5 3.705500 -99.004005 137.694183 0.980394 -0.084689 -0.177920 0.244400 0.136700
ConmocionLance.jpg
5 0.652400 -100.009834 103.717300 0.879358 -0.455578 -0.138486 0.849200 0.148300
5 -0.061000 -101.004913 105.034798 0.057757 -0.971501 0.229890 0.840500 0.129700
5 -0.061000 -100.673256 101.032211 0.429686 -0.871752 -0.235413 0.885600 0.153800
ConmocionLance.jpg
5 2.541700 -60.687912 40.587948 0.649844 0.758601 -0.047189 0.595500 0.377000
5 6.380000 -64.317360 42.521427 0.959051 0.104696 0.263173 0.632400 0.343700
5 6.380000 -65.341797 30.496822 0.949340 0.061366 -0.308201 0.679600 0.481800
ConmocionLance.jpg
5 6.380000 -65.341797 30.496822 0.949340 0.061366 -0.308201 0.679600 0.481800
5 2.600900 -63.127617 28.145641 0.853192 0.411971 -0.319911 0.660500 0.515800
5 2.541700 -60.687912 40.587948 0.649844 0.758601 -0.047189 0.595500 0.377000
ConmocionLance.jpg
5 2.600900 -63.127617 28.145641 0.853192 0.411971 -0.319911 0.660500 0.515800
5 6.380000 -65.341797 30.496822 0.949340 0.061366 -0.308201 0.679600 0.481800
5 -1.109800 -64.774796 18.735752 0.883483 -0.159262 -0.440560 0.714900 0.633800
ConmocionLance.jpg
5 -1.109800 -64.774796 18.735752 0.883483 -0.159262 -0.440560 0.714900 0.633800
5 6.380000 -65.341797 30.496822 0.949340 0.061366 -0.308201 0.679600 0.481800
5 -1.109800 -68.058945 22.667606 0.639134 -0.669110 -0.379210 0.735700 0.565700
ConmocionLance.jpg
5 2.541700 -60.687912 40.587948 0.649844 0.758601 -0.047189 0.595500 0.377000
5 -1.109800 -58.197155 48.228561 0.004540 0.995966 0.089619 0.544000 0.294700
5 6.380000 -64.317360 42.521427 0.959051 0.104696 0.263173 0.632400 0.343700
ConmocionLance.jpg
5 -3.856800 -66.114365 58.078125 0.377885 0.234434 0.895681 0.608000 0.159200
5 3.262300 -68.778404 45.403854 0.862399 -0.425805 0.273786 0.676300 0.296900
5 6.380000 -64.317360 42.521427 0.959051 0.104696 0.263173 0.632400 0.343700
ConmocionLance.jpg
5 6.380000 -64.317360 42.521427 0.959051 0.104696 0.263173 0.632400 0.343700
5 3.262300 -68.778404 45.403854 0.862399 -0.425805 0.273786 0.676300 0.296900
5 3.262300 -68.958511 33.926327 0.741643 -0.666492 -0.075855 0.712000 0.431000
ConmocionLance.jpg
5 3.262300 -68.958511 33.926327 0.741643 -0.666492 -0.075855 0.712000 0.431000
5 6.380000 -65.341797 30.496822 0.949340 0.061366 -0.308201 0.679600 0.481800
5 6.380000 -64.317360 42.521427 0.959051 0.104696 0.263173 0.632400 0.343700
ConmocionLance.jpg
5 -2.726400 -60.899612 56.557610 0.272294 0.626447 0.730356 0.722100 0.907600
5 -12.356000 -68.742844 56.875298 -0.900901 0.416460 0.122223 0.668500 0.845400
5 -3.856800 -66.114365 58.078125 0.377885 0.234434 0.895681 0.699900 0.855000
ConmocionLance.jpg
5 -1.109800 -58.197155 48.228561 0.004540 0.995966 0.089619 0.671100 0.988800
5 -9.702100 -67.490707 52.462555 -0.853322 0.296008 -0.429209 0.637900 0.887300
5 -12.356000 -68.742844 56.875298 -0.900901 0.416460 0.122223 0.668500 0.845400
ConmocionLance.jpg
5 -12.356000 -68.742844 56.875298 -0.900901 0.416460 0.122223 0.668500 0.845400
5 -9.702100 -67.490707 52.462555 -0.853322 0.296008 -0.429209 0.637900 0.887300
5 -8.571900 -78.742310 50.793671 -0.799709 -0.390662 -0.455905 0.559000 0.778100
ConmocionLance.jpg
5 -8.571900 -78.742310 50.793671 -0.799709 -0.390662 -0.455905 0.559000 0.778100
5 -11.798300 -80.904053 58.854748 -0.881469 -0.406442 -0.240453 0.609900 0.710100
5 -12.356000 -68.742844 56.875298 -0.900901 0.416460 0.122223 0.668500 0.845400
ConmocionLance.jpg
5 -11.770900 -73.458244 61.499611 -0.891401 0.213713 0.399663 0.680200 0.772500
5 -12.356000 -68.742844 56.875298 -0.900901 0.416460 0.122223 0.668500 0.845400
5 -11.798300 -80.904053 58.854748 -0.881469 -0.406442 -0.240453 0.609900 0.710100
ConmocionLance.jpg
5 -0.971900 -89.173386 56.680008 -0.223523 -0.818271 -0.529594 0.536700 0.613700
5 -0.971900 -94.315033 63.498375 -0.114130 -0.895112 -0.430985 0.590800 0.512100
5 -11.798300 -80.904053 58.854748 -0.881469 -0.406442 -0.240453 0.609900 0.710100
ConmocionLance.jpg
5 -11.798300 -80.904053 58.854748 -0.881469 -0.406442 -0.240453 0.609900 0.710100
5 -0.971900 -94.315033 63.498375 -0.114130 -0.895112 -0.430985 0.590800 0.512100
5 -9.994600 -85.735046 65.126106 -0.850059 -0.514231 -0.113866 0.649300 0.606200
ConmocionLance.jpg
5 -8.571900 -78.742310 50.793671 -0.799709 -0.390662 -0.455905 0.559000 0.778100
5 -0.971900 -84.134323 47.700352 0.452340 -0.699658 -0.553053 0.492600 0.736600
5 -0.971900 -89.173386 56.680008 -0.223523 -0.818271 -0.529594 0.536700 0.613700
ConmocionLance.jpg
5 2.532300 -90.299408 125.759598 0.585712 0.720175 0.371874 0.548100 0.110400
5 2.532300 -89.780014 123.499115 0.727830 0.623209 0.286135 0.563600 0.134500
5 -5.679400 -93.559357 128.643646 -0.899492 0.430587 -0.074221 0.447000 0.106200
ConmocionLance.jpg
5 2.532300 -90.299408 125.759598 0.585712 0.720175 0.371874 0.548100 0.110400
5 -5.679400 -93.559357 128.643646 -0.899492 0.430587 -0.074221 0.447000 0.106200
5 -5.679400 -93.593765 130.566925 -0.600392 0.718933 0.350236 0.436400 0.084700
ConmocionLance.jpg
5 -5.679400 -93.559357 128.643646 -0.899492 0.430587 -0.074221 0.447000 0.106200
5 -2.699200 -100.109909 132.399277 -0.428035 -0.799561 -0.421293 0.350600 0.108000
5 -4.941600 -97.874878 133.179535 -0.846910 -0.519047 -0.115473 0.375000 0.085600
ConmocionLance.jpg
5 -2.699200 -100.109909 132.399277 -0.428035 -0.799561 -0.421293 0.350600 0.108000
5 -0.227100 -101.453751 134.112762 0.412194 -0.760218 -0.502160 0.306600 0.110900
5 -0.266600 -101.879906 136.258865 0.059439 -0.986526 -0.152422 0.277800 0.090800
ConmocionLance.jpg
5 0.562700 -68.041702 90.734940 0.092188 0.972417 0.214260 0.178000 0.342000
5 9.357100 -79.910202 86.547394 0.937179 0.265108 0.226746 0.336700 0.349200
5 4.634800 -74.126846 78.804092 0.827613 0.560471 -0.030474 0.293100 0.449000
ConmocionLance.jpg
5 0.562800 -73.327744 96.510796 0.297882 0.533233 0.791788 0.201700 0.243100
5 0.562800 -81.189056 100.172333 0.485709 0.369067 0.792386 0.312700 0.173700
5 5.569600 -85.156929 92.771187 0.875031 0.038439 0.482539 0.378600 0.231100
ConmocionLance.jpg
5 -0.227100 -101.453751 134.112762 0.412194 -0.760218 -0.502160 0.306600 0.110900
5 -2.699200 -100.109909 132.399277 -0.428035 -0.799561 -0.421293 0.350600 0.108000
5 0.716100 -99.497665 133.679642 0.665127 -0.344626 -0.662450 0.310100 0.136600
ConmocionLance.jpg
5 3.705500 -99.004005 137.694183 0.980394 -0.084689 -0.177920 0.244400 0.136700
5 -0.227100 -101.453751 134.112762 0.412194 -0.760218 -0.502160 0.306600 0.110900
5 0.716100 -99.497665 133.679642 0.665127 -0.344626 -0.662450 0.310100 0.136600
ConmocionLance.jpg
5 -0.266600 -101.879906 136.258865 0.059439 -0.986526 -0.152422 0.277800 0.090800
5 -4.941600 -97.874878 133.179535 -0.846910 -0.519047 -0.115473 0.375000 0.085600
5 -2.699200 -100.109909 132.399277 -0.428035 -0.799561 -0.421293 0.350600 0.108000
ConmocionLance.jpg
5 -4.941600 -97.874878 133.179535 -0.846910 -0.519047 -0.115473 0.375000 0.085600
5 -5.679400 -93.593765 130.566925 -0.600392 0.718933 0.350236 0.436400 0.084700
5 -5.679400 -93.559357 128.643646 -0.899492 0.430587 -0.074221 0.447000 0.106200
ConmocionLance.jpg
5 -5.679400 -93.593765 130.566925 -0.600392 0.718933 0.350236 0.436400 0.084700
5 2.532300 -92.003807 127.474518 0.707147 0.501508 0.498431 0.534100 0.082900
5 2.532300 -90.299408 125.759598 0.585712 0.720175 0.371874 0.548100 0.110400
ConmocionLance.jpg
5 -12.356000 -68.742844 56.875298 -0.900901 0.416460 0.122223 0.668500 0.845400
5 -11.770900 -73.458244 61.499611 -0.891401 0.213713 0.399663 0.680200 0.772500
5 -3.856800 -66.114365 58.078125 0.377885 0.234434 0.895681 0.699900 0.855000
ConmocionLance.jpg
5 -0.971900 -94.315033 63.498375 -0.114130 -0.895112 -0.430985 0.590800 0.512100
5 -0.971900 -96.685066 70.732613 -0.146617 -0.940032 -0.307967 0.597200 0.415900
5 -9.994600 -85.735046 65.126106 -0.850059 -0.514231 -0.113866 0.649300 0.606200
ConmocionLance.jpg
5 -11.798300 -80.904053 58.854748 -0.881469 -0.406442 -0.240453 0.609900 0.710100
5 -9.994600 -85.735046 65.126106 -0.850059 -0.514231 -0.113866 0.649300 0.606200
5 -11.770900 -73.458244 61.499611 -0.891401 0.213713 0.399663 0.680200 0.772500
ConmocionLance.jpg
5 7.607200 -80.640953 65.995918 -0.951170 -0.103499 0.290798 0.403200 0.553900
5 3.727800 -83.689407 55.600025 -0.756794 0.481194 0.442396 0.467800 0.648100
5 6.851100 -90.862236 66.577347 -0.698006 0.597946 0.394016 0.524600 0.496600
ConmocionLance.jpg
5 6.851100 -90.862236 66.577347 -0.698006 0.597946 0.394016 0.524600 0.496600
5 11.380600 -87.157051 74.288788 -0.987696 0.133250 0.081856 0.457500 0.430700
5 7.607200 -80.640953 65.995918 -0.951170 -0.103499 0.290798 0.403200 0.553900
ConmocionLance.jpg
5 3.727800 -83.689407 55.600025 -0.756794 0.481194 0.442396 0.467800 0.648100
5 -0.970800 -84.145828 48.082092 0.255340 0.842622 0.474119 0.492600 0.736600
5 -0.970800 -89.125374 56.972733 -0.111606 0.812846 0.571686 0.536700 0.613700
ConmocionLance.jpg
5 -0.970800 -89.125374 56.972733 -0.111606 0.812846 0.571686 0.536700 0.613700
5 6.851100 -90.862236 66.577347 -0.698006 0.597946 0.394016 0.524600 0.496600
5 3.727800 -83.689407 55.600025 -0.756794 0.481194 0.442396 0.467800 0.648100
ConmocionLance.jpg
5 -0.970800 -89.125374 56.972733 -0.111606 0.812846 0.571686 0.536700 0.613700
5 -0.970800 -94.203865 63.720871 0.251073 0.853581 0.456466 0.590800 0.512100
5 6.851100 -90.862236 66.577347 -0.698006 0.597946 0.394016 0.524600 0.496600
ConmocionLance.jpg
5 8.559300 -79.968918 86.589867 -0.936196 -0.229229 -0.266441 0.336700 0.349200
5 11.380600 -87.157051 74.288788 -0.987696 0.133250 0.081856 0.457500 0.430700
5 7.592299 -91.887108 82.334152 -0.907442 0.368367 -0.202126 0.491200 0.295600
ConmocionLance.jpg
5 7.592299 -91.887108 82.334152 -0.907442 0.368367 -0.202126 0.491200 0.295600
5 5.516900 -85.158867 92.728127 -0.889932 -0.069724 -0.450732 0.378600 0.231100
5 8.559300 -79.968918 86.589867 -0.936196 -0.229229 -0.266441 0.336700 0.349200
ConmocionLance.jpg
5 6.851100 -90.862236 66.577347 -0.698006 0.597946 0.394016 0.524600 0.496600
5 -0.970800 -94.203865 63.720871 0.251073 0.853581 0.456466 0.590800 0.512100
5 -0.970800 -96.549782 70.879913 -0.090337 0.945544 0.312707 0.597200 0.415900
ConmocionLance.jpg
5 -0.970800 -96.549782 70.879913 -0.090337 0.945544 0.312707 0.597200 0.415900
5 3.727800 -95.543823 75.464981 -0.650300 0.745069 0.148263 0.564500 0.357900
5 6.851100 -90.862236 66.577347 -0.698006 0.597946 0.394016 0.524600 0.496600
ConmocionLance.jpg
5 0.549100 -73.472832 96.442154 -0.313155 -0.538591 -0.782211 0.201700 0.243100
5 8.559300 -79.968918 86.589867 -0.936196 -0.229229 -0.266441 0.336700 0.349200
5 5.516900 -85.158867 92.728127 -0.889932 -0.069724 -0.450732 0.378600 0.231100
ConmocionLance.jpg
5 4.582100 -74.240097 78.917343 -0.859030 -0.511422 0.022706 0.293100 0.449000
5 0.549100 -68.225266 90.740295 -0.109889 -0.969080 -0.220924 0.178000 0.342000
5 0.549100 -67.966545 86.240395 -0.016055 -0.998223 -0.057392 0.190200 0.390300
ConmocionLance.jpg
5 8.559300 -79.968918 86.589867 -0.936196 -0.229229 -0.266441 0.336700 0.349200
5 0.549100 -73.472832 96.442154 -0.313155 -0.538591 -0.782211 0.201700 0.243100
5 0.549100 -68.225266 90.740295 -0.109889 -0.969080 -0.220924 0.178000 0.342000
ConmocionLance.jpg
5 4.582100 -74.240097 78.917343 -0.859030 -0.511422 0.022706 0.293100 0.449000
5 7.607200 -80.640953 65.995918 -0.951170 -0.103499 0.290798 0.403200 0.553900
5 11.380600 -87.157051 74.288788 -0.987696 0.133250 0.081856 0.457500 0.430700
ConmocionLance.jpg
5 11.380600 -87.157051 74.288788 -0.987696 0.133250 0.081856 0.457500 0.430700
5 8.559300 -79.968918 86.589867 -0.936196 -0.229229 -0.266441 0.336700 0.349200
5 4.582100 -74.240097 78.917343 -0.859030 -0.511422 0.022706 0.293100 0.449000
ConmocionLance.jpg
5 3.727800 -95.543823 75.464981 -0.650300 0.745069 0.148263 0.564500 0.357900
5 7.592299 -91.887108 82.334152 -0.907442 0.368367 -0.202126 0.491200 0.295600
5 11.380600 -87.157051 74.288788 -0.987696 0.133250 0.081856 0.457500 0.430700
ConmocionLance.jpg
5 11.380600 -87.157051 74.288788 -0.987696 0.133250 0.081856 0.457500 0.430700
5 6.851100 -90.862236 66.577347 -0.698006 0.597946 0.394016 0.524600 0.496600
5 3.727800 -95.543823 75.464981 -0.650300 0.745069 0.148263 0.564500 0.357900
ConmocionLance.jpg
5 0.549100 -68.225266 90.740295 -0.109889 -0.969080 -0.220924 0.598000 0.933500
5 -10.995800 -81.041504 93.575272 0.941726 -0.312196 -0.125243 0.417600 0.872800
5 -6.597800 -78.993805 85.921700 0.899475 -0.326717 0.290172 0.417500 0.982400
ConmocionLance.jpg
5 -6.597800 -78.993805 85.921700 0.899475 -0.326717 0.290172 0.417500 0.982400
5 0.549100 -67.966545 86.240395 -0.016055 -0.998223 -0.057392 0.582500 0.993200
5 0.549100 -68.225266 90.740295 -0.109889 -0.969080 -0.220924 0.598000 0.933500
ConmocionLance.jpg
5 0.549100 -73.472832 96.442154 -0.313155 -0.538591 -0.782211 0.568000 0.812700
5 -10.995800 -81.041504 93.575272 0.941726 -0.312196 -0.125243 0.417600 0.872800
5 0.549100 -68.225266 90.740295 -0.109889 -0.969080 -0.220924 0.598000 0.933500
ConmocionLance.jpg
5 0.549100 -81.232010 100.070526 -0.486509 -0.370086 -0.791420 0.427900 0.730600
5 -5.261500 -84.631805 101.557396 0.583962 -0.408989 -0.701225 0.392400 0.754200
5 0.549100 -73.472832 96.442154 -0.313155 -0.538591 -0.782211 0.568000 0.812700
ConmocionLance.jpg
5 0.549100 -73.472832 96.442154 -0.313155 -0.538591 -0.782211 0.568000 0.812700
5 -5.261500 -84.631805 101.557396 0.583962 -0.408989 -0.701225 0.392400 0.754200
5 -10.995800 -81.041504 93.575272 0.941726 -0.312196 -0.125243 0.417600 0.872800
ConmocionLance.jpg
5 -10.995800 -81.041504 93.575272 0.941726 -0.312196 -0.125243 0.417600 0.872800
5 -9.654900 -92.637894 98.754692 0.883306 0.449334 -0.133676 0.267300 0.740100
5 -5.664400 -94.465157 92.993713 0.775555 0.477897 0.412466 0.217400 0.808700
ConmocionLance.jpg
5 -5.664400 -94.465157 92.993713 0.775555 0.477897 0.412466 0.217400 0.808700
5 -6.597800 -78.993805 85.921700 0.899475 -0.326717 0.290172 0.417500 0.982400
5 -10.995800 -81.041504 93.575272 0.941726 -0.312196 -0.125243 0.417600 0.872800
ConmocionLance.jpg
5 -5.261500 -84.631805 101.557396 0.583962 -0.408989 -0.701225 0.392400 0.754200
5 -6.319901 -90.881966 104.259109 0.837630 0.192112 -0.511340 0.310500 0.662500
5 -9.654900 -92.637894 98.754692 0.883306 0.449334 -0.133676 0.267300 0.740100
ConmocionLance.jpg
5 -9.654900 -92.637894 98.754692 0.883306 0.449334 -0.133676 0.267300 0.740100
5 -10.995800 -81.041504 93.575272 0.941726 -0.312196 -0.125243 0.417600 0.872800
5 -5.261500 -84.631805 101.557396 0.583962 -0.408989 -0.701225 0.392400 0.754200
ConmocionLance.jpg
5 -9.654900 -92.637894 98.754692 0.883306 0.449334 -0.133676 0.267300 0.740100
5 -1.210900 -98.897476 97.053108 0.167886 0.938052 0.303104 0.160300 0.721300
5 -5.664400 -94.465157 92.993713 0.775555 0.477897 0.412466 0.217400 0.808700
ConmocionLance.jpg
5 -9.654900 -92.637894 98.754692 0.883306 0.449334 -0.133676 0.267300 0.740100
5 -0.189600 -100.707085 104.926918 -0.003206 0.975789 -0.218692 0.159800 0.599300
5 -0.368700 -100.232269 101.000381 -0.336742 0.909721 0.242923 0.151700 0.658100
ConmocionLance.jpg
5 -6.319901 -90.881966 104.259109 0.837630 0.192112 -0.511340 0.310500 0.662500
5 2.294500 -97.892982 111.994049 -0.523415 0.839732 -0.144519 0.226800 0.501300
5 -0.189600 -100.707085 104.926918 -0.003206 0.975789 -0.218692 0.159800 0.599300
ConmocionLance.jpg
5 -0.189600 -100.707085 104.926918 -0.003206 0.975789 -0.218692 0.159800 0.599300
5 -9.654900 -92.637894 98.754692 0.883306 0.449334 -0.133676 0.267300 0.740100
5 -6.319901 -90.881966 104.259109 0.837630 0.192112 -0.511340 0.310500 0.662500
ConmocionLance.jpg
5 -1.210900 -98.897476 97.053108 0.167886 0.938052 0.303104 0.160300 0.721300
5 -9.654900 -92.637894 98.754692 0.883306 0.449334 -0.133676 0.267300 0.740100
5 -0.368700 -100.232269 101.000381 -0.336742 0.909721 0.242923 0.151700 0.658100
ConmocionLance.jpg
5 2.499700 -89.786751 123.383560 -0.726831 -0.625084 -0.284580 0.563600 0.134500
5 5.400300 -91.894348 115.069221 -0.991381 0.126727 0.033215 0.668000 0.168100
5 5.026600 -94.698425 116.654816 -0.967843 0.233531 -0.093500 0.668700 0.125500
ConmocionLance.jpg
5 5.026600 -94.698425 116.654816 -0.967843 0.233531 -0.093500 0.668700 0.125500
5 2.499700 -90.298126 125.624763 -0.593786 -0.704205 -0.389246 0.548100 0.110400
5 2.499700 -89.786751 123.383560 -0.726831 -0.625084 -0.284580 0.563600 0.134500
ConmocionLance.jpg
5 5.400300 -91.894348 115.069221 -0.991381 0.126727 0.033215 0.668000 0.168100
5 3.354600 -95.504501 109.540314 -0.934924 0.281346 0.216244 0.753500 0.168300
5 3.354600 -96.931229 110.703209 -0.872962 0.475424 0.109131 0.748100 0.144600
ConmocionLance.jpg
5 3.354600 -96.931229 110.703209 -0.872962 0.475424 0.109131 0.748100 0.144600
5 5.026600 -94.698425 116.654816 -0.967843 0.233531 -0.093500 0.668700 0.125500
5 5.400300 -91.894348 115.069221 -0.991381 0.126727 0.033215 0.668000 0.168100
ConmocionLance.jpg
5 2.499700 -90.298126 125.624763 -0.593786 -0.704205 -0.389246 0.548100 0.110400
5 5.026600 -94.698425 116.654816 -0.967843 0.233531 -0.093500 0.668700 0.125500
5 3.606600 -97.471001 118.227318 -0.963925 0.242888 -0.108877 0.668500 0.084100
ConmocionLance.jpg
5 3.606600 -97.471001 118.227318 -0.963925 0.242888 -0.108877 0.668500 0.084100
5 2.499700 -91.937950 127.115311 -0.725863 -0.462657 -0.508991 0.534100 0.082900
5 2.499700 -90.298126 125.624763 -0.593786 -0.704205 -0.389246 0.548100 0.110400
ConmocionLance.jpg
5 5.026600 -94.698425 116.654816 -0.967843 0.233531 -0.093500 0.668700 0.125500
5 3.354600 -96.931229 110.703209 -0.872962 0.475424 0.109131 0.748100 0.144600
5 2.294500 -97.892982 111.994049 -0.523415 0.839732 -0.144519 0.739800 0.123900
ConmocionLance.jpg
5 2.294500 -97.892982 111.994049 -0.523415 0.839732 -0.144519 0.739800 0.123900
5 3.606600 -97.471001 118.227318 -0.963925 0.242888 -0.108877 0.668500 0.084100
5 5.026600 -94.698425 116.654816 -0.967843 0.233531 -0.093500 0.668700 0.125500
ConmocionLance.jpg
5 3.354600 -95.504501 109.540314 -0.934924 0.281346 0.216244 0.753500 0.168300
5 0.853700 -98.724495 102.558006 -0.877548 0.427200 0.217738 0.855600 0.168700
5 0.469400 -99.896225 103.676964 -0.841992 0.515854 0.157939 0.849200 0.148300
ConmocionLance.jpg
5 0.469400 -99.896225 103.676964 -0.841992 0.515854 0.157939 0.849200 0.148300
5 3.354600 -96.931229 110.703209 -0.872962 0.475424 0.109131 0.748100 0.144600
5 3.354600 -95.504501 109.540314 -0.934924 0.281346 0.216244 0.753500 0.168300
ConmocionLance.jpg
5 3.354600 -96.931229 110.703209 -0.872962 0.475424 0.109131 0.748100 0.144600
5 0.469400 -99.896225 103.676964 -0.841992 0.515854 0.157939 0.849200 0.148300
5 -0.189600 -100.707085 104.926918 -0.003206 0.975789 -0.218692 0.840500 0.129700
ConmocionLance.jpg
5 -0.189600 -100.707085 104.926918 -0.003206 0.975789 -0.218692 0.840500 0.129700
5 2.294500 -97.892982 111.994049 -0.523415 0.839732 -0.144519 0.739800 0.123900
5 3.354600 -96.931229 110.703209 -0.872962 0.475424 0.109131 0.748100 0.144600
ConmocionLance.jpg
5 0.853700 -98.724495 102.558006 -0.877548 0.427200 0.217738 0.855600 0.168700
5 -1.210900 -98.897476 97.053108 0.167886 0.938052 0.303104 0.920700 0.168900
5 -0.368700 -100.232269 101.000381 -0.336742 0.909721 0.242923 0.885600 0.153800
ConmocionLance.jpg
5 -0.368700 -100.232269 101.000381 -0.336742 0.909721 0.242923 0.885600 0.153800
5 0.469400 -99.896225 103.676964 -0.841992 0.515854 0.157939 0.849200 0.148300
5 0.853700 -98.724495 102.558006 -0.877548 0.427200 0.217738 0.855600 0.168700
ConmocionLance.jpg
5 0.131700 -95.931465 140.315811 -0.700470 -0.706400 -0.101692 0.208600 0.173200
5 2.636300 -97.221809 135.844208 -0.934382 -0.292524 0.203372 0.270100 0.168600
5 3.602100 -98.999664 137.724319 -0.980015 0.095588 0.174451 0.244400 0.136700
ConmocionLance.jpg
5 3.602100 -98.999664 137.724319 -0.980015 0.095588 0.174451 0.244400 0.136700
5 0.697000 -96.331322 142.825226 -0.853468 -0.460495 -0.244002 0.173300 0.158700
5 0.131700 -95.931465 140.315811 -0.700470 -0.706400 -0.101692 0.208600 0.173200
ConmocionLance.jpg
5 2.636300 -97.221809 135.844208 -0.934382 -0.292524 0.203372 0.270100 0.168600
5 0.700900 -99.451111 133.671875 -0.665735 0.371199 0.647308 0.310100 0.136600
5 3.602100 -98.999664 137.724319 -0.980015 0.095588 0.174451 0.244400 0.136700
ConmocionLance.jpg
5 0.697000 -96.331322 142.825226 -0.853468 -0.460495 -0.244002 0.173300 0.158700
5 3.602100 -98.999664 137.724319 -0.980015 0.095588 0.174451 0.244400 0.136700
5 3.172000 -100.137657 139.636780 -0.982015 0.070942 -0.174969 0.210800 0.111800
ConmocionLance.jpg
5 3.172000 -100.137657 139.636780 -0.982015 0.070942 -0.174969 0.210800 0.111800
5 0.147800 -97.631653 145.209061 -0.890955 -0.279619 -0.357789 0.136700 0.137900
5 0.697000 -96.331322 142.825226 -0.853468 -0.460495 -0.244002 0.173300 0.158700
ConmocionLance.jpg
5 3.602100 -98.999664 137.724319 -0.980015 0.095588 0.174451 0.244400 0.136700
5 -0.233200 -101.328400 134.197403 -0.396609 0.780525 0.483199 0.306600 0.110900
5 -0.272300 -101.721001 136.282089 -0.048799 0.985735 0.161076 0.277800 0.090800
ConmocionLance.jpg
5 -0.272300 -101.721001 136.282089 -0.048799 0.985735 0.161076 0.277800 0.090800
5 3.172000 -100.137657 139.636780 -0.982015 0.070942 -0.174969 0.210800 0.111800
5 3.602100 -98.999664 137.724319 -0.980015 0.095588 0.174451 0.244400 0.136700
ConmocionLance.jpg
5 0.469400 -99.896225 103.676964 -0.841992 0.515854 0.157939 0.849200 0.148300
5 -0.368700 -100.232269 101.000381 -0.336742 0.909721 0.242923 0.885600 0.153800
5 -0.189600 -100.707085 104.926918 -0.003206 0.975789 -0.218692 0.840500 0.129700
ConmocionLance.jpg
5 2.409400 -60.928020 41.059887 -0.761046 -0.648533 0.014586 0.595500 0.377000
5 2.468700 -63.344360 28.736771 -0.952233 -0.063639 0.298668 0.660500 0.515800
5 5.117400 -65.537361 31.065411 -0.963422 -0.035571 0.265617 0.679600 0.481800
ConmocionLance.jpg
5 5.117400 -65.537361 31.065411 -0.963422 -0.035571 0.265617 0.679600 0.481800
5 5.117400 -64.522766 42.974815 -0.966710 -0.150113 -0.207214 0.632400 0.343700
5 2.409400 -60.928020 41.059887 -0.761046 -0.648533 0.014586 0.595500 0.377000
ConmocionLance.jpg
5 2.468700 -63.344360 28.736771 -0.952233 -0.063639 0.298668 0.660500 0.515800
5 -1.107400 -64.737473 18.915512 -0.831770 0.504646 0.231280 0.713600 0.639700
5 -1.107400 -64.972328 19.427998 -0.897479 0.189693 0.398182 0.714900 0.633800
ConmocionLance.jpg
5 -1.107400 -64.972328 19.427998 -0.897479 0.189693 0.398182 0.714900 0.633800
5 5.117400 -65.537361 31.065411 -0.963422 -0.035571 0.265617 0.679600 0.481800
5 2.468700 -63.344360 28.736771 -0.952233 -0.063639 0.298668 0.660500 0.515800
ConmocionLance.jpg
5 5.117400 -65.537361 31.065411 -0.963422 -0.035571 0.265617 0.679600 0.481800
5 -1.107400 -64.972328 19.427998 -0.897479 0.189693 0.398182 0.714900 0.633800
5 -1.107400 -68.227432 23.311581 -0.716398 0.591569 0.369891 0.735700 0.565700
ConmocionLance.jpg
5 -1.107400 -68.227432 23.311581 -0.716398 0.591569 0.369891 0.735700 0.565700
5 3.130000 -69.119400 34.462109 -0.847061 0.523721 0.090570 0.712000 0.431000
5 5.117400 -65.537361 31.065411 -0.963422 -0.035571 0.265617 0.679600 0.481800
ConmocionLance.jpg
5 -1.107400 -58.461159 48.627266 -0.063263 -0.978850 -0.194552 0.544000 0.294700
5 2.409400 -60.928020 41.059887 -0.761046 -0.648533 0.014586 0.595500 0.377000
5 5.117400 -64.522766 42.974815 -0.966710 -0.150113 -0.207214 0.632400 0.343700
ConmocionLance.jpg
5 5.117400 -64.522766 42.974815 -0.966710 -0.150113 -0.207214 0.632400 0.343700
5 -3.100500 -61.570381 56.070061 -0.495552 -0.458076 -0.737967 0.555100 0.189100
5 -1.107400 -58.461159 48.627266 -0.063263 -0.978850 -0.194552 0.544000 0.294700
ConmocionLance.jpg
5 -3.100500 -61.570381 56.070061 -0.495552 -0.458076 -0.737967 0.555100 0.189100
5 5.117400 -64.522766 42.974815 -0.966710 -0.150113 -0.207214 0.632400 0.343700
5 3.130000 -68.941040 45.829651 -0.919492 0.142325 -0.366439 0.676300 0.296900
ConmocionLance.jpg
5 3.130000 -68.941040 45.829651 -0.919492 0.142325 -0.366439 0.676300 0.296900
5 -3.828100 -66.114601 57.628922 -0.161983 -0.431171 -0.887611 0.608000 0.159200
5 -3.100500 -61.570381 56.070061 -0.495552 -0.458076 -0.737967 0.555100 0.189100
ConmocionLance.jpg
5 5.117400 -64.522766 42.974815 -0.966710 -0.150113 -0.207214 0.632400 0.343700
5 5.117400 -65.537361 31.065411 -0.963422 -0.035571 0.265617 0.679600 0.481800
5 3.130000 -69.119400 34.462109 -0.847061 0.523721 0.090570 0.712000 0.431000
ConmocionLance.jpg
5 3.130000 -69.119400 34.462109 -0.847061 0.523721 0.090570 0.712000 0.431000
5 3.130000 -68.941040 45.829651 -0.919492 0.142325 -0.366439 0.676300 0.296900
5 5.117400 -64.522766 42.974815 -0.966710 -0.150113 -0.207214 0.632400 0.343700
ConmocionLance.jpg
5 -3.100500 -61.570381 56.070061 -0.495552 -0.458076 -0.737967 0.722100 0.907600
5 -3.828100 -66.114601 57.628922 -0.161983 -0.431171 -0.887611 0.699900 0.855000
5 -11.685600 -68.859879 57.007008 0.898326 -0.416687 -0.139222 0.668500 0.845400
ConmocionLance.jpg
5 -1.107400 -58.461159 48.627266 -0.063263 -0.978850 -0.194552 0.671100 0.988800
5 -3.100500 -61.570381 56.070061 -0.495552 -0.458076 -0.737967 0.722100 0.907600
5 -11.685600 -68.859879 57.007008 0.898326 -0.416687 -0.139222 0.668500 0.845400
ConmocionLance.jpg
5 -11.685600 -68.859879 57.007008 0.898326 -0.416687 -0.139222 0.668500 0.845400
5 -9.621900 -67.665649 52.820663 0.883736 -0.315500 0.345645 0.637900 0.887300
5 -1.107400 -58.461159 48.627266 -0.063263 -0.978850 -0.194552 0.671100 0.988800
ConmocionLance.jpg
5 -11.685600 -68.859879 57.007008 0.898326 -0.416687 -0.139222 0.668500 0.845400
5 -11.049100 -80.947502 59.139694 0.844578 0.447715 0.293664 0.609900 0.710100
5 -8.502500 -78.804482 51.148048 0.868285 0.282823 0.407544 0.559000 0.778100
ConmocionLance.jpg
5 -8.502500 -78.804482 51.148048 0.868285 0.282823 0.407544 0.559000 0.778100
5 -9.621900 -67.665649 52.820663 0.883736 -0.315500 0.345645 0.637900 0.887300
5 -11.685600 -68.859879 57.007008 0.898326 -0.416687 -0.139222 0.668500 0.845400
ConmocionLance.jpg
5 -11.674800 -73.449371 61.263542 0.932941 -0.196437 -0.301716 0.680200 0.772500
5 -11.049100 -80.947502 59.139694 0.844578 0.447715 0.293664 0.609900 0.710100
5 -11.685600 -68.859879 57.007008 0.898326 -0.416687 -0.139222 0.668500 0.845400
ConmocionLance.jpg
5 -0.970800 -89.125374 56.972733 -0.111606 0.812846 0.571686 0.536700 0.613700
5 -11.049100 -80.947502 59.139694 0.844578 0.447715 0.293664 0.609900 0.710100
5 -0.970800 -94.203865 63.720871 0.251073 0.853581 0.456466 0.590800 0.512100
ConmocionLance.jpg
5 -11.049100 -80.947502 59.139694 0.844578 0.447715 0.293664 0.609900 0.710100
5 -9.911600 -85.725655 65.336037 0.840098 0.512511 0.177674 0.649300 0.606200
5 -0.970800 -94.203865 63.720871 0.251073 0.853581 0.456466 0.590800 0.512100
ConmocionLance.jpg
5 -0.970800 -84.145828 48.082092 0.255340 0.842622 0.474119 0.492600 0.736600
5 -8.502500 -78.804482 51.148048 0.868285 0.282823 0.407544 0.559000 0.778100
5 -11.049100 -80.947502 59.139694 0.844578 0.447715 0.293664 0.609900 0.710100
ConmocionLance.jpg
5 -11.049100 -80.947502 59.139694 0.844578 0.447715 0.293664 0.609900 0.710100
5 -0.970800 -89.125374 56.972733 -0.111606 0.812846 0.571686 0.536700 0.613700
5 -0.970800 -84.145828 48.082092 0.255340 0.842622 0.474119 0.492600 0.736600
ConmocionLance.jpg
5 2.499700 -90.298126 125.624763 -0.593786 -0.704205 -0.389246 0.548100 0.110400
5 -5.523900 -93.699089 128.601364 0.907132 -0.415270 0.068274 0.447000 0.106200
5 2.499700 -89.786751 123.383560 -0.726831 -0.625084 -0.284580 0.563600 0.134500
ConmocionLance.jpg
5 2.499700 -90.298126 125.624763 -0.593786 -0.704205 -0.389246 0.548100 0.110400
5 -5.523900 -93.733116 130.506317 0.604811 -0.704048 -0.372182 0.436400 0.084700
5 -5.523900 -93.699089 128.601364 0.907132 -0.415270 0.068274 0.447000 0.106200
ConmocionLance.jpg
5 -5.523900 -93.699089 128.601364 0.907132 -0.415270 0.068274 0.447000 0.106200
5 -4.778700 -97.856133 133.155212 0.845201 0.522748 0.111214 0.375000 0.085600
5 -2.681600 -99.943497 132.403946 0.433526 0.804910 0.405185 0.350600 0.108000
ConmocionLance.jpg
5 -2.681600 -99.943497 132.403946 0.433526 0.804910 0.405185 0.350600 0.108000
5 -0.272300 -101.721001 136.282089 -0.048799 0.985735 0.161076 0.277800 0.090800
5 -0.233200 -101.328400 134.197403 -0.396609 0.780525 0.483199 0.306600 0.110900
ConmocionLance.jpg
5 0.549100 -68.225266 90.740295 -0.109889 -0.969080 -0.220924 0.178000 0.342000
5 4.582100 -74.240097 78.917343 -0.859030 -0.511422 0.022706 0.293100 0.449000
5 8.559300 -79.968918 86.589867 -0.936196 -0.229229 -0.266441 0.336700 0.349200
ConmocionLance.jpg
5 0.549100 -73.472832 96.442154 -0.313155 -0.538591 -0.782211 0.201700 0.243100
5 5.516900 -85.158867 92.728127 -0.889932 -0.069724 -0.450732 0.378600 0.231100
5 0.549100 -81.232010 100.070526 -0.486509 -0.370086 -0.791420 0.312700 0.173700
ConmocionLance.jpg
5 -0.233200 -101.328400 134.197403 -0.396609 0.780525 0.483199 0.306600 0.110900
5 0.700900 -99.451111 133.671875 -0.665735 0.371199 0.647308 0.310100 0.136600
5 -2.681600 -99.943497 132.403946 0.433526 0.804910 0.405185 0.350600 0.108000
ConmocionLance.jpg
5 3.602100 -98.999664 137.724319 -0.980015 0.095588 0.174451 0.244400 0.136700
5 0.700900 -99.451111 133.671875 -0.665735 0.371199 0.647308 0.310100 0.136600
5 -0.233200 -101.328400 134.197403 -0.396609 0.780525 0.483199 0.306600 0.110900
ConmocionLance.jpg
5 -0.272300 -101.721001 136.282089 -0.048799 0.985735 0.161076 0.277800 0.090800
5 -2.681600 -99.943497 132.403946 0.433526 0.804910 0.405185 0.350600 0.108000
5 -4.778700 -97.856133 133.155212 0.845201 0.522748 0.111214 0.375000 0.085600
ConmocionLance.jpg
5 -4.778700 -97.856133 133.155212 0.845201 0.522748 0.111214 0.375000 0.085600
5 -5.523900 -93.699089 128.601364 0.907132 -0.415270 0.068274 0.447000 0.106200
5 -5.523900 -93.733116 130.506317 0.604811 -0.704048 -0.372182 0.436400 0.084700
ConmocionLance.jpg
5 -5.523900 -93.733116 130.506317 0.604811 -0.704048 -0.372182 0.436400 0.084700
5 2.499700 -90.298126 125.624763 -0.593786 -0.704205 -0.389246 0.548100 0.110400
5 2.499700 -91.937950 127.115311 -0.725863 -0.462657 -0.508991 0.534100 0.082900
ConmocionLance.jpg
5 -11.685600 -68.859879 57.007008 0.898326 -0.416687 -0.139222 0.668500 0.845400
5 -3.828100 -66.114601 57.628922 -0.161983 -0.431171 -0.887611 0.699900 0.855000
5 -11.674800 -73.449371 61.263542 0.932941 -0.196437 -0.301716 0.680200 0.772500
ConmocionLance.jpg
5 -0.970800 -94.203865 63.720871 0.251073 0.853581 0.456466 0.590800 0.512100
5 -9.911600 -85.725655 65.336037 0.840098 0.512511 0.177674 0.649300 0.606200
5 -0.970800 -96.549782 70.879913 -0.090337 0.945544 0.312707 0.597200 0.415900
ConmocionLance.jpg
5 -11.049100 -80.947502 59.139694 0.844578 0.447715 0.293664 0.609900 0.710100
5 -11.674800 -73.449371 61.263542 0.932941 -0.196437 -0.301716 0.680200 0.772500
5 -9.911600 -85.725655 65.336037 0.840098 0.512511 0.177674 0.649300 0.606200
ConmocionLance.jpg
5 -1.109800 -58.197155 48.228561 0.004540 0.995966 0.089619 0.544000 0.294700
5 -2.726400 -60.899612 56.557610 0.272294 0.626447 0.730356 0.555100 0.189100
5 6.380000 -64.317360 42.521427 0.959051 0.104696 0.263173 0.632400 0.343700
ConmocionLance.jpg
5 6.380000 -64.317360 42.521427 0.959051 0.104696 0.263173 0.632400 0.343700
5 -2.726400 -60.899612 56.557610 0.272294 0.626447 0.730356 0.555100 0.189100
5 -3.856800 -66.114365 58.078125 0.377885 0.234434 0.895681 0.608000 0.159200
ConmocionLance.jpg
5 -12.356000 -68.742844 56.875298 -0.900901 0.416460 0.122223 0.668500 0.845400
5 -2.726400 -60.899612 56.557610 0.272294 0.626447 0.730356 0.722100 0.907600
5 -1.109800 -58.197155 48.228561 0.004540 0.995966 0.089619 0.671100 0.988800
ConmocionLance.jpg
5 6.909400 -90.923767 66.380203 0.708890 -0.575800 -0.407345 0.524600 0.496600
5 -0.971900 -89.173386 56.680008 -0.223523 -0.818271 -0.529594 0.536700 0.613700
5 -0.971900 -84.134323 47.700352 0.452340 -0.699658 -0.553053 0.492600 0.736600
ConmocionLance.jpg
5 -0.971900 -84.134323 47.700352 0.452340 -0.699658 -0.553053 0.492600 0.736600
5 -0.807600 -84.204742 48.068329 0.821758 -0.349767 -0.449864 0.492400 0.732200
5 6.909400 -90.923767 66.380203 0.708890 -0.575800 -0.407345 0.524600 0.496600
ConmocionLance.jpg
5 3.772200 -95.664711 75.370323 0.606948 -0.773706 -0.181642 0.564500 0.357900
5 -0.971900 -96.685066 70.732613 -0.146617 -0.940032 -0.307967 0.597200 0.415900
5 -0.971900 -94.315033 63.498375 -0.114130 -0.895112 -0.430985 0.590800 0.512100
ConmocionLance.jpg
5 11.467200 -87.178276 74.157341 0.958464 -0.251551 -0.134422 0.457500 0.430700
5 6.909400 -90.923767 66.380203 0.708890 -0.575800 -0.407345 0.524600 0.496600
5 3.772200 -83.675667 55.293549 0.859434 -0.275819 -0.430461 0.467800 0.648100
ConmocionLance.jpg
5 11.467200 -87.178276 74.157341 0.958464 -0.251551 -0.134422 0.457500 0.430700
5 7.665100 -91.961945 82.303658 0.892783 -0.402036 0.203239 0.491200 0.295600
5 3.772200 -95.664711 75.370323 0.606948 -0.773706 -0.181642 0.564500 0.357900
ConmocionLance.jpg
5 -0.971900 -89.173386 56.680008 -0.223523 -0.818271 -0.529594 0.536700 0.613700
5 -11.798300 -80.904053 58.854748 -0.881469 -0.406442 -0.240453 0.609900 0.710100
5 -8.571900 -78.742310 50.793671 -0.799709 -0.390662 -0.455905 0.559000 0.778100
ConmocionLance.jpg
5 0.958400 -98.826675 102.587570 0.919850 -0.326392 -0.217587 0.855600 0.168700
5 0.652400 -100.009834 103.717300 0.879358 -0.455578 -0.138486 0.849200 0.148300
5 -0.061000 -100.673256 101.032211 0.429686 -0.871752 -0.235413 0.885600 0.153800
ConmocionLance.jpg
5 -1.109800 -64.774796 18.735752 0.883483 -0.159262 -0.440560 0.714900 0.633800
5 -1.109800 -62.474426 13.719505 0.825131 -0.513520 -0.235492 0.702500 0.691700
5 2.600900 -63.127617 28.145641 0.853192 0.411971 -0.319911 0.660500 0.515800
ConmocionLance.jpg
5 6.380000 -65.341797 30.496822 0.949340 0.061366 -0.308201 0.679600 0.481800
5 3.262300 -68.958511 33.926327 0.741643 -0.666492 -0.075855 0.712000 0.431000
5 -1.109800 -68.058945 22.667606 0.639134 -0.669110 -0.379210 0.735700 0.565700
ConmocionLance.jpg
5 2.468700 -63.344360 28.736771 -0.952233 -0.063639 0.298668 0.660500 0.515800
5 -1.107400 -62.692596 14.453987 -0.831781 0.504625 0.231287 0.702500 0.691700
5 -1.107400 -64.737473 18.915512 -0.831770 0.504646 0.231280 0.713600 0.639700
ConmocionLance.jpg
5 9.357100 -79.910202 86.547394 0.937179 0.265108 0.226746 0.336700 0.349200
5 11.467200 -87.178276 74.157341 0.958464 -0.251551 -0.134422 0.457500 0.430700
5 7.679999 -80.594482 65.777260 0.915382 0.357525 -0.185072 0.403200 0.553900
ConmocionLance.jpg
5 48.497639 -3.369966 67.098907 0.578088 -0.503781 -0.641887 0.944800 0.994300
5 52.265305 1.489861 71.559402 0.327185 0.498307 -0.802895 0.876000 0.935100
5 51.799316 0.595832 73.731491 0.606770 0.718319 -0.340364 0.890200 0.909900
ConmocionLance.jpg
5 51.799316 0.595832 73.731491 0.606770 0.718319 -0.340364 0.890200 0.909900
5 49.572502 -3.779636 70.666412 0.908638 -0.332282 -0.252914 0.943800 0.949700
5 48.497639 -3.369966 67.098907 0.578088 -0.503781 -0.641887 0.944800 0.994300
ConmocionLance.jpg
5 54.021835 0.900777 85.465881 -0.216712 -0.060169 -0.974380 0.882400 0.765900
5 51.453041 -9.147215 84.840218 0.640587 -0.695312 -0.325866 0.992000 0.776300
5 51.730835 -0.303501 78.336357 0.660892 0.739183 -0.129730 0.903800 0.854900
ConmocionLance.jpg
5 51.453041 -9.147215 84.840218 0.640587 -0.695312 -0.325866 0.992000 0.776300
5 57.640701 -0.868821 88.246758 0.739038 -0.606087 -0.294078 0.872100 0.725800
5 52.292709 -9.225842 90.354942 0.621657 -0.783231 0.009613 0.992000 0.709000
ConmocionLance.jpg
5 54.021835 0.900777 85.465881 -0.216712 -0.060169 -0.974380 0.882400 0.765900
5 57.733978 1.235466 84.922585 0.579066 -0.513868 -0.632947 0.849000 0.765700
5 57.640701 -0.868821 88.246758 0.739038 -0.606087 -0.294078 0.872100 0.725800
ConmocionLance.jpg
5 57.640701 -0.868821 88.246758 0.739038 -0.606087 -0.294078 0.872100 0.725800
5 60.576141 2.800917 89.017441 0.907422 -0.379887 -0.179642 0.816600 0.711900
5 59.838242 2.241708 90.682571 0.891273 -0.403279 0.207361 0.829400 0.693300
ConmocionLance.jpg
5 60.576141 2.800917 89.017441 0.907422 -0.379887 -0.179642 0.816600 0.711900
5 62.220512 5.361306 90.598312 0.896446 -0.442985 0.012177 0.782200 0.690500
5 59.776619 5.847634 92.649559 0.461288 0.353927 0.813603 0.799800 0.670600
ConmocionLance.jpg
5 59.776619 5.847634 92.649559 0.461288 0.353927 0.813603 0.799800 0.670600
5 59.838242 2.241708 90.682571 0.891273 -0.403279 0.207361 0.829400 0.693300
5 60.576141 2.800917 89.017441 0.907422 -0.379887 -0.179642 0.816600 0.711900
ConmocionLance.jpg
5 62.220512 5.361306 90.598312 0.896446 -0.442985 0.012177 0.782200 0.690500
5 64.129227 10.649837 92.163818 0.659717 0.645780 0.384371 0.721400 0.669300
5 59.776619 5.847634 92.649559 0.461288 0.353927 0.813603 0.799800 0.670600
ConmocionLance.jpg
5 51.986145 -8.035370 97.772690 0.650511 -0.677625 0.343015 0.992000 0.621200
5 57.526932 -1.815182 93.865395 0.807723 -0.565540 0.166577 0.887700 0.658900
5 54.081253 -1.697962 100.327995 0.159480 -0.004123 0.987193 0.921500 0.588000
ConmocionLance.jpg
5 54.081253 -1.697962 100.327995 0.159480 -0.004123 0.987193 0.921500 0.588000
5 50.281502 -6.032018 101.543442 0.150493 -0.014093 0.988511 0.992000 0.579700
5 51.986145 -8.035370 97.772690 0.650511 -0.677625 0.343015 0.992000 0.621200
ConmocionLance.jpg
5 59.838242 2.241708 90.682571 0.891273 -0.403279 0.207361 0.829400 0.693300
5 57.526932 -1.815182 93.865395 0.807723 -0.565540 0.166577 0.887700 0.658900
5 57.640701 -0.868821 88.246758 0.739038 -0.606087 -0.294078 0.872100 0.725800
ConmocionLance.jpg
5 59.776619 5.847634 92.649559 0.461288 0.353927 0.813603 0.799800 0.670600
5 57.526932 -1.815182 93.865395 0.807723 -0.565540 0.166577 0.887700 0.658900
5 59.838242 2.241708 90.682571 0.891273 -0.403279 0.207361 0.829400 0.693300
ConmocionLance.jpg
5 59.776619 5.847634 92.649559 0.461288 0.353927 0.813603 0.799800 0.670600
5 62.076118 7.287950 98.513275 0.664911 0.739336 -0.106185 0.774900 0.596700
5 60.400665 2.321373 99.982475 0.828862 -0.556711 0.055323 0.834300 0.581400
ConmocionLance.jpg
5 60.400665 2.321373 99.982475 0.828862 -0.556711 0.055323 0.834300 0.581400
5 57.526932 -1.815182 93.865395 0.807723 -0.565540 0.166577 0.887700 0.658900
5 59.776619 5.847634 92.649559 0.461288 0.353927 0.813603 0.799800 0.670600
ConmocionLance.jpg
5 57.526932 -1.815182 93.865395 0.807723 -0.565540 0.166577 0.887700 0.658900
5 60.400665 2.321373 99.982475 0.828862 -0.556711 0.055323 0.834300 0.581400
5 58.663269 2.765488 103.119408 -0.189222 -0.368085 0.910334 0.847800 0.547200
ConmocionLance.jpg
5 58.663269 2.765488 103.119408 -0.189222 -0.368085 0.910334 0.847800 0.547200
5 54.081253 -1.697962 100.327995 0.159480 -0.004123 0.987193 0.921500 0.588000
5 57.526932 -1.815182 93.865395 0.807723 -0.565540 0.166577 0.887700 0.658900
ConmocionLance.jpg
5 62.076118 7.287950 98.513275 0.664911 0.739336 -0.106185 0.774900 0.596700
5 61.926910 6.123723 104.108368 0.372258 0.242772 0.895815 0.792700 0.530000
5 60.400665 2.321373 99.982475 0.828862 -0.556711 0.055323 0.834300 0.581400
ConmocionLance.jpg
5 60.400665 2.321373 99.982475 0.828862 -0.556711 0.055323 0.834300 0.581400
5 61.926910 6.123723 104.108368 0.372258 0.242772 0.895815 0.792700 0.530000
5 58.663269 2.765488 103.119408 -0.189222 -0.368085 0.910334 0.847800 0.547200
ConmocionLance.jpg
5 57.526932 -1.815182 93.865395 0.807723 -0.565540 0.166577 0.887700 0.658900
5 52.292709 -9.225842 90.354942 0.621657 -0.783231 0.009613 0.992000 0.709000
5 57.640701 -0.868821 88.246758 0.739038 -0.606087 -0.294078 0.872100 0.725800
ConmocionLance.jpg
5 54.021835 0.900777 85.465881 -0.216712 -0.060169 -0.974380 0.882400 0.765900
5 55.637871 3.080591 83.070923 -0.303246 -0.160186 -0.939352 0.847300 0.791900
5 57.733978 1.235466 84.922585 0.579066 -0.513868 -0.632947 0.849000 0.765700
ConmocionLance.jpg
5 64.129227 10.649837 92.163818 0.659717 0.645780 0.384371 0.721400 0.669300
5 62.220512 5.361306 90.598312 0.896446 -0.442985 0.012177 0.782200 0.690500
5 61.234467 8.035074 89.255478 0.361640 0.529286 -0.767511 0.764900 0.708800
ConmocionLance.jpg
5 61.234467 8.035074 89.255478 0.361640 0.529286 -0.767511 0.764900 0.708800
5 62.220512 5.361306 90.598312 0.896446 -0.442985 0.012177 0.782200 0.690500
5 60.576141 2.800917 89.017441 0.907422 -0.379887 -0.179642 0.816600 0.711900
ConmocionLance.jpg
5 60.576141 2.800917 89.017441 0.907422 -0.379887 -0.179642 0.816600 0.711900
5 59.135910 6.229689 86.643974 0.482030 0.631083 -0.607768 0.795000 0.743500
5 61.234467 8.035074 89.255478 0.361640 0.529286 -0.767511 0.764900 0.708800
ConmocionLance.jpg
5 59.135910 6.229689 86.643974 0.482030 0.631083 -0.607768 0.795000 0.743500
5 60.576141 2.800917 89.017441 0.907422 -0.379887 -0.179642 0.816600 0.711900
5 57.733978 1.235466 84.922585 0.579066 -0.513868 -0.632947 0.849000 0.765700
ConmocionLance.jpg
5 57.733978 1.235466 84.922585 0.579066 -0.513868 -0.632947 0.849000 0.765700
5 57.997597 5.568213 83.453865 0.286148 0.460544 -0.840249 0.806600 0.783500
5 59.135910 6.229689 86.643974 0.482030 0.631083 -0.607768 0.795000 0.743500
ConmocionLance.jpg
5 57.733978 1.235466 84.922585 0.579066 -0.513868 -0.632947 0.849000 0.765700
5 55.637871 3.080591 83.070923 -0.303246 -0.160186 -0.939352 0.847300 0.791900
5 57.997597 5.568213 83.453865 0.286148 0.460544 -0.840249 0.806600 0.783500
ConmocionLance.jpg
5 48.497639 -3.369966 67.098907 0.578088 -0.503781 -0.641887 0.944800 0.994300
5 49.572502 -3.779636 70.666412 0.908638 -0.332282 -0.252914 0.943800 0.949700
5 48.061001 -7.739321 71.410797 0.600907 -0.606583 -0.520545 0.992000 0.942900
ConmocionLance.jpg
5 49.572502 -3.779636 70.666412 0.908638 -0.332282 -0.252914 0.943800 0.949700
5 48.552269 -7.785312 74.637573 0.737861 -0.672772 -0.054202 0.992000 0.903500
5 48.061001 -7.739321 71.410797 0.600907 -0.606583 -0.520545 0.992000 0.942900
ConmocionLance.jpg
5 49.572502 -3.779636 70.666412 0.908638 -0.332282 -0.252914 0.943800 0.949700
5 51.799316 0.595832 73.731491 0.606770 0.718319 -0.340364 0.890200 0.909900
5 52.885185 1.325590 76.223602 0.675424 0.736864 -0.028885 0.877600 0.878300
ConmocionLance.jpg
5 52.885185 1.325590 76.223602 0.675424 0.736864 -0.028885 0.877600 0.878300
5 48.552269 -7.785312 74.637573 0.737861 -0.672772 -0.054202 0.992000 0.903500
5 49.572502 -3.779636 70.666412 0.908638 -0.332282 -0.252914 0.943800 0.949700
ConmocionLance.jpg
5 48.552269 -7.785312 74.637573 0.737861 -0.672772 -0.054202 0.992000 0.903500
5 52.885185 1.325590 76.223602 0.675424 0.736864 -0.028885 0.877600 0.878300
5 51.730835 -0.303501 78.336357 0.660892 0.739183 -0.129730 0.903800 0.854900
ConmocionLance.jpg
5 51.730835 -0.303501 78.336357 0.660892 0.739183 -0.129730 0.903800 0.854900
5 49.053871 -7.832293 77.932182 0.705625 -0.666596 -0.240298 0.992000 0.863300
5 48.552269 -7.785312 74.637573 0.737861 -0.672772 -0.054202 0.992000 0.903500
ConmocionLance.jpg
5 57.640701 -0.868821 88.246758 0.739038 -0.606087 -0.294078 0.872100 0.725800
5 51.453041 -9.147215 84.840218 0.640587 -0.695312 -0.325866 0.992000 0.776300
5 54.021835 0.900777 85.465881 -0.216712 -0.060169 -0.974380 0.882400 0.765900
ConmocionLance.jpg
5 51.730835 -0.303501 78.336357 0.660892 0.739183 -0.129730 0.903800 0.854900
5 51.453041 -9.147215 84.840218 0.640587 -0.695312 -0.325866 0.992000 0.776300
5 49.053871 -7.832293 77.932182 0.705625 -0.666596 -0.240298 0.992000 0.863300
ConmocionLance.jpg
5 57.526932 -1.815182 93.865395 0.807723 -0.565540 0.166577 0.887700 0.658900
5 51.986145 -8.035370 97.772690 0.650511 -0.677625 0.343015 0.992000 0.621200
5 52.292709 -9.225842 90.354942 0.621657 -0.783231 0.009613 0.992000 0.709000
ConmocionLance.jpg
5 48.497639 -3.369966 67.098907 0.578088 -0.503781 -0.641887 0.841300 0.993600
5 45.750896 -5.693261 72.263344 -0.548643 -0.470504 -0.691098 0.844100 0.914300
5 52.265305 1.489861 71.559402 0.327185 0.498307 -0.802895 0.915800 0.993500
ConmocionLance.jpg
5 48.061001 -7.739321 71.410797 0.600907 -0.606583 -0.520545 0.813800 0.925300
5 45.750896 -5.693261 72.263344 -0.548643 -0.470504 -0.691098 0.844100 0.914300
5 48.497639 -3.369966 67.098907 0.578088 -0.503781 -0.641887 0.841300 0.993600
ConmocionLance.jpg
5 60.576141 2.800917 89.017441 0.907422 -0.379887 -0.179642 0.816600 0.711900
5 57.640701 -0.868821 88.246758 0.739038 -0.606087 -0.294078 0.872100 0.725800
5 57.733978 1.235466 84.922585 0.579066 -0.513868 -0.632947 0.849000 0.765700
ConmocionLance.jpg
5 43.274284 -9.156144 67.811722 0.482240 -0.609950 -0.628813 0.944800 0.994300
5 44.229469 -9.698311 71.395538 0.396490 -0.899609 -0.183028 0.943800 0.949700
5 40.529079 -11.888662 75.269371 -0.683620 -0.711108 -0.164287 0.890200 0.909900
ConmocionLance.jpg
5 40.529079 -11.888662 75.269371 -0.683620 -0.711108 -0.164287 0.890200 0.909900
5 39.434040 -12.723830 73.310287 -0.553365 -0.477119 -0.682747 0.876000 0.935100
5 43.274284 -9.156144 67.811722 0.482240 -0.609950 -0.628813 0.944800 0.994300
ConmocionLance.jpg
5 41.897434 -12.529903 87.120270 -0.683901 -0.713965 -0.150110 0.882400 0.765900
5 41.968422 -11.117703 79.668488 -0.672691 -0.738077 0.052237 0.903800 0.854900
5 51.453041 -9.147215 84.840218 0.640587 -0.695312 -0.325866 0.992000 0.776300
ConmocionLance.jpg
5 51.453041 -9.147215 84.840218 0.640587 -0.695312 -0.325866 0.992000 0.776300
5 52.292709 -9.225842 90.354942 0.621657 -0.783231 0.009613 0.992000 0.709000
5 41.827267 -13.207653 90.478386 -0.669292 -0.738939 0.077571 0.872100 0.725800
ConmocionLance.jpg
5 51.986145 -8.035370 97.772690 0.650511 -0.677625 0.343015 0.992000 0.621200
5 50.281502 -6.032018 101.543442 0.150493 -0.014093 0.988511 0.992000 0.579700
5 46.273808 -10.346605 101.393311 -0.188735 -0.367618 0.910624 0.921500 0.588000
ConmocionLance.jpg
5 46.273808 -10.346605 101.393311 -0.188735 -0.367618 0.910624 0.921500 0.588000
5 43.521481 -12.334478 95.847710 -0.555909 -0.686260 0.469056 0.887700 0.658900
5 51.986145 -8.035370 97.772690 0.650511 -0.677625 0.343015 0.992000 0.621200
ConmocionLance.jpg
5 43.521481 -12.334478 95.847710 -0.555909 -0.686260 0.469056 0.887700 0.658900
5 41.827267 -13.207653 90.478386 -0.669292 -0.738939 0.077571 0.872100 0.725800
5 52.292709 -9.225842 90.354942 0.621657 -0.783231 0.009613 0.992000 0.709000
ConmocionLance.jpg
5 43.274284 -9.156144 67.811722 0.482240 -0.609950 -0.628813 0.944800 0.994300
5 48.061001 -7.739321 71.410797 0.600907 -0.606583 -0.520545 0.992000 0.942900
5 44.229469 -9.698311 71.395538 0.396490 -0.899609 -0.183028 0.943800 0.949700
ConmocionLance.jpg
5 44.229469 -9.698311 71.395538 0.396490 -0.899609 -0.183028 0.943800 0.949700
5 48.061001 -7.739321 71.410797 0.600907 -0.606583 -0.520545 0.992000 0.942900
5 48.552269 -7.785312 74.637573 0.737861 -0.672772 -0.054202 0.992000 0.903500
ConmocionLance.jpg
5 44.229469 -9.698311 71.395538 0.396490 -0.899609 -0.183028 0.943800 0.949700
5 48.552269 -7.785312 74.637573 0.737861 -0.672772 -0.054202 0.992000 0.903500
5 40.230820 -12.692158 77.950333 -0.656554 -0.738625 0.152873 0.877600 0.878300
ConmocionLance.jpg
5 40.230820 -12.692158 77.950333 -0.656554 -0.738625 0.152873 0.877600 0.878300
5 40.529079 -11.888662 75.269371 -0.683620 -0.711108 -0.164287 0.890200 0.909900
5 44.229469 -9.698311 71.395538 0.396490 -0.899609 -0.183028 0.943800 0.949700
ConmocionLance.jpg
5 48.552269 -7.785312 74.637573 0.737861 -0.672772 -0.054202 0.992000 0.903500
5 49.053871 -7.832293 77.932182 0.705625 -0.666596 -0.240298 0.992000 0.863300
5 41.968422 -11.117703 79.668488 -0.672691 -0.738077 0.052237 0.903800 0.854900
ConmocionLance.jpg
5 41.968422 -11.117703 79.668488 -0.672691 -0.738077 0.052237 0.903800 0.854900
5 40.230820 -12.692158 77.950333 -0.656554 -0.738625 0.152873 0.877600 0.878300
5 48.552269 -7.785312 74.637573 0.737861 -0.672772 -0.054202 0.992000 0.903500
ConmocionLance.jpg
5 41.827267 -13.207653 90.478386 -0.669292 -0.738939 0.077571 0.872100 0.725800
5 41.897434 -12.529903 87.120270 -0.683901 -0.713965 -0.150110 0.882400 0.765900
5 51.453041 -9.147215 84.840218 0.640587 -0.695312 -0.325866 0.992000 0.776300
ConmocionLance.jpg
5 41.968422 -11.117703 79.668488 -0.672691 -0.738077 0.052237 0.903800 0.854900
5 49.053871 -7.832293 77.932182 0.705625 -0.666596 -0.240298 0.992000 0.863300
5 51.453041 -9.147215 84.840218 0.640587 -0.695312 -0.325866 0.992000 0.776300
ConmocionLance.jpg
5 43.521481 -12.334478 95.847710 -0.555909 -0.686260 0.469056 0.887700 0.658900
5 52.292709 -9.225842 90.354942 0.621657 -0.783231 0.009613 0.992000 0.709000
5 51.986145 -8.035370 97.772690 0.650511 -0.677625 0.343015 0.992000 0.621200
ConmocionLance.jpg
5 43.274284 -9.156144 67.811722 0.482240 -0.609950 -0.628813 0.841300 0.993600
5 39.434040 -12.723830 73.310287 -0.553365 -0.477119 -0.682747 0.915800 0.993500
5 45.893326 -5.535486 72.243958 0.320161 0.491902 -0.809648 0.844100 0.914300
ConmocionLance.jpg
5 48.061001 -7.739321 71.410797 0.600907 -0.606583 -0.520545 0.813800 0.925300
5 43.274284 -9.156144 67.811722 0.482240 -0.609950 -0.628813 0.841300 0.993600
5 45.893326 -5.535486 72.243958 0.320161 0.491902 -0.809648 0.844100 0.914300
ConmocionLance.jpg
5 46.947918 -1.939404 67.355225 -0.644925 0.625189 -0.439557 0.944800 0.994300
5 47.104626 -1.501514 71.074646 -0.429179 0.902666 -0.031611 0.943800 0.949700
5 51.799316 0.595832 73.731491 0.606770 0.718319 -0.340364 0.890200 0.909900
ConmocionLance.jpg
5 51.799316 0.595832 73.731491 0.606770 0.718319 -0.340364 0.890200 0.909900
5 52.265305 1.489861 71.559402 0.327185 0.498307 -0.802895 0.876000 0.935100
5 46.947918 -1.939404 67.355225 -0.644925 0.625189 -0.439557 0.944800 0.994300
ConmocionLance.jpg
5 54.021835 0.900777 85.465881 -0.216712 -0.060169 -0.974380 0.882400 0.765900
5 51.730835 -0.303501 78.336357 0.660892 0.739183 -0.129730 0.903800 0.854900
5 44.206276 -2.457572 86.038971 -0.781430 0.617373 -0.090648 0.992000 0.776300
ConmocionLance.jpg
5 44.206276 -2.457572 86.038971 -0.781430 0.617373 -0.090648 0.992000 0.776300
5 45.045891 -2.536192 91.553688 -0.807527 0.536070 0.246025 0.992000 0.709000
5 52.541039 3.838755 89.090286 -0.694501 0.717234 -0.056946 0.872100 0.725800
ConmocionLance.jpg
5 52.541039 3.838755 89.090286 -0.694501 0.717234 -0.056946 0.872100 0.725800
5 54.016953 4.666669 85.537384 -0.653307 0.623751 -0.429097 0.849000 0.765700
5 54.021835 0.900777 85.465881 -0.216712 -0.060169 -0.974380 0.882400 0.765900
ConmocionLance.jpg
5 52.541039 3.838755 89.090286 -0.694501 0.717234 -0.056946 0.872100 0.725800
5 55.884384 5.891546 91.336555 -0.416787 0.804197 0.423740 0.829400 0.693300
5 56.093269 6.939131 89.758972 -0.462964 0.885128 0.047046 0.816600 0.711900
ConmocionLance.jpg
5 56.093269 6.939131 89.758972 -0.462964 0.885128 0.047046 0.816600 0.711900
5 55.884384 5.891546 91.336555 -0.416787 0.804197 0.423740 0.829400 0.693300
5 59.776619 5.847634 92.649559 0.461288 0.353927 0.813603 0.799800 0.670600
ConmocionLance.jpg
5 59.776619 5.847634 92.649559 0.461288 0.353927 0.813603 0.799800 0.670600
5 58.781151 8.536232 91.167221 -0.490475 0.837300 0.241585 0.782200 0.690500
5 56.093269 6.939131 89.758972 -0.462964 0.885128 0.047046 0.816600 0.711900
ConmocionLance.jpg
5 58.781151 8.536232 91.167221 -0.490475 0.837300 0.241585 0.782200 0.690500
5 59.776619 5.847634 92.649559 0.461288 0.353927 0.813603 0.799800 0.670600
5 64.129227 10.649837 92.163818 0.659717 0.645780 0.384371 0.721400 0.669300
ConmocionLance.jpg
5 47.540672 -3.931685 98.508026 -0.646960 0.520087 0.557631 0.992000 0.621200
5 50.281502 -6.032018 101.543442 0.150493 -0.014093 0.988511 0.992000 0.579700
5 54.081253 -1.697962 100.327995 0.159480 -0.004123 0.987193 0.921500 0.588000
ConmocionLance.jpg
5 54.081253 -1.697962 100.327995 0.159480 -0.004123 0.987193 0.921500 0.588000
5 52.607697 2.725832 94.679108 -0.577989 0.713639 0.395788 0.887700 0.658900
5 47.540672 -3.931685 98.508026 -0.646960 0.520087 0.557631 0.992000 0.621200
ConmocionLance.jpg
5 55.884384 5.891546 91.336555 -0.416787 0.804197 0.423740 0.829400 0.693300
5 52.541039 3.838755 89.090286 -0.694501 0.717234 -0.056946 0.872100 0.725800
5 52.607697 2.725832 94.679108 -0.577989 0.713639 0.395788 0.887700 0.658900
ConmocionLance.jpg
5 59.776619 5.847634 92.649559 0.461288 0.353927 0.813603 0.799800 0.670600
5 55.884384 5.891546 91.336555 -0.416787 0.804197 0.423740 0.829400 0.693300
5 52.607697 2.725832 94.679108 -0.577989 0.713639 0.395788 0.887700 0.658900
ConmocionLance.jpg
5 59.776619 5.847634 92.649559 0.461288 0.353927 0.813603 0.799800 0.670600
5 52.607697 2.725832 94.679108 -0.577989 0.713639 0.395788 0.887700 0.658900
5 57.563583 4.940330 100.451782 -0.590258 0.753301 0.290057 0.834300 0.581400
ConmocionLance.jpg
5 57.563583 4.940330 100.451782 -0.590258 0.753301 0.290057 0.834300 0.581400
5 62.076118 7.287950 98.513275 0.664911 0.739336 -0.106185 0.774900 0.596700
5 59.776619 5.847634 92.649559 0.461288 0.353927 0.813603 0.799800 0.670600
ConmocionLance.jpg
5 52.607697 2.725832 94.679108 -0.577989 0.713639 0.395788 0.887700 0.658900
5 54.081253 -1.697962 100.327995 0.159480 -0.004123 0.987193 0.921500 0.588000
5 58.663269 2.765488 103.119408 -0.189222 -0.368085 0.910334 0.847800 0.547200
ConmocionLance.jpg
5 58.663269 2.765488 103.119408 -0.189222 -0.368085 0.910334 0.847800 0.547200
5 57.563583 4.940330 100.451782 -0.590258 0.753301 0.290057 0.834300 0.581400
5 52.607697 2.725832 94.679108 -0.577989 0.713639 0.395788 0.887700 0.658900
ConmocionLance.jpg
5 62.076118 7.287950 98.513275 0.664911 0.739336 -0.106185 0.774900 0.596700
5 57.563583 4.940330 100.451782 -0.590258 0.753301 0.290057 0.834300 0.581400
5 61.926910 6.123723 104.108368 0.372258 0.242772 0.895815 0.792700 0.530000
ConmocionLance.jpg
5 57.563583 4.940330 100.451782 -0.590258 0.753301 0.290057 0.834300 0.581400
5 58.663269 2.765488 103.119408 -0.189222 -0.368085 0.910334 0.847800 0.547200
5 61.926910 6.123723 104.108368 0.372258 0.242772 0.895815 0.792700 0.530000
ConmocionLance.jpg
5 52.607697 2.725832 94.679108 -0.577989 0.713639 0.395788 0.887700 0.658900
5 52.541039 3.838755 89.090286 -0.694501 0.717234 -0.056946 0.872100 0.725800
5 45.045891 -2.536192 91.553688 -0.807527 0.536070 0.246025 0.992000 0.709000
ConmocionLance.jpg
5 54.021835 0.900777 85.465881 -0.216712 -0.060169 -0.974380 0.882400 0.765900
5 54.016953 4.666669 85.537384 -0.653307 0.623751 -0.429097 0.849000 0.765700
5 55.637871 3.080591 83.070923 -0.303246 -0.160186 -0.939352 0.847300 0.791900
ConmocionLance.jpg
5 64.129227 10.649837 92.163818 0.659717 0.645780 0.384371 0.721400 0.669300
5 61.234467 8.035074 89.255478 0.361640 0.529286 -0.767511 0.764900 0.708800
5 58.781151 8.536232 91.167221 -0.490475 0.837300 0.241585 0.782200 0.690500
ConmocionLance.jpg
5 61.234467 8.035074 89.255478 0.361640 0.529286 -0.767511 0.764900 0.708800
5 59.135910 6.229689 86.643974 0.482030 0.631083 -0.607768 0.795000 0.743500
5 56.093269 6.939131 89.758972 -0.462964 0.885128 0.047046 0.816600 0.711900
ConmocionLance.jpg
5 56.093269 6.939131 89.758972 -0.462964 0.885128 0.047046 0.816600 0.711900
5 58.781151 8.536232 91.167221 -0.490475 0.837300 0.241585 0.782200 0.690500
5 61.234467 8.035074 89.255478 0.361640 0.529286 -0.767511 0.764900 0.708800
ConmocionLance.jpg
5 59.135910 6.229689 86.643974 0.482030 0.631083 -0.607768 0.795000 0.743500
5 57.997597 5.568213 83.453865 0.286148 0.460544 -0.840249 0.806600 0.783500
5 54.016953 4.666669 85.537384 -0.653307 0.623751 -0.429097 0.849000 0.765700
ConmocionLance.jpg
5 54.016953 4.666669 85.537384 -0.653307 0.623751 -0.429097 0.849000 0.765700
5 56.093269 6.939131 89.758972 -0.462964 0.885128 0.047046 0.816600 0.711900
5 59.135910 6.229689 86.643974 0.482030 0.631083 -0.607768 0.795000 0.743500
ConmocionLance.jpg
5 54.016953 4.666669 85.537384 -0.653307 0.623751 -0.429097 0.849000 0.765700
5 57.997597 5.568213 83.453865 0.286148 0.460544 -0.840249 0.806600 0.783500
5 55.637871 3.080591 83.070923 -0.303246 -0.160186 -0.939352 0.847300 0.791900
ConmocionLance.jpg
5 46.947918 -1.939404 67.355225 -0.644925 0.625189 -0.439557 0.944800 0.994300
5 43.442955 -3.476332 72.174667 -0.725993 0.618307 -0.301048 0.992000 0.942900
5 47.104626 -1.501514 71.074646 -0.429179 0.902666 -0.031611 0.943800 0.949700
ConmocionLance.jpg
5 47.104626 -1.501514 71.074646 -0.429179 0.902666 -0.031611 0.943800 0.949700
5 43.442955 -3.476332 72.174667 -0.725993 0.618307 -0.301048 0.992000 0.942900
5 43.934246 -3.522341 75.401428 -0.717709 0.670886 0.186562 0.992000 0.903500
ConmocionLance.jpg
5 47.104626 -1.501514 71.074646 -0.429179 0.902666 -0.031611 0.943800 0.949700
5 43.934246 -3.522341 75.401428 -0.717709 0.670886 0.186562 0.992000 0.903500
5 52.885185 1.325590 76.223602 0.675424 0.736864 -0.028885 0.877600 0.878300
ConmocionLance.jpg
5 52.885185 1.325590 76.223602 0.675424 0.736864 -0.028885 0.877600 0.878300
5 51.799316 0.595832 73.731491 0.606770 0.718319 -0.340364 0.890200 0.909900
5 47.104626 -1.501514 71.074646 -0.429179 0.902666 -0.031611 0.943800 0.949700
ConmocionLance.jpg
5 43.934246 -3.522341 75.401428 -0.717709 0.670886 0.186562 0.992000 0.903500
5 44.435814 -3.569328 78.696030 -0.742331 0.670033 -0.000795 0.992000 0.863300
5 51.730835 -0.303501 78.336357 0.660892 0.739183 -0.129730 0.903800 0.854900
ConmocionLance.jpg
5 51.730835 -0.303501 78.336357 0.660892 0.739183 -0.129730 0.903800 0.854900
5 52.885185 1.325590 76.223602 0.675424 0.736864 -0.028885 0.877600 0.878300
5 43.934246 -3.522341 75.401428 -0.717709 0.670886 0.186562 0.992000 0.903500
ConmocionLance.jpg
5 52.541039 3.838755 89.090286 -0.694501 0.717234 -0.056946 0.872100 0.725800
5 54.021835 0.900777 85.465881 -0.216712 -0.060169 -0.974380 0.882400 0.765900
5 44.206276 -2.457572 86.038971 -0.781430 0.617373 -0.090648 0.992000 0.776300
ConmocionLance.jpg
5 51.730835 -0.303501 78.336357 0.660892 0.739183 -0.129730 0.903800 0.854900
5 44.435814 -3.569328 78.696030 -0.742331 0.670033 -0.000795 0.992000 0.863300
5 44.206276 -2.457572 86.038971 -0.781430 0.617373 -0.090648 0.992000 0.776300
ConmocionLance.jpg
5 52.607697 2.725832 94.679108 -0.577989 0.713639 0.395788 0.887700 0.658900
5 45.045891 -2.536192 91.553688 -0.807527 0.536070 0.246025 0.992000 0.709000
5 47.540672 -3.931685 98.508026 -0.646960 0.520087 0.557631 0.992000 0.621200
ConmocionLance.jpg
5 46.947918 -1.939404 67.355225 -0.644925 0.625189 -0.439557 0.841300 0.993600
5 52.265305 1.489861 71.559402 0.327185 0.498307 -0.802895 0.915800 0.993500
5 45.750896 -5.693261 72.263344 -0.548643 -0.470504 -0.691098 0.844100 0.914300
ConmocionLance.jpg
5 43.442955 -3.476332 72.174667 -0.725993 0.618307 -0.301048 0.813800 0.925300
5 46.947918 -1.939404 67.355225 -0.644925 0.625189 -0.439557 0.841300 0.993600
5 45.750896 -5.693261 72.263344 -0.548643 -0.470504 -0.691098 0.844100 0.914300
ConmocionLance.jpg
5 56.093269 6.939131 89.758972 -0.462964 0.885128 0.047046 0.816600 0.711900
5 54.016953 4.666669 85.537384 -0.653307 0.623751 -0.429097 0.849000 0.765700
5 52.541039 3.838755 89.090286 -0.694501 0.717234 -0.056946 0.872100 0.725800
ConmocionLance.jpg
5 41.724533 -7.725584 68.067963 -0.740748 0.519033 -0.426494 0.944800 0.994300
5 39.434040 -12.723830 73.310287 -0.553365 -0.477119 -0.682747 0.876000 0.935100
5 40.529079 -11.888662 75.269371 -0.683620 -0.711108 -0.164287 0.890200 0.909900
ConmocionLance.jpg
5 40.529079 -11.888662 75.269371 -0.683620 -0.711108 -0.164287 0.890200 0.909900
5 41.761581 -7.420219 71.803726 -0.941316 0.335349 0.038267 0.943800 0.949700
5 41.724533 -7.725584 68.067963 -0.740748 0.519033 -0.426494 0.944800 0.994300
ConmocionLance.jpg
5 41.897434 -12.529903 87.120270 -0.683901 -0.713965 -0.150110 0.882400 0.765900
5 44.206276 -2.457572 86.038971 -0.781430 0.617373 -0.090648 0.992000 0.776300
5 41.968422 -11.117703 79.668488 -0.672691 -0.738077 0.052237 0.903800 0.854900
ConmocionLance.jpg
5 44.206276 -2.457572 86.038971 -0.781430 0.617373 -0.090648 0.992000 0.776300
5 41.827267 -13.207653 90.478386 -0.669292 -0.738939 0.077571 0.872100 0.725800
5 45.045891 -2.536192 91.553688 -0.807527 0.536070 0.246025 0.992000 0.709000
ConmocionLance.jpg
5 47.540672 -3.931685 98.508026 -0.646960 0.520087 0.557631 0.992000 0.621200
5 43.521481 -12.334478 95.847710 -0.555909 -0.686260 0.469056 0.887700 0.658900
5 46.273808 -10.346605 101.393311 -0.188735 -0.367618 0.910624 0.921500 0.588000
ConmocionLance.jpg
5 46.273808 -10.346605 101.393311 -0.188735 -0.367618 0.910624 0.921500 0.588000
5 50.281502 -6.032018 101.543442 0.150493 -0.014093 0.988511 0.992000 0.579700
5 47.540672 -3.931685 98.508026 -0.646960 0.520087 0.557631 0.992000 0.621200
ConmocionLance.jpg
5 43.521481 -12.334478 95.847710 -0.555909 -0.686260 0.469056 0.887700 0.658900
5 45.045891 -2.536192 91.553688 -0.807527 0.536070 0.246025 0.992000 0.709000
5 41.827267 -13.207653 90.478386 -0.669292 -0.738939 0.077571 0.872100 0.725800
ConmocionLance.jpg
5 41.724533 -7.725584 68.067963 -0.740748 0.519033 -0.426494 0.944800 0.994300
5 41.761581 -7.420219 71.803726 -0.941316 0.335349 0.038267 0.943800 0.949700
5 43.442955 -3.476332 72.174667 -0.725993 0.618307 -0.301048 0.992000 0.942900
ConmocionLance.jpg
5 41.761581 -7.420219 71.803726 -0.941316 0.335349 0.038267 0.943800 0.949700
5 43.934246 -3.522341 75.401428 -0.717709 0.670886 0.186562 0.992000 0.903500
5 43.442955 -3.476332 72.174667 -0.725993 0.618307 -0.301048 0.992000 0.942900
ConmocionLance.jpg
5 41.761581 -7.420219 71.803726 -0.941316 0.335349 0.038267 0.943800 0.949700
5 40.529079 -11.888662 75.269371 -0.683620 -0.711108 -0.164287 0.890200 0.909900
5 40.230820 -12.692158 77.950333 -0.656554 -0.738625 0.152873 0.877600 0.878300
ConmocionLance.jpg
5 40.230820 -12.692158 77.950333 -0.656554 -0.738625 0.152873 0.877600 0.878300
5 43.934246 -3.522341 75.401428 -0.717709 0.670886 0.186562 0.992000 0.903500
5 41.761581 -7.420219 71.803726 -0.941316 0.335349 0.038267 0.943800 0.949700
ConmocionLance.jpg
5 43.934246 -3.522341 75.401428 -0.717709 0.670886 0.186562 0.992000 0.903500
5 40.230820 -12.692158 77.950333 -0.656554 -0.738625 0.152873 0.877600 0.878300
5 41.968422 -11.117703 79.668488 -0.672691 -0.738077 0.052237 0.903800 0.854900
ConmocionLance.jpg
5 41.968422 -11.117703 79.668488 -0.672691 -0.738077 0.052237 0.903800 0.854900
5 44.435814 -3.569328 78.696030 -0.742331 0.670033 -0.000795 0.992000 0.863300
5 43.934246 -3.522341 75.401428 -0.717709 0.670886 0.186562 0.992000 0.903500
ConmocionLance.jpg
5 41.827267 -13.207653 90.478386 -0.669292 -0.738939 0.077571 0.872100 0.725800
5 44.206276 -2.457572 86.038971 -0.781430 0.617373 -0.090648 0.992000 0.776300
5 41.897434 -12.529903 87.120270 -0.683901 -0.713965 -0.150110 0.882400 0.765900
ConmocionLance.jpg
5 41.968422 -11.117703 79.668488 -0.672691 -0.738077 0.052237 0.903800 0.854900
5 44.206276 -2.457572 86.038971 -0.781430 0.617373 -0.090648 0.992000 0.776300
5 44.435814 -3.569328 78.696030 -0.742331 0.670033 -0.000795 0.992000 0.863300
ConmocionLance.jpg
5 43.521481 -12.334478 95.847710 -0.555909 -0.686260 0.469056 0.887700 0.658900
5 47.540672 -3.931685 98.508026 -0.646960 0.520087 0.557631 0.992000 0.621200
5 45.045891 -2.536192 91.553688 -0.807527 0.536070 0.246025 0.992000 0.709000
ConmocionLance.jpg
5 41.724533 -7.725584 68.067963 -0.740748 0.519033 -0.426494 0.841300 0.993600
5 45.893326 -5.535486 72.243958 0.320161 0.491902 -0.809648 0.844100 0.914300
5 39.434040 -12.723830 73.310287 -0.553365 -0.477119 -0.682747 0.915800 0.993500
ConmocionLance.jpg
5 43.442955 -3.476332 72.174667 -0.725993 0.618307 -0.301048 0.813800 0.925300
5 45.893326 -5.535486 72.243958 0.320161 0.491902 -0.809648 0.844100 0.914300
5 41.724533 -7.725584 68.067963 -0.740748 0.519033 -0.426494 0.841300 0.993600
ConmocionLance.jpg
5 40.898003 1.386689 -3.104324 0.939768 -0.286950 -0.185733 0.084200 0.690800
5 36.859325 -3.589092 6.422867 -0.643136 -0.735215 0.214093 0.018300 0.609900
5 34.818718 -0.772508 -25.863861 0.923076 0.191342 -0.333645 0.051600 0.903700
ConmocionLance.jpg
5 34.818718 -0.772508 -25.863861 0.923076 0.191342 -0.333645 0.051600 0.903700
5 36.859325 -3.589092 6.422867 -0.643136 -0.735215 0.214093 0.018300 0.609900
5 30.573109 -2.999795 -34.861710 0.513002 0.655098 -0.554686 0.018300 0.990200
ConmocionLance.jpg
5 36.859325 -3.589092 6.422867 -0.643136 -0.735215 0.214093 0.018300 0.609900
5 40.898003 1.386689 -3.104324 0.939768 -0.286950 -0.185733 0.084200 0.690800
5 39.082626 -1.929940 10.612099 -0.601641 -0.715482 0.355126 0.039500 0.569400
ConmocionLance.jpg
5 39.082626 -1.929940 10.612099 -0.601641 -0.715482 0.355126 0.039500 0.569400
5 40.898003 1.386689 -3.104324 0.939768 -0.286950 -0.185733 0.084200 0.690800
5 41.018517 -1.212556 18.312027 -0.658469 -0.738916 0.142902 0.049700 0.497500
ConmocionLance.jpg
5 40.898003 1.386689 -3.104324 0.939768 -0.286950 -0.185733 0.084200 0.690800
5 53.824333 3.100971 62.825195 0.966118 -0.235925 0.104668 0.119700 0.079900
5 44.418873 -1.499750 40.471504 -0.670328 -0.738737 0.070208 0.050100 0.293400
ConmocionLance.jpg
5 44.418873 -1.499750 40.471504 -0.670328 -0.738737 0.070208 0.050100 0.293400
5 41.018517 -1.212556 18.312027 -0.658469 -0.738916 0.142902 0.049700 0.497500
5 40.898003 1.386689 -3.104324 0.939768 -0.286950 -0.185733 0.084200 0.690800
ConmocionLance.jpg
5 44.418873 -1.499750 40.471504 -0.670328 -0.738737 0.070208 0.050100 0.293400
5 53.824333 3.100971 62.825195 0.966118 -0.235925 0.104668 0.119700 0.079900
5 44.880596 -2.444982 48.537979 -0.681161 -0.698699 -0.218723 0.039800 0.220000
ConmocionLance.jpg
5 53.824333 3.100971 62.825195 0.966118 -0.235925 0.104668 0.119700 0.079900
5 52.191071 1.497895 66.483139 0.942416 -0.116235 0.313595 0.095900 0.049000
5 43.207150 -5.394016 54.878754 0.151473 -0.015115 0.988346 0.004600 0.164900
ConmocionLance.jpg
5 43.207150 -5.394016 54.878754 0.151473 -0.015115 0.988346 0.004600 0.164900
5 44.880596 -2.444982 48.537979 -0.681161 -0.698699 -0.218723 0.039800 0.220000
5 53.824333 3.100971 62.825195 0.966118 -0.235925 0.104668 0.119700 0.079900
ConmocionLance.jpg
5 43.207150 -5.394016 54.878754 0.151473 -0.015115 0.988346 0.004600 0.164900
5 52.191071 1.497895 66.483139 0.942416 -0.116235 0.313595 0.095900 0.049000
5 51.000069 0.294425 70.245255 0.649217 0.625668 0.432501 0.077500 0.016600
ConmocionLance.jpg
5 51.000069 0.294425 70.245255 0.649217 0.625668 0.432501 0.077500 0.016600
5 46.528923 -6.325027 71.664246 0.719118 -0.671292 -0.179544 0.004600 0.009100
5 43.207150 -5.394016 54.878754 0.151473 -0.015115 0.988346 0.004600 0.164900
ConmocionLance.jpg
5 30.573109 -2.999795 -34.861710 0.513002 0.655098 -0.554686 0.910800 0.066400
5 34.072479 -0.083695 -25.740494 -0.150414 0.976230 -0.156045 0.840400 0.069800
5 34.818718 -0.772508 -25.863861 0.923076 0.191342 -0.333645 0.840400 0.062900
ConmocionLance.jpg
5 34.818718 -0.772508 -25.863861 0.923076 0.191342 -0.333645 0.840400 0.062900
5 34.072479 -0.083695 -25.740494 -0.150414 0.976230 -0.156045 0.840400 0.069800
5 39.809837 2.391204 -2.924271 -0.378657 0.925415 0.015066 0.676800 0.071300
ConmocionLance.jpg
5 39.809837 2.391204 -2.924271 -0.378657 0.925415 0.015066 0.676800 0.071300
5 40.898003 1.386689 -3.104324 0.939768 -0.286950 -0.185733 0.676800 0.061400
5 34.818718 -0.772508 -25.863861 0.923076 0.191342 -0.333645 0.840400 0.062900
ConmocionLance.jpg
5 40.898003 1.386689 -3.104324 0.939768 -0.286950 -0.185733 0.676800 0.061400
5 39.809837 2.391204 -2.924271 -0.378657 0.925415 0.015066 0.676800 0.071300
5 52.269791 4.536008 63.082352 -0.268631 0.948934 0.165412 0.209400 0.073400
ConmocionLance.jpg
5 52.269791 4.536008 63.082352 -0.268631 0.948934 0.165412 0.209400 0.073400
5 53.824333 3.100971 62.825195 0.966118 -0.235925 0.104668 0.209400 0.059200
5 40.898003 1.386689 -3.104324 0.939768 -0.286950 -0.185733 0.676800 0.061400
ConmocionLance.jpg
5 52.191071 1.497895 66.483139 0.942416 -0.116235 0.313595 0.180000 0.062800
5 51.443665 2.187795 66.606812 0.085129 0.840834 0.534557 0.180000 0.069900
5 51.000069 0.294425 70.245255 0.649217 0.625668 0.432501 0.151800 0.066400
ConmocionLance.jpg
5 51.000069 0.294425 70.245255 0.649217 0.625668 0.432501 0.151800 0.066400
5 51.000069 0.294425 70.245255 0.649217 0.625668 0.432501 0.151800 0.066400
5 52.191071 1.497895 66.483139 0.942416 -0.116235 0.313595 0.180000 0.062800
ConmocionLance.jpg
5 53.824333 3.100971 62.825195 0.966118 -0.235925 0.104668 0.209400 0.059200
5 52.269791 4.536008 63.082352 -0.268631 0.948934 0.165412 0.209400 0.073400
5 51.443665 2.187795 66.606812 0.085129 0.840834 0.534557 0.180000 0.069900
ConmocionLance.jpg
5 51.443665 2.187795 66.606812 0.085129 0.840834 0.534557 0.180000 0.069900
5 52.191071 1.497895 66.483139 0.942416 -0.116235 0.313595 0.180000 0.062800
5 53.824333 3.100971 62.825195 0.966118 -0.235925 0.104668 0.209400 0.059200
ConmocionLance.jpg
5 39.809837 2.391204 -2.924271 -0.378657 0.925415 0.015066 0.084200 0.690800
5 34.072479 -0.083695 -25.740494 -0.150414 0.976230 -0.156045 0.051600 0.903700
5 36.859325 -3.589092 6.422867 -0.643136 -0.735215 0.214093 0.018300 0.609900
ConmocionLance.jpg
5 34.072479 -0.083695 -25.740494 -0.150414 0.976230 -0.156045 0.051600 0.903700
5 30.573109 -2.999795 -34.861710 0.513002 0.655098 -0.554686 0.018300 0.990200
5 36.859325 -3.589092 6.422867 -0.643136 -0.735215 0.214093 0.018300 0.609900
ConmocionLance.jpg
5 36.859325 -3.589092 6.422867 -0.643136 -0.735215 0.214093 0.018300 0.609900
5 39.082626 -1.929940 10.612099 -0.601641 -0.715482 0.355126 0.039500 0.569400
5 39.809837 2.391204 -2.924271 -0.378657 0.925415 0.015066 0.084200 0.690800
ConmocionLance.jpg
5 39.082626 -1.929940 10.612099 -0.601641 -0.715482 0.355126 0.039500 0.569400
5 41.018517 -1.212556 18.312027 -0.658469 -0.738916 0.142902 0.049700 0.497500
5 39.809837 2.391204 -2.924271 -0.378657 0.925415 0.015066 0.084200 0.690800
ConmocionLance.jpg
5 39.809837 2.391204 -2.924271 -0.378657 0.925415 0.015066 0.084200 0.690800
5 41.018517 -1.212556 18.312027 -0.658469 -0.738916 0.142902 0.049700 0.497500
5 44.418873 -1.499750 40.471504 -0.670328 -0.738737 0.070208 0.050100 0.293400
ConmocionLance.jpg
5 44.418873 -1.499750 40.471504 -0.670328 -0.738737 0.070208 0.050100 0.293400
5 52.269791 4.536008 63.082352 -0.268631 0.948934 0.165412 0.119700 0.079900
5 39.809837 2.391204 -2.924271 -0.378657 0.925415 0.015066 0.084200 0.690800
ConmocionLance.jpg
5 44.418873 -1.499750 40.471504 -0.670328 -0.738737 0.070208 0.050100 0.293400
5 44.880596 -2.444982 48.537979 -0.681161 -0.698699 -0.218723 0.039800 0.220000
5 52.269791 4.536008 63.082352 -0.268631 0.948934 0.165412 0.119700 0.079900
ConmocionLance.jpg
5 52.269791 4.536008 63.082352 -0.268631 0.948934 0.165412 0.119700 0.079900
5 44.880596 -2.444982 48.537979 -0.681161 -0.698699 -0.218723 0.039800 0.220000
5 43.207150 -5.394016 54.878754 0.151473 -0.015115 0.988346 0.004600 0.164900
ConmocionLance.jpg
5 43.207150 -5.394016 54.878754 0.151473 -0.015115 0.988346 0.004600 0.164900
5 51.443665 2.187795 66.606812 0.085129 0.840834 0.534557 0.095900 0.049000
5 52.269791 4.536008 63.082352 -0.268631 0.948934 0.165412 0.119700 0.079900
ConmocionLance.jpg
5 43.207150 -5.394016 54.878754 0.151473 -0.015115 0.988346 0.004600 0.164900
5 51.000069 0.294425 70.245255 0.649217 0.625668 0.432501 0.077500 0.016600
5 51.443665 2.187795 66.606812 0.085129 0.840834 0.534557 0.095900 0.049000
ConmocionLance.jpg
5 51.000069 0.294425 70.245255 0.649217 0.625668 0.432501 0.077500 0.016600
5 43.207150 -5.394016 54.878754 0.151473 -0.015115 0.988346 0.004600 0.164900
5 45.030472 -4.941795 71.912071 -0.737146 0.672971 0.061041 0.004600 0.009100
ConmocionLance.jpg
5 29.218628 -11.550995 -1.510628 0.363337 -0.925484 -0.107077 0.084200 0.690800
5 27.917763 -8.416954 -24.922302 -0.128314 -0.973328 -0.190179 0.051600 0.903700
5 34.843346 -5.822265 6.697945 0.680968 0.731550 0.033415 0.018300 0.609900
ConmocionLance.jpg
5 27.917763 -8.416954 -24.922302 -0.128314 -0.973328 -0.190179 0.051600 0.903700
5 28.557121 -5.232966 -34.586624 -0.657569 -0.641567 -0.394962 0.018300 0.990200
5 34.843346 -5.822265 6.697945 0.680968 0.731550 0.033415 0.018300 0.609900
ConmocionLance.jpg
5 34.843346 -5.822265 6.697945 0.680968 0.731550 0.033415 0.018300 0.609900
5 33.958847 -7.605727 11.311279 0.683178 0.707769 0.179810 0.039500 0.569400
5 29.218628 -11.550995 -1.510628 0.363337 -0.925484 -0.107077 0.084200 0.690800
ConmocionLance.jpg
5 33.958847 -7.605727 11.311279 0.683178 0.707769 0.179810 0.039500 0.569400
5 34.398651 -8.545642 19.215324 0.674290 0.737438 -0.038962 0.049700 0.497500
5 29.218628 -11.550995 -1.510628 0.363337 -0.925484 -0.107077 0.084200 0.690800
ConmocionLance.jpg
5 29.218628 -11.550995 -1.510628 0.363337 -0.925484 -0.107077 0.084200 0.690800
5 34.398651 -8.545642 19.215324 0.674290 0.737438 -0.038962 0.049700 0.497500
5 37.747017 -8.890427 41.381874 0.663983 0.739333 -0.111864 0.050100 0.293400
ConmocionLance.jpg
5 37.747017 -8.890427 41.381874 0.663983 0.739333 -0.111864 0.050100 0.293400
5 36.953751 -15.587248 65.127357 0.351185 -0.917116 0.188595 0.119700 0.079900
5 29.218628 -11.550995 -1.510628 0.363337 -0.925484 -0.107077 0.084200 0.690800
ConmocionLance.jpg
5 37.747017 -8.890427 41.381874 0.663983 0.739333 -0.111864 0.050100 0.293400
5 39.710258 -8.172358 49.243458 0.588187 0.707410 -0.391927 0.039800 0.220000
5 36.953751 -15.587248 65.127357 0.351185 -0.917116 0.188595 0.119700 0.079900
ConmocionLance.jpg
5 36.953751 -15.587248 65.127357 0.351185 -0.917116 0.188595 0.119700 0.079900
5 39.710258 -8.172358 49.243458 0.588187 0.707410 -0.391927 0.039800 0.220000
5 43.207150 -5.394016 54.878754 0.151473 -0.015115 0.988346 0.004600 0.164900
ConmocionLance.jpg
5 43.207150 -5.394016 54.878754 0.151473 -0.015115 0.988346 0.004600 0.164900
5 38.801170 -13.334585 68.310242 0.255903 -0.876722 0.407274 0.095900 0.049000
5 36.953751 -15.587248 65.127357 0.351185 -0.917116 0.188595 0.119700 0.079900
ConmocionLance.jpg
5 43.207150 -5.394016 54.878754 0.151473 -0.015115 0.988346 0.004600 0.164900
5 40.315269 -11.541552 71.703278 -0.493655 -0.640360 0.588425 0.077500 0.016600
5 38.801170 -13.334585 68.310242 0.255903 -0.876722 0.407274 0.095900 0.049000
ConmocionLance.jpg
5 40.315269 -11.541552 71.703278 -0.493655 -0.640360 0.588425 0.077500 0.016600
5 43.207150 -5.394016 54.878754 0.151473 -0.015115 0.988346 0.004600 0.164900
5 46.528923 -6.325027 71.664246 0.719118 -0.671292 -0.179544 0.004600 0.009100
ConmocionLance.jpg
5 28.557121 -5.232966 -34.586624 -0.657569 -0.641567 -0.394962 0.910800 0.066400
5 27.917763 -8.416954 -24.922302 -0.128314 -0.973328 -0.190179 0.840400 0.062900
5 27.171555 -7.728131 -24.798782 -0.998511 0.036756 -0.040320 0.840400 0.069800
ConmocionLance.jpg
5 27.917763 -8.416954 -24.922302 -0.128314 -0.973328 -0.190179 0.840400 0.062900
5 29.218628 -11.550995 -1.510628 0.363337 -0.925484 -0.107077 0.676800 0.061400
5 28.130478 -10.546499 -1.330627 -0.952558 0.289679 0.093378 0.676800 0.071300
ConmocionLance.jpg
5 28.130478 -10.546499 -1.330627 -0.952558 0.289679 0.093378 0.676800 0.071300
5 27.171555 -7.728131 -24.798782 -0.998511 0.036756 -0.040320 0.840400 0.069800
5 27.917763 -8.416954 -24.922302 -0.128314 -0.973328 -0.190179 0.840400 0.062900
ConmocionLance.jpg
5 29.218628 -11.550995 -1.510628 0.363337 -0.925484 -0.107077 0.676800 0.061400
5 36.953751 -15.587248 65.127357 0.351185 -0.917116 0.188595 0.209400 0.059200
5 35.399231 -14.152233 65.384537 -0.945449 0.199198 0.257773 0.209400 0.073400
ConmocionLance.jpg
5 35.399231 -14.152233 65.384537 -0.945449 0.199198 0.257773 0.209400 0.073400
5 28.130478 -10.546499 -1.330627 -0.952558 0.289679 0.093378 0.676800 0.071300
5 29.218628 -11.550995 -1.510628 0.363337 -0.925484 -0.107077 0.676800 0.061400
ConmocionLance.jpg
5 38.801170 -13.334585 68.310242 0.255903 -0.876722 0.407274 0.180000 0.062800
5 40.315269 -11.541552 71.703278 -0.493655 -0.640360 0.588425 0.151800 0.066400
5 40.315269 -11.541552 71.703278 -0.493655 -0.640360 0.588425 0.151800 0.066400
ConmocionLance.jpg
5 40.315269 -11.541552 71.703278 -0.493655 -0.640360 0.588425 0.151800 0.066400
5 38.053822 -12.644672 68.433907 -0.755227 -0.090075 0.649244 0.180000 0.069900
5 38.801170 -13.334585 68.310242 0.255903 -0.876722 0.407274 0.180000 0.062800
ConmocionLance.jpg
5 36.953751 -15.587248 65.127357 0.351185 -0.917116 0.188595 0.209400 0.059200
5 38.801170 -13.334585 68.310242 0.255903 -0.876722 0.407274 0.180000 0.062800
5 38.053822 -12.644672 68.433907 -0.755227 -0.090075 0.649244 0.180000 0.069900
ConmocionLance.jpg
5 38.053822 -12.644672 68.433907 -0.755227 -0.090075 0.649244 0.180000 0.069900
5 35.399231 -14.152233 65.384537 -0.945449 0.199198 0.257773 0.209400 0.073400
5 36.953751 -15.587248 65.127357 0.351185 -0.917116 0.188595 0.209400 0.059200
ConmocionLance.jpg
5 28.130478 -10.546499 -1.330627 -0.952558 0.289679 0.093378 0.084200 0.690800
5 34.843346 -5.822265 6.697945 0.680968 0.731550 0.033415 0.018300 0.609900
5 27.171555 -7.728131 -24.798782 -0.998511 0.036756 -0.040320 0.051600 0.903700
ConmocionLance.jpg
5 27.171555 -7.728131 -24.798782 -0.998511 0.036756 -0.040320 0.051600 0.903700
5 34.843346 -5.822265 6.697945 0.680968 0.731550 0.033415 0.018300 0.609900
5 28.557121 -5.232966 -34.586624 -0.657569 -0.641567 -0.394962 0.018300 0.990200
ConmocionLance.jpg
5 34.843346 -5.822265 6.697945 0.680968 0.731550 0.033415 0.018300 0.609900
5 28.130478 -10.546499 -1.330627 -0.952558 0.289679 0.093378 0.084200 0.690800
5 33.958847 -7.605727 11.311279 0.683178 0.707769 0.179810 0.039500 0.569400
ConmocionLance.jpg
5 33.958847 -7.605727 11.311279 0.683178 0.707769 0.179810 0.039500 0.569400
5 28.130478 -10.546499 -1.330627 -0.952558 0.289679 0.093378 0.084200 0.690800
5 34.398651 -8.545642 19.215324 0.674290 0.737438 -0.038962 0.049700 0.497500
ConmocionLance.jpg
5 28.130478 -10.546499 -1.330627 -0.952558 0.289679 0.093378 0.084200 0.690800
5 35.399231 -14.152233 65.384537 -0.945449 0.199198 0.257773 0.119700 0.079900
5 37.747017 -8.890427 41.381874 0.663983 0.739333 -0.111864 0.050100 0.293400
ConmocionLance.jpg
5 37.747017 -8.890427 41.381874 0.663983 0.739333 -0.111864 0.050100 0.293400
5 34.398651 -8.545642 19.215324 0.674290 0.737438 -0.038962 0.049700 0.497500
5 28.130478 -10.546499 -1.330627 -0.952558 0.289679 0.093378 0.084200 0.690800
ConmocionLance.jpg
5 37.747017 -8.890427 41.381874 0.663983 0.739333 -0.111864 0.050100 0.293400
5 35.399231 -14.152233 65.384537 -0.945449 0.199198 0.257773 0.119700 0.079900
5 39.710258 -8.172358 49.243458 0.588187 0.707410 -0.391927 0.039800 0.220000
ConmocionLance.jpg
5 35.399231 -14.152233 65.384537 -0.945449 0.199198 0.257773 0.119700 0.079900
5 38.053822 -12.644672 68.433907 -0.755227 -0.090075 0.649244 0.095900 0.049000
5 43.207150 -5.394016 54.878754 0.151473 -0.015115 0.988346 0.004600 0.164900
ConmocionLance.jpg
5 43.207150 -5.394016 54.878754 0.151473 -0.015115 0.988346 0.004600 0.164900
5 39.710258 -8.172358 49.243458 0.588187 0.707410 -0.391927 0.039800 0.220000
5 35.399231 -14.152233 65.384537 -0.945449 0.199198 0.257773 0.119700 0.079900
ConmocionLance.jpg
5 43.207150 -5.394016 54.878754 0.151473 -0.015115 0.988346 0.004600 0.164900
5 38.053822 -12.644672 68.433907 -0.755227 -0.090075 0.649244 0.095900 0.049000
5 40.315269 -11.541552 71.703278 -0.493655 -0.640360 0.588425 0.077500 0.016600
ConmocionLance.jpg
5 40.315269 -11.541552 71.703278 -0.493655 -0.640360 0.588425 0.077500 0.016600
5 45.030472 -4.941795 71.912071 -0.737146 0.672971 0.061041 0.004600 0.009100
5 43.207150 -5.394016 54.878754 0.151473 -0.015115 0.988346 0.004600 0.164900
ConmocionLance.jpg
5 63.219933 -5.952456 175.468445 0.990614 0.046005 -0.128717 0.984200 0.005600
5 62.821831 -6.393378 175.522827 0.729359 -0.673409 -0.120647 0.992400 0.005600
5 60.732918 -6.197739 161.802551 0.729389 -0.673376 -0.120651 0.992400 0.198100
ConmocionLance.jpg
5 60.732918 -6.197739 161.802551 0.729389 -0.673376 -0.120651 0.992400 0.198100
5 61.408859 -5.449021 161.710373 0.994455 0.043953 -0.095542 0.978400 0.198100
5 63.219933 -5.952456 175.468445 0.990614 0.046005 -0.128717 0.984200 0.005600
ConmocionLance.jpg
5 61.408859 -5.449021 161.710373 0.994455 0.043953 -0.095542 0.978400 0.198100
5 60.732918 -6.197739 161.802551 0.729389 -0.673376 -0.120651 0.992400 0.198100
5 58.553947 -5.993679 147.490540 0.729419 -0.673343 -0.120655 0.992400 0.398800
ConmocionLance.jpg
5 58.553947 -5.993679 147.490540 0.729419 -0.673343 -0.120655 0.992400 0.398800
5 60.207535 -4.159296 147.250305 0.996500 0.007132 0.083293 0.958000 0.399000
5 61.408859 -5.449021 161.710373 0.994455 0.043953 -0.095542 0.978400 0.198100
ConmocionLance.jpg
5 60.207535 -4.159296 147.250305 0.996500 0.007132 0.083293 0.958000 0.399000
5 58.553947 -5.993679 147.490540 0.729419 -0.673343 -0.120655 0.992400 0.398800
5 59.079147 -3.815268 138.508682 0.783329 -0.097497 -0.613913 0.953900 0.521300
ConmocionLance.jpg
5 59.079147 -3.815268 138.508682 0.783329 -0.097497 -0.613913 0.953900 0.521300
5 61.397980 -1.613159 140.237854 0.738424 0.325355 -0.590655 0.912100 0.493200
5 60.207535 -4.159296 147.250305 0.996500 0.007132 0.083293 0.958000 0.399000
ConmocionLance.jpg
5 58.553947 -5.993679 147.490540 0.729419 -0.673343 -0.120655 0.992400 0.398800
5 56.688560 -5.817198 135.228699 0.823114 -0.057237 -0.564985 0.992400 0.570800
5 59.079147 -3.815268 138.508682 0.783329 -0.097497 -0.613913 0.953900 0.521300
ConmocionLance.jpg
5 63.219933 -5.952456 175.468445 0.990614 0.046005 -0.128717 0.941600 0.007500
5 61.408859 -5.449021 161.710373 0.994455 0.043953 -0.095542 0.941600 0.141300
5 60.678062 -4.774429 161.831207 -0.028098 0.997984 0.056903 0.931700 0.141300
ConmocionLance.jpg
5 60.678062 -4.774429 161.831207 -0.028098 0.997984 0.056903 0.931700 0.141300
5 62.489151 -5.277845 175.589325 -0.324303 0.942850 0.076558 0.931700 0.007500
5 63.219933 -5.952456 175.468445 0.990614 0.046005 -0.128717 0.941600 0.007500
ConmocionLance.jpg
5 61.408859 -5.449021 161.710373 0.994455 0.043953 -0.095542 0.941600 0.141300
5 60.207535 -4.159296 147.250305 0.996500 0.007132 0.083293 0.941600 0.279000
5 59.476746 -3.484681 147.371185 -0.035217 0.984301 0.172952 0.931700 0.279000
ConmocionLance.jpg
5 59.476746 -3.484681 147.371185 -0.035217 0.984301 0.172952 0.931700 0.279000
5 60.678062 -4.774429 161.831207 -0.028098 0.997984 0.056903 0.931700 0.141300
5 61.408859 -5.449021 161.710373 0.994455 0.043953 -0.095542 0.941600 0.141300
ConmocionLance.jpg
5 60.207535 -4.159296 147.250305 0.996500 0.007132 0.083293 0.941600 0.279000
5 61.397980 -1.613159 140.237854 0.738424 0.325355 -0.590655 0.941600 0.338300
5 60.667206 -0.938526 140.358795 0.331847 0.943156 -0.018287 0.931700 0.338300
ConmocionLance.jpg
5 60.667206 -0.938526 140.358795 0.331847 0.943156 -0.018287 0.931700 0.338300
5 59.476746 -3.484681 147.371185 -0.035217 0.984301 0.172952 0.931700 0.279000
5 60.207535 -4.159296 147.250305 0.996500 0.007132 0.083293 0.941600 0.279000
ConmocionLance.jpg
5 59.079147 -3.815268 138.508682 0.783329 -0.097497 -0.613913 0.941600 0.364000
5 56.688560 -5.817198 135.228699 0.823114 -0.057237 -0.564985 0.941600 0.404200
5 55.957771 -5.142571 135.349609 0.063175 0.830730 -0.553080 0.931700 0.404200
ConmocionLance.jpg
5 55.957771 -5.142571 135.349609 0.063175 0.830730 -0.553080 0.931700 0.404200
5 58.348351 -3.140643 138.629578 -0.295759 0.821241 -0.487945 0.931700 0.364000
5 59.079147 -3.815268 138.508682 0.783329 -0.097497 -0.613913 0.941600 0.364000
ConmocionLance.jpg
5 61.397980 -1.613159 140.237854 0.738424 0.325355 -0.590655 0.941600 0.338300
5 59.079147 -3.815268 138.508682 0.783329 -0.097497 -0.613913 0.941600 0.364000
5 58.348351 -3.140643 138.629578 -0.295759 0.821241 -0.487945 0.931700 0.364000
ConmocionLance.jpg
5 58.348351 -3.140643 138.629578 -0.295759 0.821241 -0.487945 0.931700 0.364000
5 60.667206 -0.938526 140.358795 0.331847 0.943156 -0.018287 0.931700 0.338300
5 61.397980 -1.613159 140.237854 0.738424 0.325355 -0.590655 0.941600 0.338300
ConmocionLance.jpg
5 62.489151 -5.277845 175.589325 -0.324303 0.942850 0.076558 0.984200 0.005600
5 60.678062 -4.774429 161.831207 -0.028098 0.997984 0.056903 0.978400 0.198100
5 59.981575 -5.504157 161.926819 -0.706040 0.698316 0.117734 0.992400 0.198100
ConmocionLance.jpg
5 59.981575 -5.504157 161.926819 -0.706040 0.698316 0.117734 0.992400 0.198100
5 62.070480 -5.699784 175.647079 -0.697042 0.707550 0.116213 0.992400 0.005600
5 62.489151 -5.277845 175.589325 -0.324303 0.942850 0.076558 0.984200 0.005600
ConmocionLance.jpg
5 60.678062 -4.774429 161.831207 -0.028098 0.997984 0.056903 0.978400 0.198100
5 59.476746 -3.484681 147.371185 -0.035217 0.984301 0.172952 0.958000 0.399000
5 57.802544 -5.300081 147.614777 -0.720455 0.683173 0.119245 0.992400 0.398800
ConmocionLance.jpg
5 57.802544 -5.300081 147.614777 -0.720455 0.683173 0.119245 0.992400 0.398800
5 59.981575 -5.504157 161.926819 -0.706040 0.698316 0.117734 0.992400 0.198100
5 60.678062 -4.774429 161.831207 -0.028098 0.997984 0.056903 0.978400 0.198100
ConmocionLance.jpg
5 59.476746 -3.484681 147.371185 -0.035217 0.984301 0.172952 0.958000 0.399000
5 60.667206 -0.938526 140.358795 0.331847 0.943156 -0.018287 0.912100 0.493200
5 58.348351 -3.140643 138.629578 -0.295759 0.821241 -0.487945 0.953900 0.521300
ConmocionLance.jpg
5 58.348351 -3.140643 138.629578 -0.295759 0.821241 -0.487945 0.953900 0.521300
5 57.802544 -5.300081 147.614777 -0.720455 0.683173 0.119245 0.992400 0.398800
5 59.476746 -3.484681 147.371185 -0.035217 0.984301 0.172952 0.958000 0.399000
ConmocionLance.jpg
5 57.802544 -5.300081 147.614777 -0.720455 0.683173 0.119245 0.992400 0.398800
5 58.348351 -3.140643 138.629578 -0.295759 0.821241 -0.487945 0.953900 0.521300
5 55.957771 -5.142571 135.349609 0.063175 0.830730 -0.553080 0.992400 0.570800
ConmocionLance.jpg
5 60.602356 -8.852043 175.825653 0.047334 -0.998879 0.000002 0.984200 0.005600
5 58.235573 -8.964216 162.143341 0.053838 -0.998011 0.032808 0.978400 0.198100
5 58.911476 -8.215471 162.051102 0.729428 -0.673332 -0.120657 0.992400 0.198100
ConmocionLance.jpg
5 58.911476 -8.215471 162.051102 0.729428 -0.673332 -0.120657 0.992400 0.198100
5 61.000381 -8.411119 175.771286 0.729426 -0.673335 -0.120657 0.992400 0.005600
5 60.602356 -8.852043 175.825653 0.047334 -0.998879 0.000002 0.984200 0.005600
ConmocionLance.jpg
5 58.235573 -8.964216 162.143341 0.053838 -0.998011 0.032808 0.978400 0.198100
5 55.074532 -9.845352 147.950745 0.112110 -0.972536 0.203973 0.958000 0.399000
5 56.732460 -8.011390 147.739044 0.729427 -0.673334 -0.120657 0.992400 0.398800
ConmocionLance.jpg
5 56.732460 -8.011390 147.739044 0.729427 -0.673334 -0.120657 0.992400 0.398800
5 58.911476 -8.215471 162.051102 0.729428 -0.673332 -0.120657 0.992400 0.198100
5 58.235573 -8.964216 162.143341 0.053838 -0.998011 0.032808 0.978400 0.198100
ConmocionLance.jpg
5 55.074532 -9.845352 147.950745 0.112110 -0.972536 0.203973 0.958000 0.399000
5 51.840698 -12.200119 141.542023 -0.311963 -0.838194 -0.447336 0.912100 0.493200
5 53.549377 -9.940861 139.263321 0.107290 -0.846381 -0.521659 0.953900 0.521300
ConmocionLance.jpg
5 53.549377 -9.940861 139.263321 0.107290 -0.846381 -0.521659 0.953900 0.521300
5 56.732460 -8.011390 147.739044 0.729427 -0.673334 -0.120657 0.992400 0.398800
5 55.074532 -9.845352 147.950745 0.112110 -0.972536 0.203973 0.958000 0.399000
ConmocionLance.jpg
5 56.732460 -8.011390 147.739044 0.729427 -0.673334 -0.120657 0.992400 0.398800
5 53.549377 -9.940861 139.263321 0.107290 -0.846381 -0.521659 0.953900 0.521300
5 54.864159 -7.838166 135.477692 0.077887 -0.882781 -0.463282 0.992400 0.570800
ConmocionLance.jpg
5 60.602356 -8.852043 175.825653 0.047334 -0.998879 0.000002 0.941600 0.007500
5 59.871536 -8.177397 175.946594 -0.956327 0.242763 0.162803 0.931700 0.007500
5 57.504738 -8.289580 162.264267 -0.980711 -0.057256 0.186891 0.931700 0.141300
ConmocionLance.jpg
5 57.504738 -8.289580 162.264267 -0.980711 -0.057256 0.186891 0.931700 0.141300
5 58.235573 -8.964216 162.143341 0.053838 -0.998011 0.032808 0.941600 0.141300
5 60.602356 -8.852043 175.825653 0.047334 -0.998879 0.000002 0.941600 0.007500
ConmocionLance.jpg
5 58.235573 -8.964216 162.143341 0.053838 -0.998011 0.032808 0.941600 0.141300
5 57.504738 -8.289580 162.264267 -0.980711 -0.057256 0.186891 0.931700 0.141300
5 54.343704 -9.170736 148.071625 -0.953887 -0.033348 0.298307 0.931700 0.279000
ConmocionLance.jpg
5 54.343704 -9.170736 148.071625 -0.953887 -0.033348 0.298307 0.931700 0.279000
5 55.074532 -9.845352 147.950745 0.112110 -0.972536 0.203973 0.941600 0.279000
5 58.235573 -8.964216 162.143341 0.053838 -0.998011 0.032808 0.941600 0.141300
ConmocionLance.jpg
5 55.074532 -9.845352 147.950745 0.112110 -0.972536 0.203973 0.941600 0.279000
5 54.343704 -9.170736 148.071625 -0.953887 -0.033348 0.298307 0.931700 0.279000
5 51.109894 -11.525509 141.662903 -0.896378 -0.417390 0.149304 0.931700 0.338300
ConmocionLance.jpg
5 51.109894 -11.525509 141.662903 -0.896378 -0.417390 0.149304 0.931700 0.338300
5 51.840698 -12.200119 141.542023 -0.311963 -0.838194 -0.447336 0.941600 0.338300
5 55.074532 -9.845352 147.950745 0.112110 -0.972536 0.203973 0.941600 0.279000
ConmocionLance.jpg
5 53.549377 -9.940861 139.263321 0.107290 -0.846381 -0.521659 0.941600 0.364000
5 52.818542 -9.266230 139.384232 -0.901839 0.149862 -0.405250 0.931700 0.364000
5 54.133369 -7.163563 135.598511 -0.879847 -0.213909 -0.424396 0.931700 0.404200
ConmocionLance.jpg
5 54.133369 -7.163563 135.598511 -0.879847 -0.213909 -0.424396 0.931700 0.404200
5 54.864159 -7.838166 135.477692 0.077887 -0.882781 -0.463282 0.941600 0.404200
5 53.549377 -9.940861 139.263321 0.107290 -0.846381 -0.521659 0.941600 0.364000
ConmocionLance.jpg
5 51.840698 -12.200119 141.542023 -0.311963 -0.838194 -0.447336 0.941600 0.338300
5 51.109894 -11.525509 141.662903 -0.896378 -0.417390 0.149304 0.931700 0.338300
5 52.818542 -9.266230 139.384232 -0.901839 0.149862 -0.405250 0.931700 0.364000
ConmocionLance.jpg
5 52.818542 -9.266230 139.384232 -0.901839 0.149862 -0.405250 0.931700 0.364000
5 53.549377 -9.940861 139.263321 0.107290 -0.846381 -0.521659 0.941600 0.364000
5 51.840698 -12.200119 141.542023 -0.311963 -0.838194 -0.447336 0.941600 0.338300
ConmocionLance.jpg
5 59.871536 -8.177397 175.946594 -0.956327 0.242763 0.162803 0.984200 0.005600
5 60.248993 -7.717490 175.895630 -0.760120 0.637681 0.124821 0.992400 0.005600
5 58.160088 -7.521861 162.175385 -0.751830 0.647596 0.123981 0.992400 0.198100
ConmocionLance.jpg
5 58.160088 -7.521861 162.175385 -0.751830 0.647596 0.123981 0.992400 0.198100
5 57.504738 -8.289580 162.264267 -0.980711 -0.057256 0.186891 0.978400 0.198100
5 59.871536 -8.177397 175.946594 -0.956327 0.242763 0.162803 0.984200 0.005600
ConmocionLance.jpg
5 57.504738 -8.289580 162.264267 -0.980711 -0.057256 0.186891 0.978400 0.198100
5 58.160088 -7.521861 162.175385 -0.751830 0.647596 0.123981 0.992400 0.198100
5 55.981094 -7.317799 147.863312 -0.738301 0.663404 0.121679 0.992400 0.398800
ConmocionLance.jpg
5 55.981094 -7.317799 147.863312 -0.738301 0.663404 0.121679 0.992400 0.398800
5 54.343704 -9.170736 148.071625 -0.953887 -0.033348 0.298307 0.958000 0.399000
5 57.504738 -8.289580 162.264267 -0.980711 -0.057256 0.186891 0.978400 0.198100
ConmocionLance.jpg
5 54.343704 -9.170736 148.071625 -0.953887 -0.033348 0.298307 0.958000 0.399000
5 55.981094 -7.317799 147.863312 -0.738301 0.663404 0.121679 0.992400 0.398800
5 52.818542 -9.266230 139.384232 -0.901839 0.149862 -0.405250 0.953900 0.521300
ConmocionLance.jpg
5 52.818542 -9.266230 139.384232 -0.901839 0.149862 -0.405250 0.953900 0.521300
5 51.109894 -11.525509 141.662903 -0.896378 -0.417390 0.149304 0.912100 0.493200
5 54.343704 -9.170736 148.071625 -0.953887 -0.033348 0.298307 0.958000 0.399000
ConmocionLance.jpg
5 55.981094 -7.317799 147.863312 -0.738301 0.663404 0.121679 0.992400 0.398800
5 54.133369 -7.163563 135.598511 -0.879847 -0.213909 -0.424396 0.992400 0.570800
5 52.818542 -9.266230 139.384232 -0.901839 0.149862 -0.405250 0.953900 0.521300
ConmocionLance.jpg
5 60.448502 -5.354038 175.898987 -0.040502 0.998303 0.041841 0.984200 0.005600
5 60.883606 -5.755679 175.827072 0.667299 0.739202 -0.091065 0.992400 0.005600
5 58.794586 -5.560123 162.106689 0.667310 0.739193 -0.091062 0.992400 0.198100
ConmocionLance.jpg
5 58.794586 -5.560123 162.106689 0.667310 0.739193 -0.091062 0.992400 0.198100
5 58.055855 -4.878161 162.228928 -0.033890 0.996637 0.074610 0.978400 0.198100
5 60.448502 -5.354038 175.898987 -0.040502 0.998303 0.041841 0.984200 0.005600
ConmocionLance.jpg
5 58.055855 -4.878161 162.228928 -0.033890 0.996637 0.074610 0.978400 0.198100
5 58.794586 -5.560123 162.106689 0.667310 0.739193 -0.091062 0.992400 0.198100
5 56.615646 -5.356011 147.794739 0.667302 0.739201 -0.091055 0.992400 0.398800
ConmocionLance.jpg
5 56.615646 -5.356011 147.794739 0.667302 0.739201 -0.091055 0.992400 0.398800
5 54.803513 -3.685073 148.079803 0.026714 0.969240 0.244663 0.958000 0.399000
5 58.055855 -4.878161 162.228928 -0.033890 0.996637 0.074610 0.978400 0.198100
ConmocionLance.jpg
5 54.803513 -3.685073 148.079803 0.026714 0.969240 0.244663 0.958000 0.399000
5 56.615646 -5.356011 147.794739 0.667302 0.739201 -0.091055 0.992400 0.398800
5 53.259987 -3.360679 139.401230 0.031657 0.873597 -0.485620 0.953900 0.521300
ConmocionLance.jpg
5 53.259987 -3.360679 139.401230 0.031657 0.873597 -0.485620 0.953900 0.521300
5 51.363823 -1.357263 141.769226 -0.385106 0.825565 -0.412475 0.912100 0.493200
5 54.803513 -3.685073 148.079803 0.026714 0.969240 0.244663 0.958000 0.399000
ConmocionLance.jpg
5 56.615646 -5.356011 147.794739 0.667302 0.739201 -0.091055 0.992400 0.398800
5 54.747261 -5.179809 135.533310 -0.000763 0.904802 -0.425833 0.992400 0.570800
5 53.259987 -3.360679 139.401230 0.031657 0.873597 -0.485620 0.953900 0.521300
ConmocionLance.jpg
5 60.448502 -5.354038 175.898987 -0.040502 0.998303 0.041841 0.941600 0.007500
5 58.055855 -4.878161 162.228928 -0.033890 0.996637 0.074610 0.941600 0.141300
5 57.387367 -5.618697 162.320190 -0.981607 -0.036879 0.187317 0.931700 0.141300
ConmocionLance.jpg
5 57.387367 -5.618697 162.320190 -0.981607 -0.036879 0.187317 0.931700 0.141300
5 59.779938 -6.094618 175.990158 -0.931044 -0.332312 0.150751 0.931700 0.007500
5 60.448502 -5.354038 175.898987 -0.040502 0.998303 0.041841 0.941600 0.007500
ConmocionLance.jpg
5 58.055855 -4.878161 162.228928 -0.033890 0.996637 0.074610 0.941600 0.141300
5 54.803513 -3.685073 148.079803 0.026714 0.969240 0.244663 0.941600 0.279000
5 54.135025 -4.425606 148.171082 -0.952584 -0.062981 0.297688 0.931700 0.279000
ConmocionLance.jpg
5 54.135025 -4.425606 148.171082 -0.952584 -0.062981 0.297688 0.931700 0.279000
5 57.387367 -5.618697 162.320190 -0.981607 -0.036879 0.187317 0.931700 0.141300
5 58.055855 -4.878161 162.228928 -0.033890 0.996637 0.074610 0.941600 0.141300
ConmocionLance.jpg
5 54.803513 -3.685073 148.079803 0.026714 0.969240 0.244663 0.941600 0.279000
5 51.363823 -1.357263 141.769226 -0.385106 0.825565 -0.412475 0.941600 0.338300
5 50.695313 -2.097785 141.860474 -0.929268 0.330523 0.164974 0.931700 0.338300
ConmocionLance.jpg
5 50.695313 -2.097785 141.860474 -0.929268 0.330523 0.164974 0.931700 0.338300
5 54.135025 -4.425606 148.171082 -0.952584 -0.062981 0.297688 0.931700 0.279000
5 54.803513 -3.685073 148.079803 0.026714 0.969240 0.244663 0.941600 0.279000
ConmocionLance.jpg
5 53.259987 -3.360679 139.401230 0.031657 0.873597 -0.485620 0.941600 0.364000
5 54.747261 -5.179809 135.533310 -0.000763 0.904802 -0.425833 0.941600 0.404200
5 54.078781 -5.920300 135.624619 -0.896002 0.153429 -0.416700 0.931700 0.404200
ConmocionLance.jpg
5 54.078781 -5.920300 135.624619 -0.896002 0.153429 -0.416700 0.931700 0.404200
5 52.591461 -4.101202 139.492401 -0.885952 -0.211327 -0.412832 0.931700 0.364000
5 53.259987 -3.360679 139.401230 0.031657 0.873597 -0.485620 0.941600 0.364000
ConmocionLance.jpg
5 51.363823 -1.357263 141.769226 -0.385106 0.825565 -0.412475 0.941600 0.338300
5 53.259987 -3.360679 139.401230 0.031657 0.873597 -0.485620 0.941600 0.364000
5 52.591461 -4.101202 139.492401 -0.885952 -0.211327 -0.412832 0.931700 0.364000
ConmocionLance.jpg
5 52.591461 -4.101202 139.492401 -0.885952 -0.211327 -0.412832 0.931700 0.364000
5 50.695313 -2.097785 141.860474 -0.929268 0.330523 0.164974 0.931700 0.338300
5 51.363823 -1.357263 141.769226 -0.385106 0.825565 -0.412475 0.941600 0.338300
ConmocionLance.jpg
5 59.779938 -6.094618 175.990158 -0.931044 -0.332312 0.150751 0.984200 0.005600
5 57.387367 -5.618697 162.320190 -0.981607 -0.036879 0.187317 0.978400 0.198100
5 58.107315 -6.321515 162.200500 -0.691894 -0.715666 0.095419 0.992400 0.198100
ConmocionLance.jpg
5 58.107315 -6.321515 162.200500 -0.691894 -0.715666 0.095419 0.992400 0.198100
5 60.196220 -6.517137 175.920776 -0.701028 -0.706553 0.096657 0.992400 0.005600
5 59.779938 -6.094618 175.990158 -0.931044 -0.332312 0.150751 0.984200 0.005600
ConmocionLance.jpg
5 57.387367 -5.618697 162.320190 -0.981607 -0.036879 0.187317 0.978400 0.198100
5 54.135025 -4.425606 148.171082 -0.952584 -0.062981 0.297688 0.958000 0.399000
5 55.928284 -6.117423 147.888458 -0.677029 -0.730123 0.092479 0.992400 0.398800
ConmocionLance.jpg
5 55.928284 -6.117423 147.888458 -0.677029 -0.730123 0.092479 0.992400 0.398800
5 58.107315 -6.321515 162.200500 -0.691894 -0.715666 0.095419 0.992400 0.198100
5 57.387367 -5.618697 162.320190 -0.981607 -0.036879 0.187317 0.978400 0.198100
ConmocionLance.jpg
5 54.135025 -4.425606 148.171082 -0.952584 -0.062981 0.297688 0.958000 0.399000
5 50.695313 -2.097785 141.860474 -0.929268 0.330523 0.164974 0.912100 0.493200
5 52.591461 -4.101202 139.492401 -0.885952 -0.211327 -0.412832 0.953900 0.521300
ConmocionLance.jpg
5 52.591461 -4.101202 139.492401 -0.885952 -0.211327 -0.412832 0.953900 0.521300
5 55.928284 -6.117423 147.888458 -0.677029 -0.730123 0.092479 0.992400 0.398800
5 54.135025 -4.425606 148.171082 -0.952584 -0.062981 0.297688 0.958000 0.399000
ConmocionLance.jpg
5 55.928284 -6.117423 147.888458 -0.677029 -0.730123 0.092479 0.992400 0.398800
5 52.591461 -4.101202 139.492401 -0.885952 -0.211327 -0.412832 0.953900 0.521300
5 54.078781 -5.920300 135.624619 -0.896002 0.153429 -0.416700 0.992400 0.570800
ConmocionLance.jpg
5 63.309761 -7.995292 175.425720 0.990593 0.046469 -0.128709 0.984200 0.005600
5 61.524475 -8.080105 161.655106 0.994299 0.047489 -0.095466 0.978400 0.198100
5 60.785721 -7.398104 161.777435 0.667307 0.739195 -0.091061 0.992400 0.198100
ConmocionLance.jpg
5 60.785721 -7.398104 161.777435 0.667307 0.739195 -0.091061 0.992400 0.198100
5 62.874687 -7.593691 175.497681 0.667283 0.739217 -0.091059 0.992400 0.005600
5 63.309761 -7.995292 175.425720 0.990593 0.046469 -0.128709 0.984200 0.005600
ConmocionLance.jpg
5 61.524475 -8.080105 161.655106 0.994299 0.047489 -0.095466 0.978400 0.198100
5 60.414482 -8.864594 147.151810 0.993434 0.076843 0.084754 0.958000 0.399000
5 58.606743 -7.194031 147.465347 0.667310 0.739193 -0.091058 0.992400 0.398800
ConmocionLance.jpg
5 58.606743 -7.194031 147.465347 0.667310 0.739193 -0.091058 0.992400 0.398800
5 60.785721 -7.398104 161.777435 0.667307 0.739195 -0.091061 0.992400 0.198100
5 61.524475 -8.080105 161.655106 0.994299 0.047489 -0.095466 0.978400 0.198100
ConmocionLance.jpg
5 60.414482 -8.864594 147.151810 0.993434 0.076843 0.084754 0.958000 0.399000
5 61.810806 -11.001031 140.041168 0.763035 -0.234294 -0.602398 0.912100 0.493200
5 59.304451 -8.940444 138.401382 0.770625 0.191443 -0.607854 0.953900 0.521300
ConmocionLance.jpg
5 59.304451 -8.940444 138.401382 0.770625 0.191443 -0.607854 0.953900 0.521300
5 58.606743 -7.194031 147.465347 0.667310 0.739193 -0.091058 0.992400 0.398800
5 60.414482 -8.864594 147.151810 0.993434 0.076843 0.084754 0.958000 0.399000
ConmocionLance.jpg
5 58.606743 -7.194031 147.465347 0.667310 0.739193 -0.091058 0.992400 0.398800
5 59.304451 -8.940444 138.401382 0.770625 0.191443 -0.607854 0.953900 0.521300
5 56.741417 -7.020646 135.203461 0.813884 0.152794 -0.560577 0.992400 0.570800
ConmocionLance.jpg
5 63.309761 -7.995292 175.425720 0.990593 0.046469 -0.128709 0.941600 0.007500
5 62.641129 -8.735866 175.516815 -0.240221 -0.970033 0.036482 0.931700 0.007500
5 60.855972 -8.820623 161.746445 0.059667 -0.998104 0.015080 0.931700 0.141300
ConmocionLance.jpg
5 60.855972 -8.820623 161.746445 0.059667 -0.998104 0.015080 0.931700 0.141300
5 61.524475 -8.080105 161.655106 0.994299 0.047489 -0.095466 0.941600 0.141300
5 63.309761 -7.995292 175.425720 0.990593 0.046469 -0.128709 0.941600 0.007500
ConmocionLance.jpg
5 61.524475 -8.080105 161.655106 0.994299 0.047489 -0.095466 0.941600 0.141300
5 60.855972 -8.820623 161.746445 0.059667 -0.998104 0.015080 0.931700 0.141300
5 59.745956 -9.605145 147.242966 0.051597 -0.989962 0.131581 0.931700 0.279000
ConmocionLance.jpg
5 59.745956 -9.605145 147.242966 0.051597 -0.989962 0.131581 0.931700 0.279000
5 60.414482 -8.864594 147.151810 0.993434 0.076843 0.084754 0.941600 0.279000
5 61.524475 -8.080105 161.655106 0.994299 0.047489 -0.095466 0.941600 0.141300
ConmocionLance.jpg
5 60.414482 -8.864594 147.151810 0.993434 0.076843 0.084754 0.941600 0.279000
5 59.745956 -9.605145 147.242966 0.051597 -0.989962 0.131581 0.931700 0.279000
5 61.142311 -11.741582 140.132370 0.413281 -0.908811 -0.057107 0.931700 0.338300
ConmocionLance.jpg
5 61.142311 -11.741582 140.132370 0.413281 -0.908811 -0.057107 0.931700 0.338300
5 61.810806 -11.001031 140.041168 0.763035 -0.234294 -0.602398 0.941600 0.338300
5 60.414482 -8.864594 147.151810 0.993434 0.076843 0.084754 0.941600 0.279000
ConmocionLance.jpg
5 59.304451 -8.940444 138.401382 0.770625 0.191443 -0.607854 0.941600 0.364000
5 58.635979 -9.680965 138.492569 -0.223449 -0.822890 -0.522420 0.931700 0.364000
5 56.072922 -7.761153 135.294708 0.134821 -0.798133 -0.587202 0.931700 0.404200
ConmocionLance.jpg
5 56.072922 -7.761153 135.294708 0.134821 -0.798133 -0.587202 0.931700 0.404200
5 56.741417 -7.020646 135.203461 0.813884 0.152794 -0.560577 0.941600 0.404200
5 59.304451 -8.940444 138.401382 0.770625 0.191443 -0.607854 0.941600 0.364000
ConmocionLance.jpg
5 61.810806 -11.001031 140.041168 0.763035 -0.234294 -0.602398 0.941600 0.338300
5 61.142311 -11.741582 140.132370 0.413281 -0.908811 -0.057107 0.931700 0.338300
5 58.635979 -9.680965 138.492569 -0.223449 -0.822890 -0.522420 0.931700 0.364000
ConmocionLance.jpg
5 58.635979 -9.680965 138.492569 -0.223449 -0.822890 -0.522420 0.931700 0.364000
5 59.304451 -8.940444 138.401382 0.770625 0.191443 -0.607854 0.941600 0.364000
5 61.810806 -11.001031 140.041168 0.763035 -0.234294 -0.602398 0.941600 0.338300
ConmocionLance.jpg
5 62.641129 -8.735866 175.516815 -0.240221 -0.970033 0.036482 0.984200 0.005600
5 62.187309 -8.355159 175.591370 -0.632098 -0.770184 0.085255 0.992400 0.005600
5 60.098396 -8.159517 161.871124 -0.641847 -0.761865 0.087140 0.992400 0.198100
ConmocionLance.jpg
5 60.098396 -8.159517 161.871124 -0.641847 -0.761865 0.087140 0.992400 0.198100
5 60.855972 -8.820623 161.746445 0.059667 -0.998104 0.015080 0.978400 0.198100
5 62.641129 -8.735866 175.516815 -0.240221 -0.970033 0.036482 0.984200 0.005600
ConmocionLance.jpg
5 60.855972 -8.820623 161.746445 0.059667 -0.998104 0.015080 0.978400 0.198100
5 60.098396 -8.159517 161.871124 -0.641847 -0.761865 0.087140 0.992400 0.198100
5 57.919388 -7.955450 147.559097 -0.657513 -0.748138 0.089250 0.992400 0.398800
ConmocionLance.jpg
5 57.919388 -7.955450 147.559097 -0.657513 -0.748138 0.089250 0.992400 0.398800
5 59.745956 -9.605145 147.242966 0.051597 -0.989962 0.131581 0.958000 0.399000
5 60.855972 -8.820623 161.746445 0.059667 -0.998104 0.015080 0.978400 0.198100
ConmocionLance.jpg
5 59.745956 -9.605145 147.242966 0.051597 -0.989962 0.131581 0.958000 0.399000
5 57.919388 -7.955450 147.559097 -0.657513 -0.748138 0.089250 0.992400 0.398800
5 58.635979 -9.680965 138.492569 -0.223449 -0.822890 -0.522420 0.953900 0.521300
ConmocionLance.jpg
5 58.635979 -9.680965 138.492569 -0.223449 -0.822890 -0.522420 0.953900 0.521300
5 61.142311 -11.741582 140.132370 0.413281 -0.908811 -0.057107 0.912100 0.493200
5 59.745956 -9.605145 147.242966 0.051597 -0.989962 0.131581 0.958000 0.399000
ConmocionLance.jpg
5 57.919388 -7.955450 147.559097 -0.657513 -0.748138 0.089250 0.992400 0.398800
5 56.072922 -7.761153 135.294708 0.134821 -0.798133 -0.587202 0.992400 0.570800
5 58.635979 -9.680965 138.492569 -0.223449 -0.822890 -0.522420 0.953900 0.521300
ConmocionLance.jpg
5 28.628529 1.867579 -1.229431 0.280252 0.957476 -0.068550 0.084200 0.690800
5 34.749203 -3.683773 6.742813 0.742581 -0.669745 0.004052 0.018300 0.609900
5 27.564682 -0.386934 -24.753967 -0.213564 0.965414 -0.149552 0.051600 0.903700
ConmocionLance.jpg
5 27.564682 -0.386934 -24.753967 -0.213564 0.965414 -0.149552 0.051600 0.903700
5 34.749203 -3.683773 6.742813 0.742581 -0.669745 0.004052 0.018300 0.609900
5 28.463112 -3.095659 -34.541901 -0.712039 0.597364 -0.368995 0.018300 0.990200
ConmocionLance.jpg
5 34.749203 -3.683773 6.742813 0.742581 -0.669745 0.004052 0.018300 0.609900
5 28.628529 1.867579 -1.229431 0.280252 0.957476 -0.068550 0.084200 0.690800
5 33.720226 -2.179186 11.424957 0.742972 -0.651994 0.151317 0.039500 0.569400
ConmocionLance.jpg
5 33.720226 -2.179186 11.424957 0.742972 -0.651994 0.151317 0.039500 0.569400
5 28.628529 1.867579 -1.229431 0.280252 0.957476 -0.068550 0.084200 0.690800
5 34.090370 -1.535625 19.362198 0.736317 -0.673158 -0.068520 0.049700 0.497500
ConmocionLance.jpg
5 28.628529 1.867579 -1.229431 0.280252 0.957476 -0.068550 0.084200 0.690800
5 35.649055 3.819720 62.556641 0.269480 0.935722 0.227605 0.119700 0.079900
5 37.436359 -1.825443 41.529968 0.725942 -0.672875 -0.142292 0.050100 0.293400
ConmocionLance.jpg
5 37.436359 -1.825443 41.529968 0.725942 -0.672875 -0.142292 0.050100 0.293400
5 34.090370 -1.535625 19.362198 0.736317 -0.673158 -0.068520 0.049700 0.497500
5 28.628529 1.867579 -1.229431 0.280252 0.957476 -0.068550 0.084200 0.690800
ConmocionLance.jpg
5 37.436359 -1.825443 41.529968 0.725942 -0.672875 -0.142292 0.050100 0.293400
5 35.649055 3.819720 62.556641 0.269480 0.935722 0.227605 0.119700 0.079900
5 39.469543 -2.696578 49.358227 0.644524 -0.634405 -0.426754 0.039800 0.220000
ConmocionLance.jpg
5 35.649055 3.819720 62.556641 0.269480 0.935722 0.227605 0.119700 0.079900
5 37.692848 1.606745 65.646042 0.172553 0.877575 0.447312 0.095900 0.049000
5 43.206989 -5.390472 54.878860 0.150568 -0.014061 0.988500 0.004600 0.164900
ConmocionLance.jpg
5 43.206989 -5.390472 54.878860 0.150568 -0.014061 0.988500 0.004600 0.164900
5 39.469543 -2.696578 49.358227 0.644524 -0.634405 -0.426754 0.039800 0.220000
5 35.649055 3.819720 62.556641 0.269480 0.935722 0.227605 0.119700 0.079900
ConmocionLance.jpg
5 43.206989 -5.390472 54.878860 0.150568 -0.014061 0.988500 0.004600 0.164900
5 37.692848 1.606745 65.646042 0.172553 0.877575 0.447312 0.095900 0.049000
5 39.364628 -0.186804 68.963882 -0.432193 0.483973 0.760907 0.077500 0.016600
ConmocionLance.jpg
5 39.364628 -0.186804 68.963882 -0.432193 0.483973 0.760907 0.077500 0.016600
5 45.916794 -5.481605 71.769432 0.665471 0.739314 -0.102775 0.004600 0.009100
5 43.206989 -5.390472 54.878860 0.150568 -0.014061 0.988500 0.004600 0.164900
ConmocionLance.jpg
5 28.463112 -3.095659 -34.541901 -0.712039 0.597364 -0.368995 0.910800 0.066400
5 26.882019 -1.143145 -24.660828 -0.991508 -0.122498 -0.043657 0.840400 0.069800
5 27.564682 -0.386934 -24.753967 -0.213564 0.965414 -0.149552 0.840400 0.062900
ConmocionLance.jpg
5 27.564682 -0.386934 -24.753967 -0.213564 0.965414 -0.149552 0.840400 0.062900
5 26.882019 -1.143145 -24.660828 -0.991508 -0.122498 -0.043657 0.840400 0.069800
5 27.633049 0.764842 -1.093582 -0.923403 -0.375617 0.078983 0.676800 0.071300
ConmocionLance.jpg
5 27.633049 0.764842 -1.093582 -0.923403 -0.375617 0.078983 0.676800 0.071300
5 28.628529 1.867579 -1.229431 0.280252 0.957476 -0.068550 0.676800 0.061400
5 27.564682 -0.386934 -24.753967 -0.213564 0.965414 -0.149552 0.840400 0.062900
ConmocionLance.jpg
5 28.628529 1.867579 -1.229431 0.280252 0.957476 -0.068550 0.676800 0.061400
5 27.633049 0.764842 -1.093582 -0.923403 -0.375617 0.078983 0.676800 0.071300
5 34.226959 2.244247 62.750687 -0.924006 -0.291811 0.247103 0.209400 0.073400
ConmocionLance.jpg
5 34.226959 2.244247 62.750687 -0.924006 -0.291811 0.247103 0.209400 0.073400
5 35.649055 3.819720 62.556641 0.269480 0.935722 0.227605 0.209400 0.059200
5 28.628529 1.867579 -1.229431 0.280252 0.957476 -0.068550 0.676800 0.061400
ConmocionLance.jpg
5 37.692848 1.606745 65.646042 0.172553 0.877575 0.447312 0.180000 0.062800
5 37.009102 0.849380 65.739372 -0.758354 0.000271 0.651843 0.180000 0.069900
5 39.364628 -0.186804 68.963882 -0.432193 0.483973 0.760907 0.151800 0.066400
ConmocionLance.jpg
5 39.364628 -0.186804 68.963882 -0.432193 0.483973 0.760907 0.151800 0.066400
5 39.364628 -0.186804 68.963882 -0.432193 0.483973 0.760907 0.151800 0.066400
5 37.692848 1.606745 65.646042 0.172553 0.877575 0.447312 0.180000 0.062800
ConmocionLance.jpg
5 35.649055 3.819720 62.556641 0.269480 0.935722 0.227605 0.209400 0.059200
5 34.226959 2.244247 62.750687 -0.924006 -0.291811 0.247103 0.209400 0.073400
5 37.009102 0.849380 65.739372 -0.758354 0.000271 0.651843 0.180000 0.069900
ConmocionLance.jpg
5 37.009102 0.849380 65.739372 -0.758354 0.000271 0.651843 0.180000 0.069900
5 37.692848 1.606745 65.646042 0.172553 0.877575 0.447312 0.180000 0.062800
5 35.649055 3.819720 62.556641 0.269480 0.935722 0.227605 0.209400 0.059200
ConmocionLance.jpg
5 27.633049 0.764842 -1.093582 -0.923403 -0.375617 0.078983 0.084200 0.690800
5 26.882019 -1.143145 -24.660828 -0.991508 -0.122498 -0.043657 0.051600 0.903700
5 34.749203 -3.683773 6.742813 0.742581 -0.669745 0.004052 0.018300 0.609900
ConmocionLance.jpg
5 26.882019 -1.143145 -24.660828 -0.991508 -0.122498 -0.043657 0.051600 0.903700
5 28.463112 -3.095659 -34.541901 -0.712039 0.597364 -0.368995 0.018300 0.990200
5 34.749203 -3.683773 6.742813 0.742581 -0.669745 0.004052 0.018300 0.609900
ConmocionLance.jpg
5 34.749203 -3.683773 6.742813 0.742581 -0.669745 0.004052 0.018300 0.609900
5 33.720226 -2.179186 11.424957 0.742972 -0.651994 0.151317 0.039500 0.569400
5 27.633049 0.764842 -1.093582 -0.923403 -0.375617 0.078983 0.084200 0.690800
ConmocionLance.jpg
5 33.720226 -2.179186 11.424957 0.742972 -0.651994 0.151317 0.039500 0.569400
5 34.090370 -1.535625 19.362198 0.736317 -0.673158 -0.068520 0.049700 0.497500
5 27.633049 0.764842 -1.093582 -0.923403 -0.375617 0.078983 0.084200 0.690800
ConmocionLance.jpg
5 27.633049 0.764842 -1.093582 -0.923403 -0.375617 0.078983 0.084200 0.690800
5 34.090370 -1.535625 19.362198 0.736317 -0.673158 -0.068520 0.049700 0.497500
5 37.436359 -1.825443 41.529968 0.725942 -0.672875 -0.142292 0.050100 0.293400
ConmocionLance.jpg
5 37.436359 -1.825443 41.529968 0.725942 -0.672875 -0.142292 0.050100 0.293400
5 34.226959 2.244247 62.750687 -0.924006 -0.291811 0.247103 0.119700 0.079900
5 27.633049 0.764842 -1.093582 -0.923403 -0.375617 0.078983 0.084200 0.690800
ConmocionLance.jpg
5 37.436359 -1.825443 41.529968 0.725942 -0.672875 -0.142292 0.050100 0.293400
5 39.469543 -2.696578 49.358227 0.644524 -0.634405 -0.426754 0.039800 0.220000
5 34.226959 2.244247 62.750687 -0.924006 -0.291811 0.247103 0.119700 0.079900
ConmocionLance.jpg
5 34.226959 2.244247 62.750687 -0.924006 -0.291811 0.247103 0.119700 0.079900
5 39.469543 -2.696578 49.358227 0.644524 -0.634405 -0.426754 0.039800 0.220000
5 43.206989 -5.390472 54.878860 0.150568 -0.014061 0.988500 0.004600 0.164900
ConmocionLance.jpg
5 43.206989 -5.390472 54.878860 0.150568 -0.014061 0.988500 0.004600 0.164900
5 37.009102 0.849380 65.739372 -0.758354 0.000271 0.651843 0.095900 0.049000
5 34.226959 2.244247 62.750687 -0.924006 -0.291811 0.247103 0.119700 0.079900
ConmocionLance.jpg
5 43.206989 -5.390472 54.878860 0.150568 -0.014061 0.988500 0.004600 0.164900
5 39.364628 -0.186804 68.963882 -0.432193 0.483973 0.760907 0.077500 0.016600
5 37.009102 0.849380 65.739372 -0.758354 0.000271 0.651843 0.095900 0.049000
ConmocionLance.jpg
5 39.364628 -0.186804 68.963882 -0.432193 0.483973 0.760907 0.077500 0.016600
5 43.206989 -5.390472 54.878860 0.150568 -0.014061 0.988500 0.004600 0.164900
5 45.642612 -5.785348 71.806831 -0.669084 -0.738973 0.079031 0.004600 0.009100
ConmocionLance.jpg
5 41.395081 -9.917427 -3.341148 0.910491 0.375696 -0.172798 0.084200 0.690800
5 35.107967 -7.350291 -26.001846 0.935688 -0.095506 -0.339657 0.051600 0.903700
5 36.952888 -5.718004 6.378296 -0.704779 0.666342 0.243464 0.018300 0.609900
ConmocionLance.jpg
5 35.107967 -7.350291 -26.001846 0.935688 -0.095506 -0.339657 0.051600 0.903700
5 30.666786 -5.129869 -34.906403 0.567427 -0.583856 -0.580637 0.018300 0.990200
5 36.952888 -5.718004 6.378296 -0.704779 0.666342 0.243464 0.018300 0.609900
ConmocionLance.jpg
5 36.952888 -5.718004 6.378296 -0.704779 0.666342 0.243464 0.018300 0.609900
5 39.320930 -7.349292 10.498528 -0.661451 0.644450 0.383624 0.039500 0.569400
5 41.395081 -9.917427 -3.341148 0.910491 0.375696 -0.172798 0.084200 0.690800
ConmocionLance.jpg
5 39.320930 -7.349292 10.498528 -0.661451 0.644450 0.383624 0.039500 0.569400
5 41.326447 -8.215358 18.165276 -0.720507 0.671659 0.172462 0.049700 0.497500
5 41.395081 -9.917427 -3.341148 0.910491 0.375696 -0.172798 0.084200 0.690800
ConmocionLance.jpg
5 41.395081 -9.917427 -3.341148 0.910491 0.375696 -0.172798 0.084200 0.690800
5 41.326447 -8.215358 18.165276 -0.720507 0.671659 0.172462 0.049700 0.497500
5 44.729252 -8.557648 40.323601 -0.732550 0.673481 0.098964 0.050100 0.293400
ConmocionLance.jpg
5 44.729252 -8.557648 40.323601 -0.732550 0.673481 0.098964 0.050100 0.293400
5 54.090073 -13.203474 59.506256 0.941944 0.314965 0.116360 0.119700 0.079900
5 41.395081 -9.917427 -3.341148 0.910491 0.375696 -0.172798 0.084200 0.690800
ConmocionLance.jpg
5 44.729252 -8.557648 40.323601 -0.732550 0.673481 0.098964 0.050100 0.293400
5 45.121078 -7.913615 48.423389 -0.739612 0.643310 -0.197804 0.039800 0.220000
5 54.090073 -13.203474 59.506256 0.941944 0.314965 0.116360 0.119700 0.079900
ConmocionLance.jpg
5 54.090073 -13.203474 59.506256 0.941944 0.314965 0.116360 0.119700 0.079900
5 45.121078 -7.913615 48.423389 -0.739612 0.643310 -0.197804 0.039800 0.220000
5 43.206989 -5.390472 54.878860 0.150568 -0.014061 0.988500 0.004600 0.164900
ConmocionLance.jpg
5 43.206989 -5.390472 54.878860 0.150568 -0.014061 0.988500 0.004600 0.164900
5 52.329140 -11.904216 63.225052 0.929713 0.178615 0.322072 0.095900 0.049000
5 54.090073 -13.203474 59.506256 0.941944 0.314965 0.116360 0.119700 0.079900
ConmocionLance.jpg
5 43.206989 -5.390472 54.878860 0.150568 -0.014061 0.988500 0.004600 0.164900
5 51.044067 -10.968256 67.031967 0.637019 -0.503073 0.584059 0.077500 0.016600
5 52.329140 -11.904216 63.225052 0.929713 0.178615 0.322072 0.095900 0.049000
ConmocionLance.jpg
5 51.044067 -10.968256 67.031967 0.637019 -0.503073 0.584059 0.077500 0.016600
5 43.206989 -5.390472 54.878860 0.150568 -0.014061 0.988500 0.004600 0.164900
5 45.916794 -5.481605 71.769432 0.665471 0.739314 -0.102775 0.004600 0.009100
ConmocionLance.jpg
5 30.666786 -5.129869 -34.906403 0.567427 -0.583856 -0.580637 0.910800 0.066400
5 35.107967 -7.350291 -26.001846 0.935688 -0.095506 -0.339657 0.840400 0.062900
5 34.425308 -8.106473 -25.908585 -0.064477 -0.978282 -0.196995 0.840400 0.069800
ConmocionLance.jpg
5 35.107967 -7.350291 -26.001846 0.935688 -0.095506 -0.339657 0.840400 0.062900
5 41.395081 -9.917427 -3.341148 0.910491 0.375696 -0.172798 0.676800 0.061400
5 40.399620 -11.020164 -3.205345 -0.295864 -0.954907 -0.024820 0.676800 0.071300
ConmocionLance.jpg
5 40.399620 -11.020164 -3.205345 -0.295864 -0.954907 -0.024820 0.676800 0.071300
5 34.425308 -8.106473 -25.908585 -0.064477 -0.978282 -0.196995 0.840400 0.069800
5 35.107967 -7.350291 -26.001846 0.935688 -0.095506 -0.339657 0.840400 0.062900
ConmocionLance.jpg
5 41.395081 -9.917427 -3.341148 0.910491 0.375696 -0.172798 0.676800 0.061400
5 54.090073 -13.203474 59.506256 0.941944 0.314965 0.116360 0.209400 0.059200
5 52.667915 -14.778862 59.700302 -0.183897 -0.975006 0.124681 0.209400 0.073400
ConmocionLance.jpg
5 52.667915 -14.778862 59.700302 -0.183897 -0.975006 0.124681 0.209400 0.073400
5 40.399620 -11.020164 -3.205345 -0.295864 -0.954907 -0.024820 0.676800 0.071300
5 41.395081 -9.917427 -3.341148 0.910491 0.375696 -0.172798 0.676800 0.061400
ConmocionLance.jpg
5 52.329140 -11.904216 63.225052 0.929713 0.178615 0.322072 0.180000 0.062800
5 51.044067 -10.968256 67.031967 0.637019 -0.503073 0.584059 0.151800 0.066400
5 51.044067 -10.968256 67.031967 0.637019 -0.503073 0.584059 0.151800 0.066400
ConmocionLance.jpg
5 51.044067 -10.968256 67.031967 0.637019 -0.503073 0.584059 0.151800 0.066400
5 51.645432 -12.661617 63.318344 0.163619 -0.850821 0.499331 0.180000 0.069900
5 52.329140 -11.904216 63.225052 0.929713 0.178615 0.322072 0.180000 0.062800
ConmocionLance.jpg
5 54.090073 -13.203474 59.506256 0.941944 0.314965 0.116360 0.209400 0.059200
5 52.329140 -11.904216 63.225052 0.929713 0.178615 0.322072 0.180000 0.062800
5 51.645432 -12.661617 63.318344 0.163619 -0.850821 0.499331 0.180000 0.069900
ConmocionLance.jpg
5 51.645432 -12.661617 63.318344 0.163619 -0.850821 0.499331 0.180000 0.069900
5 52.667915 -14.778862 59.700302 -0.183897 -0.975006 0.124681 0.209400 0.073400
5 54.090073 -13.203474 59.506256 0.941944 0.314965 0.116360 0.209400 0.059200
ConmocionLance.jpg
5 40.399620 -11.020164 -3.205345 -0.295864 -0.954907 -0.024820 0.084200 0.690800
5 36.952888 -5.718004 6.378296 -0.704779 0.666342 0.243464 0.018300 0.609900
5 34.425308 -8.106473 -25.908585 -0.064477 -0.978282 -0.196995 0.051600 0.903700
ConmocionLance.jpg
5 34.425308 -8.106473 -25.908585 -0.064477 -0.978282 -0.196995 0.051600 0.903700
5 36.952888 -5.718004 6.378296 -0.704779 0.666342 0.243464 0.018300 0.609900
5 30.666786 -5.129869 -34.906403 0.567427 -0.583856 -0.580637 0.018300 0.990200
ConmocionLance.jpg
5 36.952888 -5.718004 6.378296 -0.704779 0.666342 0.243464 0.018300 0.609900
5 40.399620 -11.020164 -3.205345 -0.295864 -0.954907 -0.024820 0.084200 0.690800
5 39.320930 -7.349292 10.498528 -0.661451 0.644450 0.383624 0.039500 0.569400
ConmocionLance.jpg
5 39.320930 -7.349292 10.498528 -0.661451 0.644450 0.383624 0.039500 0.569400
5 40.399620 -11.020164 -3.205345 -0.295864 -0.954907 -0.024820 0.084200 0.690800
5 41.326447 -8.215358 18.165276 -0.720507 0.671659 0.172462 0.049700 0.497500
ConmocionLance.jpg
5 40.399620 -11.020164 -3.205345 -0.295864 -0.954907 -0.024820 0.084200 0.690800
5 52.667915 -14.778862 59.700302 -0.183897 -0.975006 0.124681 0.119700 0.079900
5 44.729252 -8.557648 40.323601 -0.732550 0.673481 0.098964 0.050100 0.293400
ConmocionLance.jpg
5 44.729252 -8.557648 40.323601 -0.732550 0.673481 0.098964 0.050100 0.293400
5 41.326447 -8.215358 18.165276 -0.720507 0.671659 0.172462 0.049700 0.497500
5 40.399620 -11.020164 -3.205345 -0.295864 -0.954907 -0.024820 0.084200 0.690800
ConmocionLance.jpg
5 44.729252 -8.557648 40.323601 -0.732550 0.673481 0.098964 0.050100 0.293400
5 52.667915 -14.778862 59.700302 -0.183897 -0.975006 0.124681 0.119700 0.079900
5 45.121078 -7.913615 48.423389 -0.739612 0.643310 -0.197804 0.039800 0.220000
ConmocionLance.jpg
5 52.667915 -14.778862 59.700302 -0.183897 -0.975006 0.124681 0.119700 0.079900
5 51.645432 -12.661617 63.318344 0.163619 -0.850821 0.499331 0.095900 0.049000
5 43.206989 -5.390472 54.878860 0.150568 -0.014061 0.988500 0.004600 0.164900
ConmocionLance.jpg
5 43.206989 -5.390472 54.878860 0.150568 -0.014061 0.988500 0.004600 0.164900
5 45.121078 -7.913615 48.423389 -0.739612 0.643310 -0.197804 0.039800 0.220000
5 52.667915 -14.778862 59.700302 -0.183897 -0.975006 0.124681 0.119700 0.079900
ConmocionLance.jpg
5 43.206989 -5.390472 54.878860 0.150568 -0.014061 0.988500 0.004600 0.164900
5 51.645432 -12.661617 63.318344 0.163619 -0.850821 0.499331 0.095900 0.049000
5 51.044067 -10.968256 67.031967 0.637019 -0.503073 0.584059 0.077500 0.016600
ConmocionLance.jpg
5 51.044067 -10.968256 67.031967 0.637019 -0.503073 0.584059 0.077500 0.016600
5 45.642612 -5.785348 71.806831 -0.669084 -0.738973 0.079031 0.004600 0.009100
5 43.206989 -5.390472 54.878860 0.150568 -0.014061 0.988500 0.004600 0.164900
ConmocionLance.jpg
5 50.126106 -7.140170 91.419556 0.898101 -0.416006 -0.142667 0.363700 0.029400
5 50.062416 -4.463814 91.467415 0.667290 0.739211 -0.091054 0.363700 0.007800
5 58.153946 -5.221667 144.613861 0.667293 0.739209 -0.091054 0.871300 0.007800
ConmocionLance.jpg
5 58.153946 -5.221667 144.613861 0.667293 0.739209 -0.091054 0.871300 0.007800
5 58.217598 -7.898005 144.565918 0.491328 -0.866602 -0.087161 0.871300 0.029400
5 50.126106 -7.140170 91.419556 0.898101 -0.416006 -0.142667 0.363700 0.029400
ConmocionLance.jpg
5 47.484589 -7.319345 91.819176 -0.667316 -0.739187 0.091059 0.363700 0.050900
5 50.126106 -7.140170 91.419556 0.898101 -0.416006 -0.142667 0.363700 0.029400
5 58.217598 -7.898005 144.565918 0.491328 -0.866602 -0.087161 0.871300 0.029400
ConmocionLance.jpg
5 58.217598 -7.898005 144.565918 0.491328 -0.866602 -0.087161 0.871300 0.029400
5 55.576157 -8.077173 144.965576 -0.667315 -0.739188 0.091059 0.871300 0.050900
5 47.484589 -7.319345 91.819176 -0.667316 -0.739187 0.091059 0.363700 0.050900
ConmocionLance.jpg
5 47.421001 -4.643078 91.866989 -0.491345 0.866592 0.087165 0.363700 0.029400
5 55.512558 -5.400915 145.013458 -0.898093 0.416022 0.142667 0.871300 0.029400
5 58.153946 -5.221667 144.613861 0.667293 0.739209 -0.091054 0.871300 0.007800
ConmocionLance.jpg
5 58.153946 -5.221667 144.613861 0.667293 0.739209 -0.091054 0.871300 0.007800
5 50.062416 -4.463814 91.467415 0.667290 0.739211 -0.091054 0.363700 0.007800
5 47.421001 -4.643078 91.866989 -0.491345 0.866592 0.087165 0.363700 0.029400
ConmocionLance.jpg
5 47.484589 -7.319345 91.819176 -0.667316 -0.739187 0.091059 0.363700 0.050900
5 55.576157 -8.077173 144.965576 -0.667315 -0.739188 0.091059 0.871300 0.050900
5 55.512558 -5.400915 145.013458 -0.898093 0.416022 0.142667 0.871300 0.029400
ConmocionLance.jpg
5 55.512558 -5.400915 145.013458 -0.898093 0.416022 0.142667 0.871300 0.029400
5 47.421001 -4.643078 91.866989 -0.491345 0.866592 0.087165 0.363700 0.029400
5 47.484589 -7.319345 91.819176 -0.667316 -0.739187 0.091059 0.363700 0.050900
ConmocionLance.jpg
5 62.512741 -6.103382 175.885437 0.673670 0.737711 -0.044177 0.109700 0.446200
5 62.605415 -8.004693 175.844269 0.735768 -0.673238 -0.073458 0.134100 0.446200
5 59.282494 -8.521462 147.297546 0.737464 -0.672885 -0.058079 0.146500 0.814400
ConmocionLance.jpg
5 59.282494 -8.521462 147.297546 0.737464 -0.672885 -0.058079 0.146500 0.814400
5 59.102371 -4.689808 147.379532 0.677014 0.735844 -0.013635 0.097300 0.814400
5 62.512741 -6.103382 175.885437 0.673670 0.737711 -0.044177 0.109700 0.446200
ConmocionLance.jpg
5 59.102371 -4.689808 147.379532 0.677014 0.735844 -0.013635 0.097300 0.814400
5 59.282494 -8.521462 147.297546 0.737464 -0.672885 -0.058079 0.146500 0.814400
5 58.812408 -8.804337 141.556229 0.728444 -0.673237 -0.126970 0.151400 0.888000
ConmocionLance.jpg
5 58.812408 -8.804337 141.556229 0.728444 -0.673237 -0.126970 0.151400 0.888000
5 58.597763 -4.210584 141.654373 0.648672 0.736839 -0.190504 0.092400 0.888000
5 59.102371 -4.689808 147.379532 0.677014 0.735844 -0.013635 0.097300 0.814400
ConmocionLance.jpg
5 58.597763 -4.210584 141.654373 0.648672 0.736839 -0.190504 0.092400 0.888000
5 58.812408 -8.804337 141.556229 0.728444 -0.673237 -0.126970 0.151400 0.888000
5 56.781586 -7.765771 135.104111 0.686440 -0.657846 -0.309901 0.139500 0.974100
ConmocionLance.jpg
5 56.781586 -7.765771 135.104111 0.686440 -0.657846 -0.309901 0.139500 0.974100
5 56.721367 -5.077998 135.151642 0.626348 0.728331 -0.277890 0.104300 0.974100
5 58.597763 -4.210584 141.654373 0.648672 0.736839 -0.190504 0.092400 0.888000
ConmocionLance.jpg
5 60.724525 -8.084270 176.129517 -0.659435 -0.739037 0.137730 0.109700 0.446200
5 55.492714 -8.688419 147.872192 -0.653522 -0.738045 0.167924 0.097300 0.814400
5 59.282494 -8.521462 147.297546 0.737464 -0.672885 -0.058079 0.146500 0.814400
ConmocionLance.jpg
5 59.282494 -8.521462 147.297546 0.737464 -0.672885 -0.058079 0.146500 0.814400
5 62.605415 -8.004693 175.844269 0.735768 -0.673238 -0.073458 0.134100 0.446200
5 60.724525 -8.084270 176.129517 -0.659435 -0.739037 0.137730 0.109700 0.446200
ConmocionLance.jpg
5 55.492714 -8.688419 147.872192 -0.653522 -0.738045 0.167924 0.097300 0.814400
5 54.268936 -9.005772 142.245056 -0.679097 -0.733989 -0.009327 0.092400 0.888000
5 58.812408 -8.804337 141.556229 0.728444 -0.673237 -0.126970 0.151400 0.888000
ConmocionLance.jpg
5 58.812408 -8.804337 141.556229 0.728444 -0.673237 -0.126970 0.151400 0.888000
5 59.282494 -8.521462 147.297546 0.737464 -0.672885 -0.058079 0.146500 0.814400
5 55.492714 -8.688419 147.872192 -0.653522 -0.738045 0.167924 0.097300 0.814400
ConmocionLance.jpg
5 54.268936 -9.005772 142.245056 -0.679097 -0.733989 -0.009327 0.092400 0.888000
5 54.129173 -7.949517 135.505341 -0.683755 -0.722948 -0.099122 0.104300 0.974100
5 56.781586 -7.765771 135.104111 0.686440 -0.657846 -0.309901 0.139500 0.974100
ConmocionLance.jpg
5 56.781586 -7.765771 135.104111 0.686440 -0.657846 -0.309901 0.139500 0.974100
5 58.812408 -8.804337 141.556229 0.728444 -0.673237 -0.126970 0.151400 0.888000
5 54.268936 -9.005772 142.245056 -0.679097 -0.733989 -0.009327 0.092400 0.888000
ConmocionLance.jpg
5 62.512741 -6.103382 175.885437 0.673670 0.737711 -0.044177 0.109700 0.446200
5 59.102371 -4.689808 147.379532 0.677014 0.735844 -0.013635 0.097300 0.814400
5 55.312584 -4.856762 147.954163 -0.718480 0.671109 0.182754 0.146500 0.814400
ConmocionLance.jpg
5 55.312584 -4.856762 147.954163 -0.718480 0.671109 0.182754 0.146500 0.814400
5 60.631889 -6.182988 176.170593 -0.721433 0.671900 0.167584 0.134100 0.446200
5 62.512741 -6.103382 175.885437 0.673670 0.737711 -0.044177 0.109700 0.446200
ConmocionLance.jpg
5 59.102371 -4.689808 147.379532 0.677014 0.735844 -0.013635 0.097300 0.814400
5 58.597763 -4.210584 141.654373 0.648672 0.736839 -0.190504 0.092400 0.888000
5 54.054260 -4.412025 142.343262 -0.730369 0.673416 0.114335 0.151400 0.888000
ConmocionLance.jpg
5 54.054260 -4.412025 142.343262 -0.730369 0.673416 0.114335 0.151400 0.888000
5 55.312584 -4.856762 147.954163 -0.718480 0.671109 0.182754 0.146500 0.814400
5 59.102371 -4.689808 147.379532 0.677014 0.735844 -0.013635 0.097300 0.814400
ConmocionLance.jpg
5 58.597763 -4.210584 141.654373 0.648672 0.736839 -0.190504 0.092400 0.888000
5 56.721367 -5.077998 135.151642 0.626348 0.728331 -0.277890 0.104300 0.974100
5 54.068977 -5.261769 135.552780 -0.744762 0.663308 -0.073164 0.139500 0.974100
ConmocionLance.jpg
5 54.068977 -5.261769 135.552780 -0.744762 0.663308 -0.073164 0.139500 0.974100
5 54.054260 -4.412025 142.343262 -0.730369 0.673416 0.114335 0.151400 0.888000
5 58.597763 -4.210584 141.654373 0.648672 0.736839 -0.190504 0.092400 0.888000
ConmocionLance.jpg
5 60.724525 -8.084270 176.129517 -0.659435 -0.739037 0.137730 0.109700 0.446200
5 60.631889 -6.182988 176.170593 -0.721433 0.671900 0.167584 0.134100 0.446200
5 55.312584 -4.856762 147.954163 -0.718480 0.671109 0.182754 0.146500 0.814400
ConmocionLance.jpg
5 55.312584 -4.856762 147.954163 -0.718480 0.671109 0.182754 0.146500 0.814400
5 55.492714 -8.688419 147.872192 -0.653522 -0.738045 0.167924 0.097300 0.814400
5 60.724525 -8.084270 176.129517 -0.659435 -0.739037 0.137730 0.109700 0.446200
ConmocionLance.jpg
5 55.492714 -8.688419 147.872192 -0.653522 -0.738045 0.167924 0.097300 0.814400
5 55.312584 -4.856762 147.954163 -0.718480 0.671109 0.182754 0.146500 0.814400
5 54.054260 -4.412025 142.343262 -0.730369 0.673416 0.114335 0.151400 0.888000
ConmocionLance.jpg
5 54.054260 -4.412025 142.343262 -0.730369 0.673416 0.114335 0.151400 0.888000
5 54.268936 -9.005772 142.245056 -0.679097 -0.733989 -0.009327 0.092400 0.888000
5 55.492714 -8.688419 147.872192 -0.653522 -0.738045 0.167924 0.097300 0.814400
ConmocionLance.jpg
5 54.268936 -9.005772 142.245056 -0.679097 -0.733989 -0.009327 0.092400 0.888000
5 54.054260 -4.412025 142.343262 -0.730369 0.673416 0.114335 0.151400 0.888000
5 54.068977 -5.261769 135.552780 -0.744762 0.663308 -0.073164 0.139500 0.974100
ConmocionLance.jpg
5 54.068977 -5.261769 135.552780 -0.744762 0.663308 -0.073164 0.139500 0.974100
5 54.129173 -7.949517 135.505341 -0.683755 -0.722948 -0.099122 0.104300 0.974100
5 54.268936 -9.005772 142.245056 -0.679097 -0.733989 -0.009327 0.092400 0.888000
ConmocionLance.jpg
5 62.556229 -7.997738 175.540466 0.563386 -0.580946 -0.587450 0.892300 0.528700
5 63.344711 -5.782783 175.451935 0.464992 0.157088 -0.871267 0.848500 0.528700
5 64.400887 -5.447935 179.968170 0.937191 0.021024 -0.348184 0.837600 0.435500
ConmocionLance.jpg
5 64.400887 -5.447935 179.968170 0.937191 0.021024 -0.348184 0.837600 0.435500
5 63.254021 -8.063114 180.123810 0.735897 -0.673225 -0.072271 0.892300 0.435100
5 62.556229 -7.997738 175.540466 0.563386 -0.580946 -0.587450 0.892300 0.528700
ConmocionLance.jpg
5 63.254021 -8.063114 180.123810 0.735897 -0.673225 -0.072271 0.892300 0.435100
5 64.400887 -5.447935 179.968170 0.937191 0.021024 -0.348184 0.837600 0.435500
5 64.166214 -7.058756 185.739105 0.797353 -0.593782 0.107942 0.875400 0.320600
ConmocionLance.jpg
5 64.166214 -7.058756 185.739105 0.797353 -0.593782 0.107942 0.875400 0.320600
5 63.831207 -7.845377 186.120880 0.457955 -0.310773 0.832885 0.892300 0.313800
5 63.254021 -8.063114 180.123810 0.735897 -0.673225 -0.072271 0.892300 0.435100
ConmocionLance.jpg
5 64.166214 -7.058756 185.739105 0.797353 -0.593782 0.107942 0.875400 0.320600
5 64.400887 -5.447935 179.968170 0.937191 0.021024 -0.348184 0.837600 0.435500
5 66.585251 -2.693057 181.473846 0.423858 0.583458 -0.692763 0.769800 0.399600
ConmocionLance.jpg
5 64.166214 -7.058756 185.739105 0.797353 -0.593782 0.107942 0.875400 0.320600
5 66.666748 -3.198241 184.785828 0.672157 0.672744 0.309225 0.782400 0.333100
5 64.576447 -6.808460 192.296371 -0.606144 -0.717923 0.342311 0.878200 0.188600
ConmocionLance.jpg
5 66.585251 -2.693057 181.473846 0.423858 0.583458 -0.692763 0.769800 0.399600
5 66.666748 -3.198241 184.785828 0.672157 0.672744 0.309225 0.782400 0.333100
5 64.166214 -7.058756 185.739105 0.797353 -0.593782 0.107942 0.875400 0.320600
ConmocionLance.jpg
5 64.400887 -5.447935 179.968170 0.937191 0.021024 -0.348184 0.835300 0.480700
5 63.344711 -5.782783 175.451935 0.464992 0.157088 -0.871267 0.835300 0.529200
5 62.700775 -5.188396 175.558365 0.252393 0.840053 -0.480218 0.825000 0.529200
ConmocionLance.jpg
5 62.700775 -5.188396 175.558365 0.252393 0.840053 -0.480218 0.825000 0.529200
5 63.759544 -4.855926 180.074219 -0.250111 0.955375 -0.157173 0.825100 0.480700
5 64.400887 -5.447935 179.968170 0.937191 0.021024 -0.348184 0.835300 0.480700
ConmocionLance.jpg
5 64.400887 -5.447935 179.968170 0.937191 0.021024 -0.348184 0.835300 0.480700
5 63.759544 -4.855926 180.074219 -0.250111 0.955375 -0.157173 0.825100 0.480700
5 66.585251 -2.693057 181.473846 0.423858 0.583458 -0.692763 0.830100 0.441100
ConmocionLance.jpg
5 63.344711 -5.782783 175.451935 0.464992 0.157088 -0.871267 0.805800 0.426500
5 62.556229 -7.997738 175.540466 0.563386 -0.580946 -0.587450 0.772100 0.412400
5 60.588478 -6.181283 175.865906 -0.603268 0.464736 -0.648141 0.772100 0.454300
ConmocionLance.jpg
5 60.588478 -6.181283 175.865906 -0.603268 0.464736 -0.648141 0.772100 0.454300
5 62.700775 -5.188396 175.558365 0.252393 0.840053 -0.480218 0.805800 0.440100
5 63.344711 -5.782783 175.451935 0.464992 0.157088 -0.871267 0.805800 0.426500
ConmocionLance.jpg
5 63.202751 -6.169337 185.898468 -0.504022 0.714915 0.484623 0.811000 0.503800
5 62.518738 -6.633827 186.337982 -0.394133 0.454224 0.798961 0.814500 0.521200
5 63.831207 -7.845377 186.120880 0.457955 -0.310773 0.832885 0.788700 0.521200
ConmocionLance.jpg
5 63.831207 -7.845377 186.120880 0.457955 -0.310773 0.832885 0.788700 0.521200
5 64.166214 -7.058756 185.739105 0.797353 -0.593782 0.107942 0.792100 0.503800
5 63.202751 -6.169337 185.898468 -0.504022 0.714915 0.484623 0.811000 0.503800
ConmocionLance.jpg
5 64.166214 -7.058756 185.739105 0.797353 -0.593782 0.107942 0.792100 0.503800
5 64.576447 -6.808460 192.296371 -0.606144 -0.717923 0.342311 0.801600 0.452200
5 63.202751 -6.169337 185.898468 -0.504022 0.714915 0.484623 0.811000 0.503800
ConmocionLance.jpg
5 62.556229 -7.997738 175.540466 0.563386 -0.580946 -0.587450 0.892300 0.528700
5 63.254021 -8.063114 180.123810 0.735897 -0.673225 -0.072271 0.892300 0.435100
5 60.780693 -9.458144 180.462128 0.039483 -0.973401 -0.225680 0.837600 0.435500
ConmocionLance.jpg
5 60.780693 -9.458144 180.462128 0.039483 -0.973401 -0.225680 0.837600 0.435500
5 60.446594 -8.993166 175.847321 -0.210038 -0.590593 -0.779156 0.848500 0.528700
5 62.556229 -7.997738 175.540466 0.563386 -0.580946 -0.587450 0.892300 0.528700
ConmocionLance.jpg
5 63.254021 -8.063114 180.123810 0.735897 -0.673225 -0.072271 0.892300 0.435100
5 63.831207 -7.845377 186.120880 0.457955 -0.310773 0.832885 0.892300 0.313800
5 63.045441 -8.300333 185.892105 0.686162 -0.716954 0.123120 0.875400 0.320600
ConmocionLance.jpg
5 63.045441 -8.300333 185.892105 0.686162 -0.716954 0.123120 0.875400 0.320600
5 60.780693 -9.458144 180.462128 0.039483 -0.973401 -0.225680 0.837600 0.435500
5 63.254021 -8.063114 180.123810 0.735897 -0.673225 -0.072271 0.892300 0.435100
ConmocionLance.jpg
5 63.045441 -8.300333 185.892105 0.686162 -0.716954 0.123120 0.875400 0.320600
5 58.484840 -11.666203 182.579193 -0.613427 -0.565559 -0.551227 0.769800 0.399600
5 60.780693 -9.458144 180.462128 0.039483 -0.973401 -0.225680 0.837600 0.435500
ConmocionLance.jpg
5 63.045441 -8.300333 185.892105 0.686162 -0.716954 0.123120 0.875400 0.320600
5 63.640236 -7.845529 192.424133 0.683559 0.710689 0.166338 0.878200 0.188600
5 59.394608 -11.253899 185.778015 -0.552568 -0.683936 0.476340 0.782400 0.333100
ConmocionLance.jpg
5 58.484840 -11.666203 182.579193 -0.613427 -0.565559 -0.551227 0.769800 0.399600
5 63.045441 -8.300333 185.892105 0.686162 -0.716954 0.123120 0.875400 0.320600
5 59.394608 -11.253899 185.778015 -0.552568 -0.683936 0.476340 0.782400 0.333100
ConmocionLance.jpg
5 60.780693 -9.458144 180.462128 0.039483 -0.973401 -0.225680 0.835300 0.480700
5 60.139381 -8.866156 180.568207 -0.988982 0.136896 -0.056345 0.825100 0.480700
5 59.802658 -8.398729 175.953903 -0.859516 -0.391599 -0.328455 0.825000 0.529200
ConmocionLance.jpg
5 59.802658 -8.398729 175.953903 -0.859516 -0.391599 -0.328455 0.825000 0.529200
5 60.446594 -8.993166 175.847321 -0.210038 -0.590593 -0.779156 0.835300 0.529200
5 60.780693 -9.458144 180.462128 0.039483 -0.973401 -0.225680 0.835300 0.480700
ConmocionLance.jpg
5 60.780693 -9.458144 180.462128 0.039483 -0.973401 -0.225680 0.835300 0.480700
5 58.484840 -11.666203 182.579193 -0.613427 -0.565559 -0.551227 0.830100 0.441100
5 60.139381 -8.866156 180.568207 -0.988982 0.136896 -0.056345 0.825100 0.480700
ConmocionLance.jpg
5 60.446594 -8.993166 175.847321 -0.210038 -0.590593 -0.779156 0.805800 0.426500
5 59.802658 -8.398729 175.953903 -0.859516 -0.391599 -0.328455 0.805800 0.440100
5 60.588478 -6.181283 175.865906 -0.603268 0.464736 -0.648141 0.772100 0.454300
ConmocionLance.jpg
5 60.588478 -6.181283 175.865906 -0.603268 0.464736 -0.648141 0.772100 0.454300
5 62.556229 -7.997738 175.540466 0.563386 -0.580946 -0.587450 0.772100 0.412400
5 60.446594 -8.993166 175.847321 -0.210038 -0.590593 -0.779156 0.805800 0.426500
ConmocionLance.jpg
5 62.081932 -7.410909 186.051422 -0.701534 0.496121 0.511581 0.811000 0.503800
5 63.045441 -8.300333 185.892105 0.686162 -0.716954 0.123120 0.792100 0.503800
5 63.831207 -7.845377 186.120880 0.457955 -0.310773 0.832885 0.788700 0.521200
ConmocionLance.jpg
5 63.831207 -7.845377 186.120880 0.457955 -0.310773 0.832885 0.788700 0.521200
5 62.518738 -6.633827 186.337982 -0.394133 0.454224 0.798961 0.814500 0.521200
5 62.081932 -7.410909 186.051422 -0.701534 0.496121 0.511581 0.811000 0.503800
ConmocionLance.jpg
5 63.045441 -8.300333 185.892105 0.686162 -0.716954 0.123120 0.792100 0.503800
5 62.081932 -7.410909 186.051422 -0.701534 0.496121 0.511581 0.811000 0.503800
5 63.640236 -7.845529 192.424133 0.683559 0.710689 0.166338 0.801600 0.452200
ConmocionLance.jpg
5 60.588478 -6.181283 175.865906 -0.603268 0.464736 -0.648141 0.892300 0.528700
5 61.286240 -6.246592 180.449310 -0.721234 0.671852 0.168631 0.892300 0.435100
5 63.759544 -4.855926 180.074219 -0.250111 0.955375 -0.157173 0.837600 0.435500
ConmocionLance.jpg
5 63.759544 -4.855926 180.074219 -0.250111 0.955375 -0.157173 0.837600 0.435500
5 62.700775 -5.188396 175.558365 0.252393 0.840053 -0.480218 0.848500 0.528700
5 60.588478 -6.181283 175.865906 -0.603268 0.464736 -0.648141 0.892300 0.528700
ConmocionLance.jpg
5 61.286240 -6.246592 180.449310 -0.721234 0.671852 0.168631 0.892300 0.435100
5 62.518738 -6.633827 186.337982 -0.394133 0.454224 0.798961 0.892300 0.313800
5 63.202751 -6.169337 185.898468 -0.504022 0.714915 0.484623 0.875400 0.320600
ConmocionLance.jpg
5 63.202751 -6.169337 185.898468 -0.504022 0.714915 0.484623 0.875400 0.320600
5 63.759544 -4.855926 180.074219 -0.250111 0.955375 -0.157173 0.837600 0.435500
5 61.286240 -6.246592 180.449310 -0.721234 0.671852 0.168631 0.892300 0.435100
ConmocionLance.jpg
5 63.202751 -6.169337 185.898468 -0.504022 0.714915 0.484623 0.875400 0.320600
5 66.585251 -2.693057 181.473846 0.423858 0.583458 -0.692763 0.769800 0.399600
5 63.759544 -4.855926 180.074219 -0.250111 0.955375 -0.157173 0.837600 0.435500
ConmocionLance.jpg
5 63.202751 -6.169337 185.898468 -0.504022 0.714915 0.484623 0.875400 0.320600
5 64.576447 -6.808460 192.296371 -0.606144 -0.717923 0.342311 0.878200 0.188600
5 66.666748 -3.198241 184.785828 0.672157 0.672744 0.309225 0.782400 0.333100
ConmocionLance.jpg
5 66.585251 -2.693057 181.473846 0.423858 0.583458 -0.692763 0.769800 0.399600
5 63.202751 -6.169337 185.898468 -0.504022 0.714915 0.484623 0.875400 0.320600
5 66.666748 -3.198241 184.785828 0.672157 0.672744 0.309225 0.782400 0.333100
ConmocionLance.jpg
5 60.588478 -6.181283 175.865906 -0.603268 0.464736 -0.648141 0.892300 0.528700
5 59.802658 -8.398729 175.953903 -0.859516 -0.391599 -0.328455 0.848500 0.528700
5 60.139381 -8.866156 180.568207 -0.988982 0.136896 -0.056345 0.837600 0.435500
ConmocionLance.jpg
5 60.139381 -8.866156 180.568207 -0.988982 0.136896 -0.056345 0.837600 0.435500
5 61.286240 -6.246592 180.449310 -0.721234 0.671852 0.168631 0.892300 0.435100
5 60.588478 -6.181283 175.865906 -0.603268 0.464736 -0.648141 0.892300 0.528700
ConmocionLance.jpg
5 61.286240 -6.246592 180.449310 -0.721234 0.671852 0.168631 0.892300 0.435100
5 60.139381 -8.866156 180.568207 -0.988982 0.136896 -0.056345 0.837600 0.435500
5 62.081932 -7.410909 186.051422 -0.701534 0.496121 0.511581 0.875400 0.320600
ConmocionLance.jpg
5 62.081932 -7.410909 186.051422 -0.701534 0.496121 0.511581 0.875400 0.320600
5 62.518738 -6.633827 186.337982 -0.394133 0.454224 0.798961 0.892300 0.313800
5 61.286240 -6.246592 180.449310 -0.721234 0.671852 0.168631 0.892300 0.435100
ConmocionLance.jpg
5 62.081932 -7.410909 186.051422 -0.701534 0.496121 0.511581 0.875400 0.320600
5 60.139381 -8.866156 180.568207 -0.988982 0.136896 -0.056345 0.837600 0.435500
5 58.484840 -11.666203 182.579193 -0.613427 -0.565559 -0.551227 0.769800 0.399600
ConmocionLance.jpg
5 62.081932 -7.410909 186.051422 -0.701534 0.496121 0.511581 0.875400 0.320600
5 59.394608 -11.253899 185.778015 -0.552568 -0.683936 0.476340 0.782400 0.333100
5 63.640236 -7.845529 192.424133 0.683559 0.710689 0.166338 0.878200 0.188600
ConmocionLance.jpg
5 58.484840 -11.666203 182.579193 -0.613427 -0.565559 -0.551227 0.769800 0.399600
5 59.394608 -11.253899 185.778015 -0.552568 -0.683936 0.476340 0.782400 0.333100
5 62.081932 -7.410909 186.051422 -0.701534 0.496121 0.511581 0.875400 0.320600
ConmocionLance.jpg
5 47.543533 -13.314622 86.620377 0.326037 -0.848518 -0.416794 0.467800 0.648100
5 55.500168 -11.994043 94.964264 0.829269 -0.389280 -0.400967 0.403200 0.553900
5 55.500168 -11.994043 94.964264 0.000000 -0.000000 0.000000 0.403200 0.553900
ConmocionLance.jpg
5 55.500168 -11.994043 94.964264 0.829269 -0.389280 -0.400967 0.403200 0.553900
5 56.816017 -17.904757 104.516594 0.504078 -0.848852 -0.159232 0.457500 0.430700
5 47.543533 -13.314622 86.620377 0.326037 -0.848518 -0.416794 0.467800 0.648100
ConmocionLance.jpg
5 41.658104 -11.805410 80.575287 0.247263 -0.879699 -0.406190 0.492400 0.732200
5 41.468143 -11.704790 80.227249 -0.267694 -0.900110 -0.343718 0.492600 0.736600
5 47.543533 -13.314622 86.620377 0.326037 -0.848518 -0.416794 0.467800 0.648100
ConmocionLance.jpg
5 47.543533 -13.314622 86.620377 0.326037 -0.848518 -0.416794 0.467800 0.648100
5 48.811520 -18.819414 99.005035 0.039915 -0.959556 -0.278673 0.524600 0.496600
5 41.658104 -11.805410 80.575287 0.247263 -0.879699 -0.406190 0.492400 0.732200
ConmocionLance.jpg
5 41.149864 -13.853205 90.292480 -0.825897 -0.526645 -0.201344 0.536700 0.613700
5 48.811520 -18.819414 99.005035 0.039915 -0.959556 -0.278673 0.524600 0.496600
5 40.104355 -16.432482 98.365967 -0.762740 -0.639393 -0.096970 0.590800 0.512100
ConmocionLance.jpg
5 63.527718 -9.199958 114.001892 0.915314 -0.402543 0.012591 0.336700 0.349200
5 59.472504 -9.402880 122.009583 0.810119 -0.481800 0.334029 0.378600 0.231100
5 53.624237 -17.446627 114.176056 0.468031 -0.857309 0.214403 0.491200 0.295600
ConmocionLance.jpg
5 53.624237 -17.446627 114.176056 0.468031 -0.857309 0.214403 0.491200 0.295600
5 56.816017 -17.904757 104.516594 0.504078 -0.848852 -0.159232 0.457500 0.430700
5 63.527718 -9.199958 114.001892 0.915314 -0.402543 0.012591 0.336700 0.349200
ConmocionLance.jpg
5 48.811520 -18.819414 99.005035 0.039915 -0.959556 -0.278673 0.524600 0.496600
5 46.390266 -18.638855 109.360954 -0.085918 -0.996253 0.009932 0.564500 0.357900
5 40.104355 -16.432482 98.365967 -0.762740 -0.639393 -0.096970 0.590800 0.512100
ConmocionLance.jpg
5 64.198746 3.110733 122.244141 0.786573 0.314464 0.531427 0.201700 0.243100
5 59.472504 -9.402880 122.009583 0.810119 -0.481800 0.334029 0.378600 0.231100
5 63.527718 -9.199958 114.001892 0.915314 -0.402543 0.012591 0.336700 0.349200
ConmocionLance.jpg
5 61.236450 -3.131278 105.421280 0.936797 -0.158392 -0.311966 0.293100 0.449000
5 64.414818 5.402740 110.760437 0.639189 0.717976 -0.275587 0.190200 0.390300
5 65.652962 5.966297 115.100372 0.727338 0.674085 -0.128796 0.178000 0.342000
ConmocionLance.jpg
5 63.527718 -9.199958 114.001892 0.915314 -0.402543 0.012591 0.336700 0.349200
5 65.652962 5.966297 115.100372 0.727338 0.674085 -0.128796 0.178000 0.342000
5 64.198746 3.110733 122.244141 0.786573 0.314464 0.531427 0.201700 0.243100
ConmocionLance.jpg
5 63.527718 -9.199958 114.001892 0.915314 -0.402543 0.012591 0.336700 0.349200
5 55.500168 -11.994043 94.964264 0.829269 -0.389280 -0.400967 0.403200 0.553900
5 55.500168 -11.994043 94.964264 0.829269 -0.389280 -0.400967 0.403200 0.553900
ConmocionLance.jpg
5 55.500168 -11.994043 94.964264 0.829269 -0.389280 -0.400967 0.403200 0.553900
5 61.236450 -3.131278 105.421280 0.936797 -0.158392 -0.311966 0.293100 0.449000
5 63.527718 -9.199958 114.001892 0.915314 -0.402543 0.012591 0.336700 0.349200
ConmocionLance.jpg
5 46.390266 -18.638855 109.360954 -0.085918 -0.996253 0.009932 0.564500 0.357900
5 48.811520 -18.819414 99.005035 0.039915 -0.959556 -0.278673 0.524600 0.496600
5 56.816017 -17.904757 104.516594 0.504078 -0.848852 -0.159232 0.457500 0.430700
ConmocionLance.jpg
5 65.652962 5.966297 115.100372 0.727338 0.674085 -0.128796 0.598000 0.933500
5 64.414818 5.402740 110.760437 0.639189 0.717976 -0.275587 0.582500 0.993200
5 52.243317 2.178545 114.977676 -0.545886 0.793526 -0.268933 0.417500 0.982400
ConmocionLance.jpg
5 52.243317 2.178545 114.977676 -0.545886 0.793526 -0.268933 0.417500 0.982400
5 50.135307 4.937834 123.429184 -0.458223 0.879445 0.128871 0.417600 0.872800
5 65.652962 5.966297 115.100372 0.727338 0.674085 -0.128796 0.598000 0.933500
ConmocionLance.jpg
5 64.198746 3.110733 122.244141 0.786573 0.314464 0.531427 0.568000 0.812700
5 65.652962 5.966297 115.100372 0.727338 0.674085 -0.128796 0.598000 0.933500
5 50.135307 4.937834 123.429184 -0.458223 0.879445 0.128871 0.417600 0.872800
ConmocionLance.jpg
5 60.520706 -1.949825 128.249985 0.823445 0.069786 0.563088 0.427900 0.730600
5 64.198746 3.110733 122.244141 0.786573 0.314464 0.531427 0.568000 0.812700
5 54.601837 -0.224966 131.466141 0.037850 0.804172 0.593191 0.392400 0.754200
ConmocionLance.jpg
5 64.198746 3.110733 122.244141 0.786573 0.314464 0.531427 0.568000 0.812700
5 50.135307 4.937834 123.429184 -0.458223 0.879445 0.128871 0.417600 0.872800
5 54.601837 -0.224966 131.466141 0.037850 0.804172 0.593191 0.392400 0.754200
ConmocionLance.jpg
5 50.135307 4.937834 123.429184 -0.458223 0.879445 0.128871 0.417600 0.872800
5 52.243317 2.178545 114.977676 -0.545886 0.793526 -0.268933 0.417500 0.982400
5 45.582569 -8.534325 126.683777 -0.984235 0.112552 -0.136431 0.217400 0.808700
ConmocionLance.jpg
5 45.582569 -8.534325 126.683777 -0.984235 0.112552 -0.136431 0.217400 0.808700
5 45.571335 -3.542039 132.014725 -0.877786 0.295204 0.377289 0.267300 0.740100
5 50.135307 4.937834 123.429184 -0.458223 0.879445 0.128871 0.417600 0.872800
ConmocionLance.jpg
5 54.601837 -0.224966 131.466141 0.037850 0.804172 0.593191 0.392400 0.754200
5 50.135307 4.937834 123.429184 -0.458223 0.879445 0.128871 0.417600 0.872800
5 45.571335 -3.542039 132.014725 -0.877786 0.295204 0.377289 0.267300 0.740100
ConmocionLance.jpg
5 45.571335 -3.542039 132.014725 -0.877786 0.295204 0.377289 0.267300 0.740100
5 50.807846 -3.602867 136.237991 -0.570385 0.508156 0.645320 0.310500 0.662500
5 54.601837 -0.224966 131.466141 0.037850 0.804172 0.593191 0.392400 0.754200
ConmocionLance.jpg
5 45.571335 -3.542039 132.014725 -0.877786 0.295204 0.377289 0.267300 0.740100
5 45.582569 -8.534325 126.683777 -0.984235 0.112552 -0.136431 0.217400 0.808700
5 47.329964 -14.155958 131.351944 -0.790159 -0.612892 -0.003554 0.160300 0.721300
ConmocionLance.jpg
5 45.571335 -3.542039 132.014725 -0.877786 0.295204 0.377289 0.267300 0.740100
5 48.423794 -15.429121 135.511978 -0.291661 -0.956433 0.013040 0.151700 0.658100
5 49.451797 -15.007074 139.371552 -0.480846 -0.701035 0.526628 0.159800 0.599300
ConmocionLance.jpg
5 50.807846 -3.602867 136.237991 -0.570385 0.508156 0.645320 0.310500 0.662500
5 45.571335 -3.542039 132.014725 -0.877786 0.295204 0.377289 0.267300 0.740100
5 49.451797 -15.007074 139.371552 -0.480846 -0.701035 0.526628 0.159800 0.599300
ConmocionLance.jpg
5 49.451797 -15.007074 139.371552 -0.480846 -0.701035 0.526628 0.159800 0.599300
5 55.278008 -13.536240 144.814072 -0.006412 -0.957081 0.289750 0.226800 0.501300
5 50.807846 -3.602867 136.237991 -0.570385 0.508156 0.645320 0.310500 0.662500
ConmocionLance.jpg
5 47.329964 -14.155958 131.351944 -0.790159 -0.612892 -0.003554 0.160300 0.721300
5 48.423794 -15.429121 135.511978 -0.291661 -0.956433 0.013040 0.151700 0.658100
5 45.571335 -3.542039 132.014725 -0.877786 0.295204 0.377289 0.267300 0.740100
ConmocionLance.jpg
5 63.879776 -5.614600 152.685806 0.999698 0.006296 -0.023775 0.563600 0.134500
5 64.257439 -5.615578 154.974258 0.981648 0.186028 0.041961 0.548100 0.110400
5 60.657669 -12.026871 147.846268 0.622461 -0.782313 0.022982 0.668700 0.125500
ConmocionLance.jpg
5 60.657669 -12.026871 147.846268 0.622461 -0.782313 0.022982 0.668700 0.125500
5 62.170891 -10.505033 145.373245 0.644011 -0.758240 -0.101598 0.668000 0.168100
5 63.879776 -5.614600 152.685806 0.999698 0.006296 -0.023775 0.563600 0.134500
ConmocionLance.jpg
5 62.170891 -10.505033 145.373245 0.644011 -0.758240 -0.101598 0.668000 0.168100
5 60.657669 -12.026871 147.846268 0.622461 -0.782313 0.022982 0.668700 0.125500
5 56.259003 -13.569489 143.049713 0.347531 -0.934231 -0.080215 0.748100 0.144600
ConmocionLance.jpg
5 56.259003 -13.569489 143.049713 0.347531 -0.934231 -0.080215 0.748100 0.144600
5 56.778221 -12.725279 141.477631 0.457749 -0.858569 -0.230920 0.753500 0.168300
5 62.170891 -10.505033 145.373245 0.644011 -0.758240 -0.101598 0.668000 0.168100
ConmocionLance.jpg
5 64.257439 -5.615578 154.974258 0.981648 0.186028 0.041961 0.548100 0.110400
5 63.743202 -6.560651 157.139496 0.975515 -0.032424 0.217529 0.534100 0.082900
5 58.439789 -13.081820 150.412476 0.627585 -0.777488 0.040623 0.668500 0.084100
ConmocionLance.jpg
5 58.439789 -13.081820 150.412476 0.627585 -0.777488 0.040623 0.668500 0.084100
5 60.657669 -12.026871 147.846268 0.622461 -0.782313 0.022982 0.668700 0.125500
5 64.257439 -5.615578 154.974258 0.981648 0.186028 0.041961 0.548100 0.110400
ConmocionLance.jpg
5 60.657669 -12.026871 147.846268 0.622461 -0.782313 0.022982 0.668700 0.125500
5 58.439789 -13.081820 150.412476 0.627585 -0.777488 0.040623 0.668500 0.084100
5 55.278008 -13.536240 144.814072 -0.006412 -0.957081 0.289750 0.739800 0.123900
ConmocionLance.jpg
5 55.278008 -13.536240 144.814072 -0.006412 -0.957081 0.289750 0.739800 0.123900
5 56.259003 -13.569489 143.049713 0.347531 -0.934231 -0.080215 0.748100 0.144600
5 60.657669 -12.026871 147.846268 0.622461 -0.782313 0.022982 0.668700 0.125500
ConmocionLance.jpg
5 56.778221 -12.725279 141.477631 0.457749 -0.858569 -0.230920 0.753500 0.168300
5 56.259003 -13.569489 143.049713 0.347531 -0.934231 -0.080215 0.748100 0.144600
5 50.175171 -14.987925 137.724930 0.320452 -0.943290 -0.086681 0.849200 0.148300
ConmocionLance.jpg
5 50.175171 -14.987925 137.724930 0.320452 -0.943290 -0.086681 0.849200 0.148300
5 50.773987 -14.527897 136.241806 0.404613 -0.890519 -0.208000 0.855600 0.168700
5 56.778221 -12.725279 141.477631 0.457749 -0.858569 -0.230920 0.753500 0.168300
ConmocionLance.jpg
5 56.259003 -13.569489 143.049713 0.347531 -0.934231 -0.080215 0.748100 0.144600
5 55.278008 -13.536240 144.814072 -0.006412 -0.957081 0.289750 0.739800 0.123900
5 49.451797 -15.007074 139.371552 -0.480846 -0.701035 0.526628 0.840500 0.129700
ConmocionLance.jpg
5 49.451797 -15.007074 139.371552 -0.480846 -0.701035 0.526628 0.840500 0.129700
5 50.175171 -14.987925 137.724930 0.320452 -0.943290 -0.086681 0.849200 0.148300
5 56.259003 -13.569489 143.049713 0.347531 -0.934231 -0.080215 0.748100 0.144600
ConmocionLance.jpg
5 47.329964 -14.155958 131.351944 -0.790159 -0.612892 -0.003554 0.920700 0.168900
5 50.773987 -14.527897 136.241806 0.404613 -0.890519 -0.208000 0.855600 0.168700
5 48.423794 -15.429121 135.511978 -0.291661 -0.956433 0.013040 0.885600 0.153800
ConmocionLance.jpg
5 63.626717 -5.697989 170.776794 0.974446 0.051574 -0.218621 0.208600 0.173200
5 64.545998 -5.940653 173.144043 0.981582 -0.187680 -0.035675 0.173300 0.158700
5 63.463486 -10.707522 168.867462 0.608666 -0.750552 -0.257290 0.244400 0.136700
ConmocionLance.jpg
5 63.463486 -10.707522 168.867462 0.608666 -0.750552 -0.257290 0.244400 0.136700
5 63.287498 -9.080338 166.690063 0.792808 -0.455746 -0.404661 0.270100 0.168600
5 63.626717 -5.697989 170.776794 0.974446 0.051574 -0.218621 0.208600 0.173200
ConmocionLance.jpg
5 63.287498 -9.080338 166.690063 0.792808 -0.455746 -0.404661 0.270100 0.168600
5 63.463486 -10.707522 168.867462 0.608666 -0.750552 -0.257290 0.244400 0.136700
5 59.746979 -9.713390 165.627777 0.070888 -0.805612 -0.588188 0.310100 0.136600
ConmocionLance.jpg
5 64.545998 -5.940653 173.144043 0.981582 -0.187680 -0.035675 0.173300 0.158700
5 64.091713 -6.118714 175.935745 0.937459 -0.322094 0.132006 0.136700 0.137900
5 63.062790 -10.883284 171.617264 0.739392 -0.669468 0.071498 0.210800 0.111800
ConmocionLance.jpg
5 63.062790 -10.883284 171.617264 0.739392 -0.669468 0.071498 0.210800 0.111800
5 63.463486 -10.707522 168.867462 0.608666 -0.750552 -0.257290 0.244400 0.136700
5 64.545998 -5.940653 173.144043 0.981582 -0.187680 -0.035675 0.173300 0.158700
ConmocionLance.jpg
5 63.463486 -10.707522 168.867462 0.608666 -0.750552 -0.257290 0.244400 0.136700
5 63.062790 -10.883284 171.617264 0.739392 -0.669468 0.071498 0.210800 0.111800
5 58.367462 -10.342495 168.943542 -0.606346 -0.776139 0.173068 0.277800 0.090800
ConmocionLance.jpg
5 58.367462 -10.342495 168.943542 -0.606346 -0.776139 0.173068 0.277800 0.090800
5 57.996880 -10.416430 166.788071 -0.318278 -0.908332 -0.271353 0.306600 0.110900
5 63.463486 -10.707522 168.867462 0.608666 -0.750552 -0.257290 0.244400 0.136700
ConmocionLance.jpg
5 50.175171 -14.987925 137.724930 0.320452 -0.943290 -0.086681 0.849200 0.148300
5 49.451797 -15.007074 139.371552 -0.480846 -0.701035 0.526628 0.840500 0.129700
5 48.423794 -15.429121 135.511978 -0.291661 -0.956433 0.013040 0.885600 0.153800
ConmocionLance.jpg
5 56.171700 1.651413 65.459549 0.923061 0.101329 -0.371067 0.595500 0.377000
5 57.348083 -3.229312 67.996994 0.844447 -0.526853 0.096622 0.632400 0.343700
5 53.024902 -5.953457 57.063995 0.635208 -0.645903 -0.423461 0.679600 0.481800
ConmocionLance.jpg
5 53.024902 -5.953457 57.063995 0.635208 -0.645903 -0.423461 0.679600 0.481800
5 50.898453 -2.201474 54.591522 0.775721 -0.330430 -0.537654 0.660500 0.515800
5 56.171700 1.651413 65.459549 0.923061 0.101329 -0.371067 0.595500 0.377000
ConmocionLance.jpg
5 50.898453 -2.201474 54.591522 0.775721 -0.330430 -0.537654 0.660500 0.515800
5 53.024902 -5.953457 57.063995 0.635208 -0.645903 -0.423461 0.679600 0.481800
5 44.292053 -2.444027 46.760460 0.411657 -0.782416 -0.467295 0.714900 0.633800
ConmocionLance.jpg
5 44.292053 -2.444027 46.760460 0.411657 -0.782416 -0.467295 0.714900 0.633800
5 53.024902 -5.953457 57.063995 0.635208 -0.645903 -0.423461 0.679600 0.481800
5 43.494083 -4.161391 51.520630 -0.059272 -0.975176 -0.213349 0.735700 0.565700
ConmocionLance.jpg
5 56.171700 1.651413 65.459549 0.923061 0.101329 -0.371067 0.595500 0.377000
5 57.379471 7.166952 72.244614 0.639473 0.729489 -0.242737 0.544000 0.294700
5 57.348083 -3.229312 67.996994 0.844447 -0.526853 0.096622 0.632400 0.343700
ConmocionLance.jpg
5 53.566177 4.937747 84.399109 0.694285 0.062427 0.716988 0.608000 0.159200
5 53.234161 -3.868853 72.535309 0.453032 -0.842329 0.291966 0.676300 0.296900
5 57.348083 -3.229312 67.996994 0.844447 -0.526853 0.096622 0.632400 0.343700
ConmocionLance.jpg
5 57.348083 -3.229312 67.996994 0.844447 -0.526853 0.096622 0.632400 0.343700
5 53.234161 -3.868853 72.535309 0.453032 -0.842329 0.291966 0.676300 0.296900
5 49.595203 -5.894196 61.838463 0.110373 -0.992214 0.057703 0.712000 0.431000
ConmocionLance.jpg
5 49.595203 -5.894196 61.838463 0.110373 -0.992214 0.057703 0.712000 0.431000
5 53.024902 -5.953457 57.063995 0.635208 -0.645903 -0.423461 0.679600 0.481800
5 57.348083 -3.229312 67.996994 0.844447 -0.526853 0.096622 0.632400 0.343700
ConmocionLance.jpg
5 57.109772 7.683500 81.129990 0.805980 0.388728 0.446416 0.722100 0.907600
5 45.390648 8.567724 85.158188 -0.365069 0.926921 0.086847 0.668500 0.845400
5 53.566177 4.937747 84.399109 0.694285 0.062427 0.716988 0.699900 0.855000
ConmocionLance.jpg
5 57.379471 7.166952 72.244614 0.639473 0.729489 -0.242737 0.671100 0.988800
5 46.734844 6.954325 80.292641 -0.573514 0.717011 -0.396202 0.637900 0.887300
5 45.390648 8.567724 85.158188 -0.365069 0.926921 0.086847 0.668500 0.845400
ConmocionLance.jpg
5 45.390648 8.567724 85.158188 -0.365069 0.926921 0.086847 0.668500 0.845400
5 46.734844 6.954325 80.292641 -0.573514 0.717011 -0.396202 0.637900 0.887300
5 40.170521 -2.190778 82.277153 -0.962223 0.181652 -0.202806 0.559000 0.778100
ConmocionLance.jpg
5 40.170521 -2.190778 82.277153 -0.962223 0.181652 -0.202806 0.559000 0.778100
5 38.974670 -0.244883 90.928581 -0.965258 0.260915 0.014130 0.609900 0.710100
5 45.390648 8.567724 85.158188 -0.365069 0.926921 0.086847 0.668500 0.845400
ConmocionLance.jpg
5 44.357796 5.539302 90.965385 -0.396731 0.820233 0.412094 0.680200 0.772500
5 45.390648 8.567724 85.158188 -0.365069 0.926921 0.086847 0.668500 0.845400
5 38.974670 -0.244883 90.928581 -0.965258 0.260915 0.014130 0.609900 0.710100
ConmocionLance.jpg
5 41.149864 -13.853205 90.292480 -0.825897 -0.526645 -0.201344 0.536700 0.613700
5 40.104355 -16.432482 98.365967 -0.762740 -0.639393 -0.096970 0.590800 0.512100
5 38.974670 -0.244883 90.928581 -0.965258 0.260915 0.014130 0.609900 0.710100
ConmocionLance.jpg
5 38.974670 -0.244883 90.928581 -0.965258 0.260915 0.014130 0.609900 0.710100
5 40.104355 -16.432482 98.365967 -0.762740 -0.639393 -0.096970 0.590800 0.512100
5 39.266457 -3.905123 98.170090 -0.969294 0.182992 0.164266 0.649300 0.606200
ConmocionLance.jpg
5 40.170521 -2.190778 82.277153 -0.962223 0.181652 -0.202806 0.559000 0.778100
5 41.468143 -11.704790 80.227249 -0.267694 -0.900110 -0.343718 0.492600 0.736600
5 41.149864 -13.853205 90.292480 -0.825897 -0.526645 -0.201344 0.536700 0.613700
ConmocionLance.jpg
5 64.257439 -5.615578 154.974258 0.981648 0.186028 0.041961 0.548100 0.110400
5 63.879776 -5.614600 152.685806 0.999698 0.006296 -0.023775 0.563600 0.134500
5 57.162300 -1.959291 159.735352 -0.415810 0.903708 -0.102044 0.447000 0.106200
ConmocionLance.jpg
5 64.257439 -5.615578 154.974258 0.981648 0.186028 0.041961 0.548100 0.110400
5 57.162300 -1.959291 159.735352 -0.415810 0.903708 -0.102044 0.447000 0.106200
5 57.732620 -1.666449 161.548950 0.109066 0.980209 0.165209 0.436400 0.084700
ConmocionLance.jpg
5 57.162300 -1.959291 159.735352 -0.415810 0.903708 -0.102044 0.447000 0.106200
5 56.487991 -8.066405 165.040482 -0.930337 -0.357578 -0.081312 0.350600 0.108000
5 56.457993 -4.816960 165.310303 -0.970434 0.177134 0.163955 0.375000 0.085600
ConmocionLance.jpg
5 56.487991 -8.066405 165.040482 -0.930337 -0.357578 -0.081312 0.350600 0.108000
5 57.996880 -10.416430 166.788071 -0.318278 -0.908332 -0.271353 0.306600 0.110900
5 58.367462 -10.342495 168.943542 -0.606346 -0.776139 0.173068 0.277800 0.090800
ConmocionLance.jpg
5 65.652962 5.966297 115.100372 0.727338 0.674085 -0.128796 0.178000 0.342000
5 63.527718 -9.199958 114.001892 0.915314 -0.402543 0.012591 0.336700 0.349200
5 61.236450 -3.131278 105.421280 0.936797 -0.158392 -0.311966 0.293100 0.449000
ConmocionLance.jpg
5 64.198746 3.110733 122.244141 0.786573 0.314464 0.531427 0.201700 0.243100
5 60.520706 -1.949825 128.249985 0.823445 0.069786 0.563088 0.312700 0.173700
5 59.472504 -9.402880 122.009583 0.810119 -0.481800 0.334029 0.378600 0.231100
ConmocionLance.jpg
5 57.996880 -10.416430 166.788071 -0.318278 -0.908332 -0.271353 0.306600 0.110900
5 56.487991 -8.066405 165.040482 -0.930337 -0.357578 -0.081312 0.350600 0.108000
5 59.746979 -9.713390 165.627777 0.070888 -0.805612 -0.588188 0.310100 0.136600
ConmocionLance.jpg
5 63.463486 -10.707522 168.867462 0.608666 -0.750552 -0.257290 0.244400 0.136700
5 57.996880 -10.416430 166.788071 -0.318278 -0.908332 -0.271353 0.306600 0.110900
5 59.746979 -9.713390 165.627777 0.070888 -0.805612 -0.588188 0.310100 0.136600
ConmocionLance.jpg
5 58.367462 -10.342495 168.943542 -0.606346 -0.776139 0.173068 0.277800 0.090800
5 56.457993 -4.816960 165.310303 -0.970434 0.177134 0.163955 0.375000 0.085600
5 56.487991 -8.066405 165.040482 -0.930337 -0.357578 -0.081312 0.350600 0.108000
ConmocionLance.jpg
5 56.457993 -4.816960 165.310303 -0.970434 0.177134 0.163955 0.375000 0.085600
5 57.732620 -1.666449 161.548950 0.109066 0.980209 0.165209 0.436400 0.084700
5 57.162300 -1.959291 159.735352 -0.415810 0.903708 -0.102044 0.447000 0.106200
ConmocionLance.jpg
5 57.732620 -1.666449 161.548950 0.109066 0.980209 0.165209 0.436400 0.084700
5 63.743202 -6.560651 157.139496 0.975515 -0.032424 0.217529 0.534100 0.082900
5 64.257439 -5.615578 154.974258 0.981648 0.186028 0.041961 0.548100 0.110400
ConmocionLance.jpg
5 45.390648 8.567724 85.158188 -0.365069 0.926921 0.086847 0.668500 0.845400
5 44.357796 5.539302 90.965385 -0.396731 0.820233 0.412094 0.680200 0.772500
5 53.566177 4.937747 84.399109 0.694285 0.062427 0.716988 0.699900 0.855000
ConmocionLance.jpg
5 40.104355 -16.432482 98.365967 -0.762740 -0.639393 -0.096970 0.590800 0.512100
5 40.880379 -16.945705 105.921471 -0.776062 -0.629573 0.036944 0.597200 0.415900
5 39.266457 -3.905123 98.170090 -0.969294 0.182992 0.164266 0.649300 0.606200
ConmocionLance.jpg
5 38.974670 -0.244883 90.928581 -0.965258 0.260915 0.014130 0.609900 0.710100
5 39.266457 -3.905123 98.170090 -0.969294 0.182992 0.164266 0.649300 0.606200
5 44.357796 5.539302 90.965385 -0.396731 0.820233 0.412094 0.680200 0.772500
ConmocionLance.jpg
5 55.485909 -11.942413 95.193153 -0.667638 0.613902 0.421170 0.403200 0.553900
5 47.596989 -13.244019 86.917427 -0.121956 0.929416 0.348301 0.467800 0.648100
5 48.867203 -18.703243 99.176697 -0.022607 0.965978 0.257633 0.524600 0.496600
ConmocionLance.jpg
5 48.867203 -18.703243 99.176697 -0.022607 0.965978 0.257633 0.524600 0.496600
5 56.806274 -17.809439 104.643303 -0.613854 0.774601 0.152241 0.457500 0.430700
5 55.485909 -11.942413 95.193153 -0.667638 0.613902 0.421170 0.403200 0.553900
ConmocionLance.jpg
5 47.596989 -13.244019 86.917427 -0.121956 0.929416 0.348301 0.467800 0.648100
5 41.579300 -11.650782 80.588608 0.846929 0.513609 0.137542 0.492600 0.736600
5 41.270004 -13.771002 90.550941 0.591072 0.755343 0.283002 0.536700 0.613700
ConmocionLance.jpg
5 41.270004 -13.771002 90.550941 0.591072 0.755343 0.283002 0.536700 0.613700
5 48.867203 -18.703243 99.176697 -0.022607 0.965978 0.257633 0.524600 0.496600
5 47.596989 -13.244019 86.917427 -0.121956 0.929416 0.348301 0.467800 0.648100
ConmocionLance.jpg
5 41.270004 -13.771002 90.550941 0.591072 0.755343 0.283002 0.536700 0.613700
5 40.241501 -16.316362 98.537910 0.845085 0.521464 0.117928 0.590800 0.512100
5 48.867203 -18.703243 99.176697 -0.022607 0.965978 0.257633 0.524600 0.496600
ConmocionLance.jpg
5 62.922974 -8.698054 114.157211 -0.904879 0.421181 -0.061657 0.336700 0.349200
5 56.806274 -17.809439 104.643303 -0.613854 0.774601 0.152241 0.457500 0.430700
5 53.626289 -17.338673 114.188858 -0.498956 0.843099 -0.200565 0.491200 0.295600
ConmocionLance.jpg
5 53.626289 -17.338673 114.188858 -0.498956 0.843099 -0.200565 0.491200 0.295600
5 59.419647 -9.375885 121.976227 -0.830326 0.474541 -0.292180 0.378600 0.231100
5 62.922974 -8.698054 114.157211 -0.904879 0.421181 -0.061657 0.336700 0.349200
ConmocionLance.jpg
5 48.867203 -18.703243 99.176697 -0.022607 0.965978 0.257633 0.524600 0.496600
5 40.241501 -16.316362 98.537910 0.845085 0.521464 0.117928 0.590800 0.512100
5 41.009125 -16.824608 106.015091 0.608047 0.793880 -0.005716 0.597200 0.415900
ConmocionLance.jpg
5 41.009125 -16.824608 106.015091 0.608047 0.793880 -0.005716 0.597200 0.415900
5 46.460865 -18.506191 109.415482 0.026535 0.999294 -0.026602 0.564500 0.357900
5 48.867203 -18.703243 99.176697 -0.022607 0.965978 0.257633 0.524600 0.496600
ConmocionLance.jpg
5 64.079002 3.004063 122.229034 -0.798044 -0.306458 -0.518854 0.201700 0.243100
5 62.922974 -8.698054 114.157211 -0.904879 0.421181 -0.061657 0.336700 0.349200
5 59.419647 -9.375885 121.976227 -0.830326 0.474541 -0.292180 0.378600 0.231100
ConmocionLance.jpg
5 61.163597 -3.158700 105.570854 -0.932129 0.213614 0.292411 0.293100 0.449000
5 65.532516 5.844048 115.167145 -0.740261 -0.660861 0.123595 0.178000 0.342000
5 64.307060 5.287332 110.865440 -0.639348 -0.718036 0.275062 0.190200 0.390300
ConmocionLance.jpg
5 62.922974 -8.698054 114.157211 -0.904879 0.421181 -0.061657 0.336700 0.349200
5 64.079002 3.004063 122.229034 -0.798044 -0.306458 -0.518854 0.201700 0.243100
5 65.532516 5.844048 115.167145 -0.740261 -0.660861 0.123595 0.178000 0.342000
ConmocionLance.jpg
5 61.163597 -3.158700 105.570854 -0.932129 0.213614 0.292411 0.293100 0.449000
5 55.485909 -11.942413 95.193153 -0.667638 0.613902 0.421170 0.403200 0.553900
5 56.806274 -17.809439 104.643303 -0.613854 0.774601 0.152241 0.457500 0.430700
ConmocionLance.jpg
5 56.806274 -17.809439 104.643303 -0.613854 0.774601 0.152241 0.457500 0.430700
5 62.922974 -8.698054 114.157211 -0.904879 0.421181 -0.061657 0.336700 0.349200
5 61.163597 -3.158700 105.570854 -0.932129 0.213614 0.292411 0.293100 0.449000
ConmocionLance.jpg
5 46.460865 -18.506191 109.415482 0.026535 0.999294 -0.026602 0.564500 0.357900
5 53.626289 -17.338673 114.188858 -0.498956 0.843099 -0.200565 0.491200 0.295600
5 56.806274 -17.809439 104.643303 -0.613854 0.774601 0.152241 0.457500 0.430700
ConmocionLance.jpg
5 56.806274 -17.809439 104.643303 -0.613854 0.774601 0.152241 0.457500 0.430700
5 48.867203 -18.703243 99.176697 -0.022607 0.965978 0.257633 0.524600 0.496600
5 46.460865 -18.506191 109.415482 0.026535 0.999294 -0.026602 0.564500 0.357900
ConmocionLance.jpg
5 65.532516 5.844048 115.167145 -0.740261 -0.660861 0.123595 0.598000 0.933500
5 50.151398 4.849861 123.414032 0.457633 -0.879770 -0.128748 0.417600 0.872800
5 52.257492 2.100183 115.040466 0.545666 -0.793180 0.270397 0.417500 0.982400
ConmocionLance.jpg
5 52.257492 2.100183 115.040466 0.545666 -0.793180 0.270397 0.417500 0.982400
5 64.307060 5.287332 110.865440 -0.639348 -0.718036 0.275062 0.582500 0.993200
5 65.532516 5.844048 115.167145 -0.740261 -0.660861 0.123595 0.598000 0.933500
ConmocionLance.jpg
5 64.079002 3.004063 122.229034 -0.798044 -0.306458 -0.518854 0.568000 0.812700
5 50.151398 4.849861 123.414032 0.457633 -0.879770 -0.128748 0.417600 0.872800
5 65.532516 5.844048 115.167145 -0.740261 -0.660861 0.123595 0.598000 0.933500
ConmocionLance.jpg
5 60.453186 -1.988374 128.170288 -0.824354 -0.069817 -0.561752 0.427900 0.730600
5 54.594444 -0.280368 131.378174 -0.039570 -0.803752 -0.593647 0.392400 0.754200
5 64.079002 3.004063 122.229034 -0.798044 -0.306458 -0.518854 0.568000 0.812700
ConmocionLance.jpg
5 64.079002 3.004063 122.229034 -0.798044 -0.306458 -0.518854 0.568000 0.812700
5 54.594444 -0.280368 131.378174 -0.039570 -0.803752 -0.593647 0.392400 0.754200
5 50.151398 4.849861 123.414032 0.457633 -0.879770 -0.128748 0.417600 0.872800
ConmocionLance.jpg
5 50.151398 4.849861 123.414032 0.457633 -0.879770 -0.128748 0.417600 0.872800
5 45.635727 -3.554579 131.903732 0.877778 -0.293028 -0.378999 0.267300 0.740100
5 45.658611 -8.509801 126.621964 0.984555 -0.109694 0.136447 0.217400 0.808700
ConmocionLance.jpg
5 45.658611 -8.509801 126.621964 0.984555 -0.109694 0.136447 0.217400 0.808700
5 52.257492 2.100183 115.040466 0.545666 -0.793180 0.270397 0.417500 0.982400
5 50.151398 4.849861 123.414032 0.457633 -0.879770 -0.128748 0.417600 0.872800
ConmocionLance.jpg
5 54.594444 -0.280368 131.378174 -0.039570 -0.803752 -0.593647 0.392400 0.754200
5 50.833794 -3.625687 136.084610 0.571161 -0.510012 -0.643166 0.310500 0.662500
5 45.635727 -3.554579 131.903732 0.877778 -0.293028 -0.378999 0.267300 0.740100
ConmocionLance.jpg
5 45.635727 -3.554579 131.903732 0.877778 -0.293028 -0.378999 0.267300 0.740100
5 50.151398 4.849861 123.414032 0.457633 -0.879770 -0.128748 0.417600 0.872800
5 54.594444 -0.280368 131.378174 -0.039570 -0.803752 -0.593647 0.392400 0.754200
ConmocionLance.jpg
5 45.635727 -3.554579 131.903732 0.877778 -0.293028 -0.378999 0.267300 0.740100
5 47.446735 -14.032270 131.340286 0.788871 0.613023 -0.043419 0.160300 0.721300
5 45.658611 -8.509801 126.621964 0.984555 -0.109694 0.136447 0.217400 0.808700
ConmocionLance.jpg
5 45.635727 -3.554579 131.903732 0.877778 -0.293028 -0.378999 0.267300 0.740100
5 49.506813 -14.723684 139.188400 0.526697 0.669249 -0.524114 0.159800 0.599300
5 48.459057 -14.909372 135.374878 0.384967 0.922454 -0.029649 0.151700 0.658100
ConmocionLance.jpg
5 50.833794 -3.625687 136.084610 0.571161 -0.510012 -0.643166 0.310500 0.662500
5 55.211288 -13.201207 144.589798 0.086909 0.933725 -0.347282 0.226800 0.501300
5 49.506813 -14.723684 139.188400 0.526697 0.669249 -0.524114 0.159800 0.599300
ConmocionLance.jpg
5 49.506813 -14.723684 139.188400 0.526697 0.669249 -0.524114 0.159800 0.599300
5 45.635727 -3.554579 131.903732 0.877778 -0.293028 -0.378999 0.267300 0.740100
5 50.833794 -3.625687 136.084610 0.571161 -0.510012 -0.643166 0.310500 0.662500
ConmocionLance.jpg
5 47.446735 -14.032270 131.340286 0.788871 0.613023 -0.043419 0.160300 0.721300
5 45.635727 -3.554579 131.903732 0.877778 -0.293028 -0.378999 0.267300 0.740100
5 48.459057 -14.909372 135.374878 0.384967 0.922454 -0.029649 0.151700 0.658100
ConmocionLance.jpg
5 63.816376 -5.616602 152.583633 -0.999637 -0.008063 0.025722 0.563600 0.134500
5 62.087845 -10.461647 145.132355 -0.635488 0.764342 0.109250 0.668000 0.168100
5 60.589325 -11.968927 147.581696 -0.592011 0.804539 -0.047324 0.668700 0.125500
ConmocionLance.jpg
5 60.589325 -11.968927 147.581696 -0.592011 0.804539 -0.047324 0.668700 0.125500
5 64.192963 -5.614985 154.851379 -0.983121 -0.171949 -0.062509 0.548100 0.110400
5 63.816376 -5.616602 152.583633 -0.999637 -0.008063 0.025722 0.563600 0.134500
ConmocionLance.jpg
5 62.087845 -10.461647 145.132355 -0.635488 0.764342 0.109250 0.668000 0.168100
5 56.689682 -12.598957 141.380310 -0.443547 0.867983 0.223320 0.753500 0.168300
5 56.175362 -13.435101 142.937225 -0.312689 0.948436 0.051907 0.748100 0.144600
ConmocionLance.jpg
5 56.175362 -13.435101 142.937225 -0.312689 0.948436 0.051907 0.748100 0.144600
5 60.589325 -11.968927 147.581696 -0.592011 0.804539 -0.047324 0.668700 0.125500
5 62.087845 -10.461647 145.132355 -0.635488 0.764342 0.109250 0.668000 0.168100
ConmocionLance.jpg
5 64.192963 -5.614985 154.851379 -0.983121 -0.171949 -0.062509 0.548100 0.110400
5 60.589325 -11.968927 147.581696 -0.592011 0.804539 -0.047324 0.668700 0.125500
5 58.342751 -12.751156 150.134598 -0.588159 0.806107 -0.065278 0.668500 0.084100
ConmocionLance.jpg
5 58.342751 -12.751156 150.134598 -0.588159 0.806107 -0.065278 0.668500 0.084100
5 63.649185 -6.550550 156.785248 -0.968672 0.071281 -0.237893 0.534100 0.082900
5 64.192963 -5.614985 154.851379 -0.983121 -0.171949 -0.062509 0.548100 0.110400
ConmocionLance.jpg
5 60.589325 -11.968927 147.581696 -0.592011 0.804539 -0.047324 0.668700 0.125500
5 56.175362 -13.435101 142.937225 -0.312689 0.948436 0.051907 0.748100 0.144600
5 55.211288 -13.201207 144.589798 0.086909 0.933725 -0.347282 0.739800 0.123900
ConmocionLance.jpg
5 55.211288 -13.201207 144.589798 0.086909 0.933725 -0.347282 0.739800 0.123900
5 58.342751 -12.751156 150.134598 -0.588159 0.806107 -0.065278 0.668500 0.084100
5 60.589325 -11.968927 147.581696 -0.592011 0.804539 -0.047324 0.668700 0.125500
ConmocionLance.jpg
5 56.689682 -12.598957 141.380310 -0.443547 0.867983 0.223320 0.753500 0.168300
5 50.750984 -14.388641 136.193314 -0.312105 0.934710 0.170021 0.855600 0.168700
5 50.098671 -14.789490 137.671967 -0.250385 0.964780 0.080665 0.849200 0.148300
ConmocionLance.jpg
5 50.098671 -14.789490 137.671967 -0.250385 0.964780 0.080665 0.849200 0.148300
5 56.175362 -13.435101 142.937225 -0.312689 0.948436 0.051907 0.748100 0.144600
5 56.689682 -12.598957 141.380310 -0.443547 0.867983 0.223320 0.753500 0.168300
ConmocionLance.jpg
5 56.175362 -13.435101 142.937225 -0.312689 0.948436 0.051907 0.748100 0.144600
5 50.098671 -14.789490 137.671967 -0.250385 0.964780 0.080665 0.849200 0.148300
5 49.506813 -14.723684 139.188400 0.526697 0.669249 -0.524114 0.840500 0.129700
ConmocionLance.jpg
5 49.506813 -14.723684 139.188400 0.526697 0.669249 -0.524114 0.840500 0.129700
5 55.211288 -13.201207 144.589798 0.086909 0.933725 -0.347282 0.739800 0.123900
5 56.175362 -13.435101 142.937225 -0.312689 0.948436 0.051907 0.748100 0.144600
ConmocionLance.jpg
5 50.750984 -14.388641 136.193314 -0.312105 0.934710 0.170021 0.855600 0.168700
5 47.446735 -14.032270 131.340286 0.788871 0.613023 -0.043419 0.920700 0.168900
5 48.459057 -14.909372 135.374878 0.384967 0.922454 -0.029649 0.885600 0.153800
ConmocionLance.jpg
5 48.459057 -14.909372 135.374878 0.384967 0.922454 -0.029649 0.885600 0.153800
5 50.098671 -14.789490 137.671967 -0.250385 0.964780 0.080665 0.849200 0.148300
5 50.750984 -14.388641 136.193314 -0.312105 0.934710 0.170021 0.855600 0.168700
ConmocionLance.jpg
5 63.540352 -5.653928 170.749268 -0.973867 -0.054197 0.220559 0.208600 0.173200
5 63.203827 -9.008755 166.679153 -0.797773 0.451943 0.399131 0.270100 0.168600
5 63.399979 -10.629803 168.906754 -0.602790 0.757583 0.250424 0.244400 0.136700
ConmocionLance.jpg
5 63.399979 -10.629803 168.906754 -0.602790 0.757583 0.250424 0.244400 0.136700
5 64.479851 -5.908292 173.163574 -0.978956 0.202521 0.025126 0.173300 0.158700
5 63.540352 -5.653928 170.749268 -0.973867 -0.054197 0.220559 0.208600 0.173200
ConmocionLance.jpg
5 63.203827 -9.008755 166.679153 -0.797773 0.451943 0.399131 0.270100 0.168600
5 59.761963 -9.670868 165.607117 -0.059742 0.822675 0.565365 0.310100 0.136600
5 63.399979 -10.629803 168.906754 -0.602790 0.757583 0.250424 0.244400 0.136700
ConmocionLance.jpg
5 64.479851 -5.908292 173.163574 -0.978956 0.202521 0.025126 0.173300 0.158700
5 63.399979 -10.629803 168.906754 -0.602790 0.757583 0.250424 0.244400 0.136700
5 62.978889 -10.844423 171.123596 -0.726750 0.683457 -0.068714 0.210800 0.111800
ConmocionLance.jpg
5 62.978889 -10.844423 171.123596 -0.726750 0.683457 -0.068714 0.210800 0.111800
5 64.017624 -6.081893 175.889618 -0.930759 0.339314 -0.136211 0.136700 0.137900
5 64.479851 -5.908292 173.163574 -0.978956 0.202521 0.025126 0.173300 0.158700
ConmocionLance.jpg
5 63.399979 -10.629803 168.906754 -0.602790 0.757583 0.250424 0.244400 0.136700
5 58.095032 -10.307987 166.827118 0.336228 0.909340 0.245055 0.306600 0.110900
5 58.467560 -10.220321 168.913971 0.616285 0.769832 -0.165984 0.277800 0.090800
ConmocionLance.jpg
5 58.467560 -10.220321 168.913971 0.616285 0.769832 -0.165984 0.277800 0.090800
5 62.978889 -10.844423 171.123596 -0.726750 0.683457 -0.068714 0.210800 0.111800
5 63.399979 -10.629803 168.906754 -0.602790 0.757583 0.250424 0.244400 0.136700
ConmocionLance.jpg
5 50.098671 -14.789490 137.671967 -0.250385 0.964780 0.080665 0.849200 0.148300
5 48.459057 -14.909372 135.374878 0.384967 0.922454 -0.029649 0.885600 0.153800
5 49.506813 -14.723684 139.188400 0.526697 0.669249 -0.524114 0.840500 0.129700
ConmocionLance.jpg
5 56.073578 1.645421 65.996437 -0.946939 0.047482 0.317886 0.595500 0.377000
5 50.851357 -2.171062 55.232368 -0.641633 0.644646 0.415619 0.660500 0.515800
5 52.159271 -5.150325 57.813217 -0.642810 0.666942 0.376807 0.679600 0.481800
ConmocionLance.jpg
5 52.159271 -5.150325 57.813217 -0.642810 0.666942 0.376807 0.679600 0.481800
5 56.440994 -2.452317 68.641418 -0.860581 0.508522 -0.028382 0.632400 0.343700
5 56.073578 1.645421 65.996437 -0.946939 0.047482 0.317886 0.595500 0.377000
ConmocionLance.jpg
5 50.851357 -2.171062 55.232368 -0.641633 0.644646 0.415619 0.660500 0.515800
5 44.371857 -2.389057 46.916397 -0.227217 0.961937 0.151823 0.713600 0.639700
5 44.385921 -2.473667 47.473602 -0.416291 0.806775 0.419304 0.714900 0.633800
ConmocionLance.jpg
5 44.385921 -2.473667 47.473602 -0.416291 0.806775 0.419304 0.714900 0.633800
5 52.159271 -5.150325 57.813217 -0.642810 0.666942 0.376807 0.679600 0.481800
5 50.851357 -2.171062 55.232368 -0.641633 0.644646 0.415619 0.660500 0.515800
ConmocionLance.jpg
5 52.159271 -5.150325 57.813217 -0.642810 0.666942 0.376807 0.679600 0.481800
5 44.385921 -2.473667 47.473602 -0.416291 0.806775 0.419304 0.714900 0.633800
5 43.590874 -4.178082 52.178955 -0.047339 0.969782 0.239337 0.735700 0.565700
ConmocionLance.jpg
5 43.590874 -4.178082 52.178955 -0.047339 0.969782 0.239337 0.735700 0.565700
5 49.565098 -5.832577 62.409195 -0.269986 0.962738 0.015563 0.712000 0.431000
5 52.159271 -5.150325 57.813217 -0.642810 0.666942 0.376807 0.679600 0.481800
ConmocionLance.jpg
5 57.342491 7.040932 72.704407 -0.704110 -0.694944 0.145884 0.544000 0.294700
5 56.073578 1.645421 65.996437 -0.946939 0.047482 0.317886 0.595500 0.377000
5 56.440994 -2.452317 68.641418 -0.860581 0.508522 -0.028382 0.632400 0.343700
ConmocionLance.jpg
5 56.440994 -2.452317 68.641418 -0.860581 0.508522 -0.028382 0.632400 0.343700
5 56.277115 7.371491 80.937920 -0.868283 -0.118315 -0.481754 0.555100 0.189100
5 57.342491 7.040932 72.704407 -0.704110 -0.694944 0.145884 0.544000 0.294700
ConmocionLance.jpg
5 56.277115 7.371491 80.937920 -0.868283 -0.118315 -0.481754 0.555100 0.189100
5 56.440994 -2.452317 68.641418 -0.860581 0.508522 -0.028382 0.632400 0.343700
5 53.169197 -3.826664 73.003555 -0.696394 0.661179 -0.279066 0.676300 0.296900
ConmocionLance.jpg
5 53.169197 -3.826664 73.003555 -0.696394 0.661179 -0.279066 0.676300 0.296900
5 53.448837 4.844065 83.974747 -0.654540 -0.348244 -0.671047 0.608000 0.159200
5 56.277115 7.371491 80.937920 -0.868283 -0.118315 -0.481754 0.555100 0.189100
ConmocionLance.jpg
5 56.440994 -2.452317 68.641418 -0.860581 0.508522 -0.028382 0.632400 0.343700
5 52.159271 -5.150325 57.813217 -0.642810 0.666942 0.376807 0.679600 0.481800
5 49.565098 -5.832577 62.409195 -0.269986 0.962738 0.015563 0.712000 0.431000
ConmocionLance.jpg
5 49.565098 -5.832577 62.409195 -0.269986 0.962738 0.015563 0.712000 0.431000
5 53.169197 -3.826664 73.003555 -0.696394 0.661179 -0.279066 0.676300 0.296900
5 56.440994 -2.452317 68.641418 -0.860581 0.508522 -0.028382 0.632400 0.343700
ConmocionLance.jpg
5 56.277115 7.371491 80.937920 -0.868283 -0.118315 -0.481754 0.722100 0.907600
5 53.448837 4.844065 83.974747 -0.654540 -0.348244 -0.671047 0.699900 0.855000
5 45.848625 8.053740 85.239044 0.357826 -0.928157 -0.102395 0.668500 0.845400
ConmocionLance.jpg
5 57.342491 7.040932 72.704407 -0.704110 -0.694944 0.145884 0.671100 0.988800
5 56.277115 7.371491 80.937920 -0.868283 -0.118315 -0.481754 0.722100 0.907600
5 45.848625 8.053740 85.239044 0.357826 -0.928157 -0.102395 0.668500 0.845400
ConmocionLance.jpg
5 45.848625 8.053740 85.239044 0.357826 -0.928157 -0.102395 0.668500 0.845400
5 46.796528 6.833407 80.675858 0.558096 -0.765337 0.320606 0.637900 0.887300
5 57.342491 7.040932 72.704407 -0.704110 -0.694944 0.145884 0.671100 0.988800
ConmocionLance.jpg
5 45.848625 8.053740 85.239044 0.357826 -0.928157 -0.102395 0.668500 0.845400
5 39.582230 -0.733606 91.119453 0.979932 -0.197542 0.026670 0.609900 0.710100
5 40.292118 -2.223779 82.621246 0.931478 -0.313528 0.184526 0.559000 0.778100
ConmocionLance.jpg
5 40.292118 -2.223779 82.621246 0.931478 -0.313528 0.184526 0.559000 0.778100
5 46.796528 6.833407 80.675858 0.558096 -0.765337 0.320606 0.637900 0.887300
5 45.848625 8.053740 85.239044 0.357826 -0.928157 -0.102395 0.668500 0.845400
ConmocionLance.jpg
5 44.360733 5.442000 90.729645 0.467704 -0.819578 -0.330976 0.680200 0.772500
5 39.582230 -0.733606 91.119453 0.979932 -0.197542 0.026670 0.609900 0.710100
5 45.848625 8.053740 85.239044 0.357826 -0.928157 -0.102395 0.668500 0.845400
ConmocionLance.jpg
5 41.270004 -13.771002 90.550941 0.591072 0.755343 0.283002 0.536700 0.613700
5 39.582230 -0.733606 91.119453 0.979932 -0.197542 0.026670 0.609900 0.710100
5 40.241501 -16.316362 98.537910 0.845085 0.521464 0.117928 0.590800 0.512100
ConmocionLance.jpg
5 39.582230 -0.733606 91.119453 0.979932 -0.197542 0.026670 0.609900 0.710100
5 39.397278 -3.919564 98.353752 0.980596 -0.166986 -0.102701 0.649300 0.606200
5 40.241501 -16.316362 98.537910 0.845085 0.521464 0.117928 0.590800 0.512100
ConmocionLance.jpg
5 41.579300 -11.650782 80.588608 0.846929 0.513609 0.137542 0.492600 0.736600
5 40.292118 -2.223779 82.621246 0.931478 -0.313528 0.184526 0.559000 0.778100
5 39.582230 -0.733606 91.119453 0.979932 -0.197542 0.026670 0.609900 0.710100
ConmocionLance.jpg
5 39.582230 -0.733606 91.119453 0.979932 -0.197542 0.026670 0.609900 0.710100
5 41.270004 -13.771002 90.550941 0.591072 0.755343 0.283002 0.536700 0.613700
5 41.579300 -11.650782 80.588608 0.846929 0.513609 0.137542 0.492600 0.736600
ConmocionLance.jpg
5 64.192963 -5.614985 154.851379 -0.983121 -0.171949 -0.062509 0.548100 0.110400
5 57.177353 -2.171698 159.722672 0.428914 -0.898797 0.090534 0.447000 0.106200
5 63.816376 -5.616602 152.583633 -0.999637 -0.008063 0.025722 0.563600 0.134500
ConmocionLance.jpg
5 64.192963 -5.614985 154.851379 -0.983121 -0.171949 -0.062509 0.548100 0.110400
5 57.742271 -1.881594 161.519012 -0.103494 -0.976084 -0.191175 0.436400 0.084700
5 57.177353 -2.171698 159.722672 0.428914 -0.898797 0.090534 0.447000 0.106200
ConmocionLance.jpg
5 57.177353 -2.171698 159.722672 0.428914 -0.898797 0.090534 0.447000 0.106200
5 56.580795 -4.917138 165.261719 0.970141 -0.174019 -0.168949 0.375000 0.085600
5 56.603958 -7.957564 164.988251 0.932659 0.355074 0.063797 0.350600 0.108000
ConmocionLance.jpg
5 56.603958 -7.957564 164.988251 0.932659 0.355074 0.063797 0.350600 0.108000
5 58.467560 -10.220321 168.913971 0.616285 0.769832 -0.165984 0.277800 0.090800
5 58.095032 -10.307987 166.827118 0.336228 0.909340 0.245055 0.306600 0.110900
ConmocionLance.jpg
5 65.532516 5.844048 115.167145 -0.740261 -0.660861 0.123595 0.178000 0.342000
5 61.163597 -3.158700 105.570854 -0.932129 0.213614 0.292411 0.293100 0.449000
5 62.922974 -8.698054 114.157211 -0.904879 0.421181 -0.061657 0.336700 0.349200
ConmocionLance.jpg
5 64.079002 3.004063 122.229034 -0.798044 -0.306458 -0.518854 0.201700 0.243100
5 59.419647 -9.375885 121.976227 -0.830326 0.474541 -0.292180 0.378600 0.231100
5 60.453186 -1.988374 128.170288 -0.824354 -0.069817 -0.561752 0.312700 0.173700
ConmocionLance.jpg
5 58.095032 -10.307987 166.827118 0.336228 0.909340 0.245055 0.306600 0.110900
5 59.761963 -9.670868 165.607117 -0.059742 0.822675 0.565365 0.310100 0.136600
5 56.603958 -7.957564 164.988251 0.932659 0.355074 0.063797 0.350600 0.108000
ConmocionLance.jpg
5 63.399979 -10.629803 168.906754 -0.602790 0.757583 0.250424 0.244400 0.136700
5 59.761963 -9.670868 165.607117 -0.059742 0.822675 0.565365 0.310100 0.136600
5 58.095032 -10.307987 166.827118 0.336228 0.909340 0.245055 0.306600 0.110900
ConmocionLance.jpg
5 58.467560 -10.220321 168.913971 0.616285 0.769832 -0.165984 0.277800 0.090800
5 56.603958 -7.957564 164.988251 0.932659 0.355074 0.063797 0.350600 0.108000
5 56.580795 -4.917138 165.261719 0.970141 -0.174019 -0.168949 0.375000 0.085600
ConmocionLance.jpg
5 56.580795 -4.917138 165.261719 0.970141 -0.174019 -0.168949 0.375000 0.085600
5 57.177353 -2.171698 159.722672 0.428914 -0.898797 0.090534 0.447000 0.106200
5 57.742271 -1.881594 161.519012 -0.103494 -0.976084 -0.191175 0.436400 0.084700
ConmocionLance.jpg
5 57.742271 -1.881594 161.519012 -0.103494 -0.976084 -0.191175 0.436400 0.084700
5 64.192963 -5.614985 154.851379 -0.983121 -0.171949 -0.062509 0.548100 0.110400
5 63.649185 -6.550550 156.785248 -0.968672 0.071281 -0.237893 0.534100 0.082900
ConmocionLance.jpg
5 45.848625 8.053740 85.239044 0.357826 -0.928157 -0.102395 0.668500 0.845400
5 53.448837 4.844065 83.974747 -0.654540 -0.348244 -0.671047 0.699900 0.855000
5 44.360733 5.442000 90.729645 0.467704 -0.819578 -0.330976 0.680200 0.772500
ConmocionLance.jpg
5 40.241501 -16.316362 98.537910 0.845085 0.521464 0.117928 0.590800 0.512100
5 39.397278 -3.919564 98.353752 0.980596 -0.166986 -0.102701 0.649300 0.606200
5 41.009125 -16.824608 106.015091 0.608047 0.793880 -0.005716 0.597200 0.415900
ConmocionLance.jpg
5 39.582230 -0.733606 91.119453 0.979932 -0.197542 0.026670 0.609900 0.710100
5 44.360733 5.442000 90.729645 0.467704 -0.819578 -0.330976 0.680200 0.772500
5 39.397278 -3.919564 98.353752 0.980596 -0.166986 -0.102701 0.649300 0.606200
ConmocionLance.jpg
5 57.379471 7.166952 72.244614 0.639473 0.729489 -0.242737 0.544000 0.294700
5 57.109772 7.683500 81.129990 0.805980 0.388728 0.446416 0.555100 0.189100
5 57.348083 -3.229312 67.996994 0.844447 -0.526853 0.096622 0.632400 0.343700
ConmocionLance.jpg
5 57.348083 -3.229312 67.996994 0.844447 -0.526853 0.096622 0.632400 0.343700
5 57.109772 7.683500 81.129990 0.805980 0.388728 0.446416 0.555100 0.189100
5 53.566177 4.937747 84.399109 0.694285 0.062427 0.716988 0.608000 0.159200
ConmocionLance.jpg
5 45.390648 8.567724 85.158188 -0.365069 0.926921 0.086847 0.668500 0.845400
5 57.109772 7.683500 81.129990 0.805980 0.388728 0.446416 0.722100 0.907600
5 57.379471 7.166952 72.244614 0.639473 0.729489 -0.242737 0.671100 0.988800
ConmocionLance.jpg
5 48.811520 -18.819414 99.005035 0.039915 -0.959556 -0.278673 0.524600 0.496600
5 41.149864 -13.853205 90.292480 -0.825897 -0.526645 -0.201344 0.536700 0.613700
5 41.468143 -11.704790 80.227249 -0.267694 -0.900110 -0.343718 0.492600 0.736600
ConmocionLance.jpg
5 41.468143 -11.704790 80.227249 -0.267694 -0.900110 -0.343718 0.492600 0.736600
5 41.658104 -11.805410 80.575287 0.247263 -0.879699 -0.406190 0.492400 0.732200
5 48.811520 -18.819414 99.005035 0.039915 -0.959556 -0.278673 0.524600 0.496600
ConmocionLance.jpg
5 46.390266 -18.638855 109.360954 -0.085918 -0.996253 0.009932 0.564500 0.357900
5 40.880379 -16.945705 105.921471 -0.776062 -0.629573 0.036944 0.597200 0.415900
5 40.104355 -16.432482 98.365967 -0.762740 -0.639393 -0.096970 0.590800 0.512100
ConmocionLance.jpg
5 56.816017 -17.904757 104.516594 0.504078 -0.848852 -0.159232 0.457500 0.430700
5 48.811520 -18.819414 99.005035 0.039915 -0.959556 -0.278673 0.524600 0.496600
5 47.543533 -13.314622 86.620377 0.326037 -0.848518 -0.416794 0.467800 0.648100
ConmocionLance.jpg
5 56.816017 -17.904757 104.516594 0.504078 -0.848852 -0.159232 0.457500 0.430700
5 53.624237 -17.446627 114.176056 0.468031 -0.857309 0.214403 0.491200 0.295600
5 46.390266 -18.638855 109.360954 -0.085918 -0.996253 0.009932 0.564500 0.357900
ConmocionLance.jpg
5 41.149864 -13.853205 90.292480 -0.825897 -0.526645 -0.201344 0.536700 0.613700
5 38.974670 -0.244883 90.928581 -0.965258 0.260915 0.014130 0.609900 0.710100
5 40.170521 -2.190778 82.277153 -0.962223 0.181652 -0.202806 0.559000 0.778100
ConmocionLance.jpg
5 50.773987 -14.527897 136.241806 0.404613 -0.890519 -0.208000 0.855600 0.168700
5 50.175171 -14.987925 137.724930 0.320452 -0.943290 -0.086681 0.849200 0.148300
5 48.423794 -15.429121 135.511978 -0.291661 -0.956433 0.013040 0.885600 0.153800
ConmocionLance.jpg
5 44.292053 -2.444027 46.760460 0.411657 -0.782416 -0.467295 0.714900 0.633800
5 44.155434 -1.614707 41.306252 0.215666 -0.964554 -0.152064 0.702500 0.691700
5 50.898453 -2.201474 54.591522 0.775721 -0.330430 -0.537654 0.660500 0.515800
ConmocionLance.jpg
5 53.024902 -5.953457 57.063995 0.635208 -0.645903 -0.423461 0.679600 0.481800
5 49.595203 -5.894196 61.838463 0.110373 -0.992214 0.057703 0.712000 0.431000
5 43.494083 -4.161391 51.520630 -0.059272 -0.975176 -0.213349 0.735700 0.565700
ConmocionLance.jpg
5 50.851357 -2.171062 55.232368 -0.641633 0.644646 0.415619 0.660500 0.515800
5 44.249657 -1.652236 42.065750 -0.227243 0.961927 0.151843 0.702500 0.691700
5 44.371857 -2.389057 46.916397 -0.227217 0.961937 0.151823 0.713600 0.639700
ConmocionLance.jpg
5 63.527718 -9.199958 114.001892 0.915314 -0.402543 0.012591 0.336700 0.349200
5 56.816017 -17.904757 104.516594 0.504078 -0.848852 -0.159232 0.457500 0.430700
5 55.500168 -11.994043 94.964264 0.829269 -0.389280 -0.400967 0.403200 0.553900
ConmocionLance.jpg
5 -58.009789 -0.369966 118.817612 0.740497 -0.503782 -0.444823 0.944800 0.994300
5 -55.710869 4.489861 124.184784 0.547631 0.498310 -0.672152 0.876000 0.935100
5 -56.791538 3.595832 126.125717 0.679771 0.718318 -0.148090 0.890200 0.909900
ConmocionLance.jpg
5 -56.791538 3.595832 126.125717 0.679771 0.718318 -0.148090 0.890200 0.909900
5 -58.024921 -0.779636 122.543503 0.942879 -0.332283 0.023797 0.943800 0.949700
5 -58.009789 -0.369966 118.817612 0.740497 -0.503782 -0.444823 0.944800 0.994300
ConmocionLance.jpg
5 -58.096939 3.900777 137.997162 0.077639 -0.060168 -0.995164 0.882400 0.765900
5 -60.370564 -6.147215 136.647827 0.707871 -0.695313 -0.124336 0.992000 0.776300
5 -58.203362 2.696499 130.509338 0.669943 0.739183 0.069166 0.903800 0.854900
ConmocionLance.jpg
5 -60.370564 -6.147215 136.647827 0.707871 -0.695313 -0.124336 0.992000 0.776300
5 -55.449261 2.131179 141.714584 0.792725 -0.606087 -0.065154 0.872100 0.725800
5 -61.179935 -6.225842 142.167053 0.591683 -0.783231 0.190948 0.992000 0.709000
ConmocionLance.jpg
5 -58.096939 3.900777 137.997162 0.077639 -0.060168 -0.995164 0.882400 0.765900
5 -54.388157 4.235466 138.562927 0.738819 -0.513867 -0.435989 0.849000 0.765700
5 -55.449261 2.131179 141.714584 0.792725 -0.606087 -0.065154 0.872100 0.725800
ConmocionLance.jpg
5 -55.449261 2.131179 141.714584 0.792725 -0.606087 -0.065154 0.872100 0.725800
5 -52.867405 5.800917 143.309814 0.920295 -0.379886 0.093511 0.816600 0.711900
5 -54.059902 5.241708 144.686462 0.791702 -0.403279 0.458882 0.829400 0.693300
ConmocionLance.jpg
5 -52.867405 5.800917 143.309814 0.920295 -0.379886 0.093511 0.816600 0.711900
5 -51.757092 8.361305 145.302399 0.853715 -0.442986 0.273740 0.782200 0.690500
5 -54.693920 8.847633 146.549484 0.203257 0.353927 0.912920 0.799800 0.670600
ConmocionLance.jpg
5 -54.693920 8.847633 146.549484 0.203257 0.353927 0.912920 0.799800 0.670600
5 -54.059902 5.241708 144.686462 0.791702 -0.403279 0.458882 0.829400 0.693300
5 -52.867405 5.800917 143.309814 0.920295 -0.379886 0.093511 0.816600 0.711900
ConmocionLance.jpg
5 -51.757092 8.361305 145.302399 0.853715 -0.442986 0.273740 0.782200 0.690500
5 -50.389488 13.649837 147.357574 0.518512 0.645781 0.560457 0.721400 0.669300
5 -54.693920 8.847633 146.549484 0.203257 0.353927 0.912920 0.799800 0.670600
ConmocionLance.jpg
5 -63.641846 -5.035370 149.171051 0.521799 -0.677625 0.518217 0.992000 0.621200
5 -57.200794 1.184818 147.054459 0.723727 -0.565540 0.395453 0.887700 0.658900
5 -62.385384 1.302038 152.227264 -0.136113 -0.004124 0.990685 0.921500 0.588000
ConmocionLance.jpg
5 -62.385384 1.302038 152.227264 -0.136113 -0.004124 0.990685 0.921500 0.588000
5 -66.374451 -3.032018 152.278656 -0.145093 -0.014097 0.989318 0.992000 0.579700
5 -63.641846 -5.035370 149.171051 0.521799 -0.677625 0.518217 0.992000 0.621200
ConmocionLance.jpg
5 -54.059902 5.241708 144.686462 0.791702 -0.403279 0.458882 0.829400 0.693300
5 -57.200794 1.184818 147.054459 0.723727 -0.565540 0.395453 0.887700 0.658900
5 -55.449261 2.131179 141.714584 0.792725 -0.606087 -0.065154 0.872100 0.725800
ConmocionLance.jpg
5 -54.693920 8.847633 146.549484 0.203257 0.353927 0.912920 0.799800 0.670600
5 -57.200794 1.184818 147.054459 0.723727 -0.565540 0.395453 0.887700 0.658900
5 -54.059902 5.241708 144.686462 0.791702 -0.403279 0.458882 0.829400 0.693300
ConmocionLance.jpg
5 -54.693920 8.847633 146.549484 0.203257 0.353927 0.912920 0.799800 0.670600
5 -54.209274 10.287951 152.829315 0.666903 0.739336 0.092858 0.774900 0.596700
5 -56.241074 5.321373 153.744446 0.776469 -0.556711 0.295243 0.834300 0.581400
ConmocionLance.jpg
5 -56.241074 5.321373 153.744446 0.776469 -0.556711 0.295243 0.834300 0.581400
5 -57.200794 1.184818 147.054459 0.723727 -0.565540 0.395453 0.887700 0.658900
5 -54.693920 8.847633 146.549484 0.203257 0.353927 0.912920 0.799800 0.670600
ConmocionLance.jpg
5 -57.200794 1.184818 147.054459 0.723727 -0.565540 0.395453 0.887700 0.658900
5 -56.241074 5.321373 153.744446 0.776469 -0.556711 0.295243 0.834300 0.581400
5 -58.819721 5.765488 156.236328 -0.447110 -0.368082 0.815235 0.847800 0.547200
ConmocionLance.jpg
5 -58.819721 5.765488 156.236328 -0.447110 -0.368082 0.815235 0.847800 0.547200
5 -62.385384 1.302038 152.227264 -0.136113 -0.004124 0.990685 0.921500 0.588000
5 -57.200794 1.184818 147.054459 0.723727 -0.565540 0.395453 0.887700 0.658900
ConmocionLance.jpg
5 -54.209274 10.287951 152.829315 0.666903 0.739336 0.092858 0.774900 0.596700
5 -55.987823 9.123722 158.136261 0.094079 0.242773 0.965510 0.792700 0.530000
5 -56.241074 5.321373 153.744446 0.776469 -0.556711 0.295243 0.834300 0.581400
ConmocionLance.jpg
5 -56.241074 5.321373 153.744446 0.776469 -0.556711 0.295243 0.834300 0.581400
5 -55.987823 9.123722 158.136261 0.094079 0.242773 0.965510 0.792700 0.530000
5 -58.819721 5.765488 156.236328 -0.447110 -0.368082 0.815235 0.847800 0.547200
ConmocionLance.jpg
5 -57.200794 1.184818 147.054459 0.723727 -0.565540 0.395453 0.887700 0.658900
5 -61.179935 -6.225842 142.167053 0.591683 -0.783231 0.190948 0.992000 0.709000
5 -55.449261 2.131179 141.714584 0.792725 -0.606087 -0.065154 0.872100 0.725800
ConmocionLance.jpg
5 -58.096939 3.900777 137.997162 0.077639 -0.060168 -0.995164 0.882400 0.765900
5 -55.851318 6.080590 136.179352 -0.015356 -0.160180 -0.986968 0.847300 0.791900
5 -54.388157 4.235466 138.562927 0.738819 -0.513867 -0.435989 0.849000 0.765700
ConmocionLance.jpg
5 -50.389488 13.649837 147.357574 0.518512 0.645781 0.560457 0.721400 0.669300
5 -51.757092 8.361305 145.302399 0.853715 -0.442986 0.273740 0.782200 0.690500
5 -52.307442 11.035074 143.729965 0.570237 0.529285 -0.628241 0.764900 0.708800
ConmocionLance.jpg
5 -52.307442 11.035074 143.729965 0.570237 0.529285 -0.628241 0.764900 0.708800
5 -51.757092 8.361305 145.302399 0.853715 -0.442986 0.273740 0.782200 0.690500
5 -52.867405 5.800917 143.309814 0.920295 -0.379886 0.093511 0.816600 0.711900
ConmocionLance.jpg
5 -52.867405 5.800917 143.309814 0.920295 -0.379886 0.093511 0.816600 0.711900
5 -53.550774 9.229689 140.619019 0.638662 0.631083 -0.440279 0.795000 0.743500
5 -52.307442 11.035074 143.729965 0.570237 0.529285 -0.628241 0.764900 0.708800
ConmocionLance.jpg
5 -53.550774 9.229689 140.619019 0.638662 0.631083 -0.440279 0.795000 0.743500
5 -52.867405 5.800917 143.309814 0.920295 -0.379886 0.093511 0.816600 0.711900
5 -54.388157 4.235466 138.562927 0.738819 -0.513867 -0.435989 0.849000 0.765700
ConmocionLance.jpg
5 -54.388157 4.235466 138.562927 0.738819 -0.513867 -0.435989 0.849000 0.765700
5 -53.706635 8.568213 137.235504 0.519309 0.460547 -0.719871 0.806600 0.783500
5 -53.550774 9.229689 140.619019 0.638662 0.631083 -0.440279 0.795000 0.743500
ConmocionLance.jpg
5 -54.388157 4.235466 138.562927 0.738819 -0.513867 -0.435989 0.849000 0.765700
5 -55.851318 6.080590 136.179352 -0.015356 -0.160180 -0.986968 0.847300 0.791900
5 -53.706635 8.568213 137.235504 0.519309 0.460547 -0.719871 0.806600 0.783500
ConmocionLance.jpg
5 -58.009789 -0.369966 118.817612 0.740497 -0.503782 -0.444823 0.944800 0.994300
5 -58.024921 -0.779636 122.543503 0.942879 -0.332283 0.023797 0.943800 0.949700
5 -59.688011 -4.739321 122.813461 0.726843 -0.606583 -0.322112 0.992000 0.942900
ConmocionLance.jpg
5 -58.024921 -0.779636 122.543503 0.942879 -0.332283 0.023797 0.943800 0.949700
5 -60.161621 -4.785312 126.042877 0.721467 -0.672772 0.163896 0.992000 0.903500
5 -59.688011 -4.739321 122.813461 0.726843 -0.606583 -0.322112 0.992000 0.942900
ConmocionLance.jpg
5 -58.024921 -0.779636 122.543503 0.942879 -0.332283 0.023797 0.943800 0.949700
5 -56.791538 3.595832 126.125717 0.679771 0.718318 -0.148090 0.890200 0.909900
5 -56.481743 4.325590 128.826416 0.654356 0.736863 0.169854 0.877600 0.878300
ConmocionLance.jpg
5 -56.481743 4.325590 128.826416 0.654356 0.736863 0.169854 0.877600 0.878300
5 -60.161621 -4.785312 126.042877 0.721467 -0.672772 0.163896 0.992000 0.903500
5 -58.024921 -0.779636 122.543503 0.942879 -0.332283 0.023797 0.943800 0.949700
ConmocionLance.jpg
5 -60.161621 -4.785312 126.042877 0.721467 -0.672772 0.163896 0.992000 0.903500
5 -56.481743 4.325590 128.826416 0.654356 0.736863 0.169854 0.877600 0.878300
5 -58.203362 2.696499 130.509338 0.669943 0.739183 0.069166 0.903800 0.854900
ConmocionLance.jpg
5 -58.203362 2.696499 130.509338 0.669943 0.739183 0.069166 0.903800 0.854900
5 -60.645184 -4.832293 129.340149 0.745049 -0.666596 -0.023493 0.992000 0.863300
5 -60.161621 -4.785312 126.042877 0.721467 -0.672772 0.163896 0.992000 0.903500
ConmocionLance.jpg
5 -55.449261 2.131179 141.714584 0.792725 -0.606087 -0.065154 0.872100 0.725800
5 -60.370564 -6.147215 136.647827 0.707871 -0.695313 -0.124336 0.992000 0.776300
5 -58.096939 3.900777 137.997162 0.077639 -0.060168 -0.995164 0.882400 0.765900
ConmocionLance.jpg
5 -58.203362 2.696499 130.509338 0.669943 0.739183 0.069166 0.903800 0.854900
5 -60.370564 -6.147215 136.647827 0.707871 -0.695313 -0.124336 0.992000 0.776300
5 -60.645184 -4.832293 129.340149 0.745049 -0.666596 -0.023493 0.992000 0.863300
ConmocionLance.jpg
5 -57.200794 1.184818 147.054459 0.723727 -0.565540 0.395453 0.887700 0.658900
5 -63.641846 -5.035370 149.171051 0.521799 -0.677625 0.518217 0.992000 0.621200
5 -61.179935 -6.225842 142.167053 0.591683 -0.783231 0.190948 0.992000 0.709000
ConmocionLance.jpg
5 -58.009789 -0.369966 118.817612 0.740497 -0.503782 -0.444823 0.841300 0.993600
5 -62.146420 -2.693261 122.953323 -0.322615 -0.470505 -0.821307 0.844100 0.914300
5 -55.710869 4.489861 124.184784 0.547631 0.498310 -0.672152 0.915800 0.993500
ConmocionLance.jpg
5 -59.688011 -4.739321 122.813461 0.726843 -0.606583 -0.322112 0.813800 0.925300
5 -62.146420 -2.693261 122.953323 -0.322615 -0.470505 -0.821307 0.844100 0.914300
5 -58.009789 -0.369966 118.817612 0.740497 -0.503782 -0.444823 0.841300 0.993600
ConmocionLance.jpg
5 -52.867405 5.800917 143.309814 0.920295 -0.379886 0.093511 0.816600 0.711900
5 -55.449261 2.131179 141.714584 0.792725 -0.606087 -0.065154 0.872100 0.725800
5 -54.388157 4.235466 138.562927 0.738819 -0.513867 -0.435989 0.849000 0.765700
ConmocionLance.jpg
5 -63.213318 -6.156144 117.972122 0.645016 -0.609949 -0.460344 0.944800 0.994300
5 -63.347656 -6.698311 121.678604 0.432678 -0.899609 -0.059109 0.943800 0.949700
5 -68.018951 -8.888662 124.301285 -0.605714 -0.711107 -0.356982 0.890200 0.909900
ConmocionLance.jpg
5 -68.018951 -8.888662 124.301285 -0.605714 -0.711107 -0.356982 0.890200 0.909900
5 -68.493362 -9.723830 122.107666 -0.329571 -0.477120 -0.814702 0.876000 0.935100
5 -63.213318 -6.156144 117.972122 0.645016 -0.609949 -0.460344 0.944800 0.994300
ConmocionLance.jpg
5 -70.175270 -9.529903 136.034439 -0.610130 -0.713965 -0.343505 0.882400 0.765900
5 -67.928688 -8.117703 128.929001 -0.658571 -0.738077 -0.146721 0.903800 0.854900
5 -60.370564 -6.147215 136.647827 0.707871 -0.695313 -0.124336 0.992000 0.776300
ConmocionLance.jpg
5 -60.370564 -6.147215 136.647827 0.707871 -0.695313 -0.124336 0.992000 0.776300
5 -61.179935 -6.225842 142.167053 0.591683 -0.783231 0.190948 0.992000 0.709000
5 -71.224205 -10.207653 139.225311 -0.662727 -0.738938 -0.121502 0.872100 0.725800
ConmocionLance.jpg
5 -63.641846 -5.035370 149.171051 0.521799 -0.677625 0.518217 0.992000 0.621200
5 -66.374451 -3.032018 152.278656 -0.145093 -0.014097 0.989318 0.992000 0.579700
5 -70.163155 -7.346605 150.963333 -0.446726 -0.367620 0.815654 0.921500 0.588000
ConmocionLance.jpg
5 -70.163155 -7.346605 150.963333 -0.446726 -0.367620 0.815654 0.921500 0.588000
5 -71.173851 -9.334478 144.855377 -0.668757 -0.686259 0.286029 0.887700 0.658900
5 -63.641846 -5.035370 149.171051 0.521799 -0.677625 0.518217 0.992000 0.621200
ConmocionLance.jpg
5 -71.173851 -9.334478 144.855377 -0.668757 -0.686259 0.286029 0.887700 0.658900
5 -71.224205 -10.207653 139.225311 -0.662727 -0.738938 -0.121502 0.872100 0.725800
5 -61.179935 -6.225842 142.167053 0.591683 -0.783231 0.190948 0.992000 0.709000
ConmocionLance.jpg
5 -63.213318 -6.156144 117.972122 0.645016 -0.609949 -0.460344 0.944800 0.994300
5 -59.688011 -4.739321 122.813461 0.726843 -0.606583 -0.322112 0.992000 0.942900
5 -63.347656 -6.698311 121.678604 0.432678 -0.899609 -0.059109 0.943800 0.949700
ConmocionLance.jpg
5 -63.347656 -6.698311 121.678604 0.432678 -0.899609 -0.059109 0.943800 0.949700
5 -59.688011 -4.739321 122.813461 0.726843 -0.606583 -0.322112 0.992000 0.942900
5 -60.161621 -4.785312 126.042877 0.721467 -0.672772 0.163896 0.992000 0.903500
ConmocionLance.jpg
5 -63.347656 -6.698311 121.678604 0.432678 -0.899609 -0.059109 0.943800 0.949700
5 -60.161621 -4.785312 126.042877 0.721467 -0.672772 0.163896 0.992000 0.903500
5 -69.088020 -9.692158 126.777901 -0.672562 -0.738624 -0.045764 0.877600 0.878300
ConmocionLance.jpg
5 -69.088020 -9.692158 126.777901 -0.672562 -0.738624 -0.045764 0.877600 0.878300
5 -68.018951 -8.888662 124.301285 -0.605714 -0.711107 -0.356982 0.890200 0.909900
5 -63.347656 -6.698311 121.678604 0.432678 -0.899609 -0.059109 0.943800 0.949700
ConmocionLance.jpg
5 -60.161621 -4.785312 126.042877 0.721467 -0.672772 0.163896 0.992000 0.903500
5 -60.645184 -4.832293 129.340149 0.745049 -0.666596 -0.023493 0.992000 0.863300
5 -67.928688 -8.117703 128.929001 -0.658571 -0.738077 -0.146721 0.903800 0.854900
ConmocionLance.jpg
5 -67.928688 -8.117703 128.929001 -0.658571 -0.738077 -0.146721 0.903800 0.854900
5 -69.088020 -9.692158 126.777901 -0.672562 -0.738624 -0.045764 0.877600 0.878300
5 -60.161621 -4.785312 126.042877 0.721467 -0.672772 0.163896 0.992000 0.903500
ConmocionLance.jpg
5 -71.224205 -10.207653 139.225311 -0.662727 -0.738938 -0.121502 0.872100 0.725800
5 -70.175270 -9.529903 136.034439 -0.610130 -0.713965 -0.343505 0.882400 0.765900
5 -60.370564 -6.147215 136.647827 0.707871 -0.695313 -0.124336 0.992000 0.776300
ConmocionLance.jpg
5 -67.928688 -8.117703 128.929001 -0.658571 -0.738077 -0.146721 0.903800 0.854900
5 -60.645184 -4.832293 129.340149 0.745049 -0.666596 -0.023493 0.992000 0.863300
5 -60.370564 -6.147215 136.647827 0.707871 -0.695313 -0.124336 0.992000 0.776300
ConmocionLance.jpg
5 -71.173851 -9.334478 144.855377 -0.668757 -0.686259 0.286029 0.887700 0.658900
5 -61.179935 -6.225842 142.167053 0.591683 -0.783231 0.190948 0.992000 0.709000
5 -63.641846 -5.035370 149.171051 0.521799 -0.677625 0.518217 0.992000 0.621200
ConmocionLance.jpg
5 -63.213318 -6.156144 117.972122 0.645016 -0.609949 -0.460344 0.841300 0.993600
5 -68.493362 -9.723830 122.107666 -0.329571 -0.477120 -0.814702 0.915800 0.993500
5 -62.004555 -2.535486 122.976425 0.542890 0.491902 -0.680663 0.844100 0.914300
ConmocionLance.jpg
5 -59.688011 -4.739321 122.813461 0.726843 -0.606583 -0.322112 0.813800 0.925300
5 -63.213318 -6.156144 117.972122 0.645016 -0.609949 -0.460344 0.841300 0.993600
5 -62.004555 -2.535486 122.976425 0.542890 0.491902 -0.680663 0.844100 0.914300
ConmocionLance.jpg
5 -59.566719 1.060596 118.609634 -0.488235 0.625188 -0.608906 0.944800 0.994300
5 -60.504311 1.498486 122.212372 -0.401184 0.902666 -0.155710 0.943800 0.949700
5 -56.791538 3.595832 126.125717 0.679771 0.718318 -0.148090 0.890200 0.909900
ConmocionLance.jpg
5 -56.791538 3.595832 126.125717 0.679771 0.718318 -0.148090 0.890200 0.909900
5 -55.710869 4.489861 124.184784 0.547631 0.498310 -0.672152 0.876000 0.935100
5 -59.566719 1.060596 118.609634 -0.488235 0.625188 -0.608906 0.944800 0.994300
ConmocionLance.jpg
5 -58.096939 3.900777 137.997162 0.077639 -0.060168 -0.995164 0.882400 0.765900
5 -58.203362 2.696499 130.509338 0.669943 0.739183 0.069166 0.903800 0.854900
5 -67.651161 0.542428 135.675446 -0.720783 0.617373 -0.315155 0.992000 0.776300
ConmocionLance.jpg
5 -67.651161 0.542428 135.675446 -0.720783 0.617373 -0.315155 0.992000 0.776300
5 -68.460594 0.463808 141.194656 -0.844173 0.536071 -0.000824 0.992000 0.709000
5 -60.572720 6.838755 141.030243 -0.647504 0.717235 -0.257511 0.872100 0.725800
ConmocionLance.jpg
5 -60.572720 6.838755 141.030243 -0.647504 0.717235 -0.257511 0.872100 0.725800
5 -58.122517 7.666669 138.064133 -0.499302 0.623753 -0.601356 0.849000 0.765700
5 -58.096939 3.900777 137.997162 0.077639 -0.060168 -0.995164 0.882400 0.765900
ConmocionLance.jpg
5 -60.572720 6.838755 141.030243 -0.647504 0.717235 -0.257511 0.872100 0.725800
5 -58.032196 8.891546 144.155884 -0.522464 0.804198 0.283368 0.829400 0.693300
5 -57.371201 9.939131 142.708298 -0.456487 0.885129 -0.090369 0.816600 0.711900
ConmocionLance.jpg
5 -57.371201 9.939131 142.708298 -0.456487 0.885129 -0.090369 0.816600 0.711900
5 -58.032196 8.891546 144.155884 -0.522464 0.804198 0.283368 0.829400 0.693300
5 -54.693920 8.847633 146.549484 0.203257 0.353927 0.912920 0.799800 0.670600
ConmocionLance.jpg
5 -54.693920 8.847633 146.549484 0.203257 0.353927 0.912920 0.799800 0.670600
5 -55.212494 11.536232 144.840866 -0.539676 0.837300 0.087625 0.782200 0.690500
5 -57.371201 9.939131 142.708298 -0.456487 0.885129 -0.090369 0.816600 0.711900
ConmocionLance.jpg
5 -55.212494 11.536232 144.840866 -0.539676 0.837300 0.087625 0.782200 0.690500
5 -54.693920 8.847633 146.549484 0.203257 0.353927 0.912920 0.799800 0.670600
5 -50.389488 13.649837 147.357574 0.518512 0.645781 0.560457 0.721400 0.669300
ConmocionLance.jpg
5 -68.108078 -0.931685 148.574554 -0.781726 0.520087 0.344115 0.992000 0.621200
5 -66.374451 -3.032018 152.278656 -0.145093 -0.014097 0.989318 0.992000 0.579700
5 -62.385384 1.302038 152.227264 -0.136113 -0.004124 0.990685 0.921500 0.588000
ConmocionLance.jpg
5 -62.385384 1.302038 152.227264 -0.136113 -0.004124 0.990685 0.921500 0.588000
5 -62.142975 5.725832 146.394379 -0.668450 0.713640 0.209507 0.887700 0.658900
5 -68.108078 -0.931685 148.574554 -0.781726 0.520087 0.344115 0.992000 0.621200
ConmocionLance.jpg
5 -58.032196 8.891546 144.155884 -0.522464 0.804198 0.283368 0.829400 0.693300
5 -60.572720 6.838755 141.030243 -0.647504 0.717235 -0.257511 0.872100 0.725800
5 -62.142975 5.725832 146.394379 -0.668450 0.713640 0.209507 0.887700 0.658900
ConmocionLance.jpg
5 -54.693920 8.847633 146.549484 0.203257 0.353927 0.912920 0.799800 0.670600
5 -58.032196 8.891546 144.155884 -0.522464 0.804198 0.283368 0.829400 0.693300
5 -62.142975 5.725832 146.394379 -0.668450 0.713640 0.209507 0.887700 0.658900
ConmocionLance.jpg
5 -54.693920 8.847633 146.549484 0.203257 0.353927 0.912920 0.799800 0.670600
5 -62.142975 5.725832 146.394379 -0.668450 0.713640 0.209507 0.887700 0.658900
5 -59.091400 7.940330 153.363770 -0.649270 0.753302 0.104808 0.834300 0.581400
ConmocionLance.jpg
5 -59.091400 7.940330 153.363770 -0.649270 0.753302 0.104808 0.834300 0.581400
5 -54.209274 10.287951 152.829315 0.666903 0.739336 0.092858 0.774900 0.596700
5 -54.693920 8.847633 146.549484 0.203257 0.353927 0.912920 0.799800 0.670600
ConmocionLance.jpg
5 -62.142975 5.725832 146.394379 -0.668450 0.713640 0.209507 0.887700 0.658900
5 -62.385384 1.302038 152.227264 -0.136113 -0.004124 0.990685 0.921500 0.588000
5 -58.819721 5.765488 156.236328 -0.447110 -0.368082 0.815235 0.847800 0.547200
ConmocionLance.jpg
5 -58.819721 5.765488 156.236328 -0.447110 -0.368082 0.815235 0.847800 0.547200
5 -59.091400 7.940330 153.363770 -0.649270 0.753302 0.104808 0.834300 0.581400
5 -62.142975 5.725832 146.394379 -0.668450 0.713640 0.209507 0.887700 0.658900
ConmocionLance.jpg
5 -54.209274 10.287951 152.829315 0.666903 0.739336 0.092858 0.774900 0.596700
5 -59.091400 7.940330 153.363770 -0.649270 0.753302 0.104808 0.834300 0.581400
5 -55.987823 9.123722 158.136261 0.094079 0.242773 0.965510 0.792700 0.530000
ConmocionLance.jpg
5 -59.091400 7.940330 153.363770 -0.649270 0.753302 0.104808 0.834300 0.581400
5 -58.819721 5.765488 156.236328 -0.447110 -0.368082 0.815235 0.847800 0.547200
5 -55.987823 9.123722 158.136261 0.094079 0.242773 0.965510 0.792700 0.530000
ConmocionLance.jpg
5 -62.142975 5.725832 146.394379 -0.668450 0.713640 0.209507 0.887700 0.658900
5 -60.572720 6.838755 141.030243 -0.647504 0.717235 -0.257511 0.872100 0.725800
5 -68.460594 0.463808 141.194656 -0.844173 0.536071 -0.000824 0.992000 0.709000
ConmocionLance.jpg
5 -58.096939 3.900777 137.997162 0.077639 -0.060168 -0.995164 0.882400 0.765900
5 -58.122517 7.666669 138.064133 -0.499302 0.623753 -0.601356 0.849000 0.765700
5 -55.851318 6.080590 136.179352 -0.015356 -0.160180 -0.986968 0.847300 0.791900
ConmocionLance.jpg
5 -50.389488 13.649837 147.357574 0.518512 0.645781 0.560457 0.721400 0.669300
5 -52.307442 11.035074 143.729965 0.570237 0.529285 -0.628241 0.764900 0.708800
5 -55.212494 11.536232 144.840866 -0.539676 0.837300 0.087625 0.782200 0.690500
ConmocionLance.jpg
5 -52.307442 11.035074 143.729965 0.570237 0.529285 -0.628241 0.764900 0.708800
5 -53.550774 9.229689 140.619019 0.638662 0.631083 -0.440279 0.795000 0.743500
5 -57.371201 9.939131 142.708298 -0.456487 0.885129 -0.090369 0.816600 0.711900
ConmocionLance.jpg
5 -57.371201 9.939131 142.708298 -0.456487 0.885129 -0.090369 0.816600 0.711900
5 -55.212494 11.536232 144.840866 -0.539676 0.837300 0.087625 0.782200 0.690500
5 -52.307442 11.035074 143.729965 0.570237 0.529285 -0.628241 0.764900 0.708800
ConmocionLance.jpg
5 -53.550774 9.229689 140.619019 0.638662 0.631083 -0.440279 0.795000 0.743500
5 -53.706635 8.568213 137.235504 0.519309 0.460547 -0.719871 0.806600 0.783500
5 -58.122517 7.666669 138.064133 -0.499302 0.623753 -0.601356 0.849000 0.765700
ConmocionLance.jpg
5 -58.122517 7.666669 138.064133 -0.499302 0.623753 -0.601356 0.849000 0.765700
5 -57.371201 9.939131 142.708298 -0.456487 0.885129 -0.090369 0.816600 0.711900
5 -53.550774 9.229689 140.619019 0.638662 0.631083 -0.440279 0.795000 0.743500
ConmocionLance.jpg
5 -58.122517 7.666669 138.064133 -0.499302 0.623753 -0.601356 0.849000 0.765700
5 -53.706635 8.568213 137.235504 0.519309 0.460547 -0.719871 0.806600 0.783500
5 -55.851318 6.080590 136.179352 -0.015356 -0.160180 -0.986968 0.847300 0.791900
ConmocionLance.jpg
5 -59.566719 1.060596 118.609634 -0.488235 0.625188 -0.608906 0.944800 0.994300
5 -64.327591 -0.476332 122.193764 -0.606253 0.618308 -0.500153 0.992000 0.942900
5 -60.504311 1.498486 122.212372 -0.401184 0.902666 -0.155710 0.943800 0.949700
ConmocionLance.jpg
5 -60.504311 1.498486 122.212372 -0.401184 0.902666 -0.155710 0.943800 0.949700
5 -64.327591 -0.476332 122.193764 -0.606253 0.618308 -0.500153 0.992000 0.942900
5 -64.801186 -0.522341 125.423172 -0.740894 0.670886 -0.031430 0.992000 0.903500
ConmocionLance.jpg
5 -60.504311 1.498486 122.212372 -0.401184 0.902666 -0.155710 0.943800 0.949700
5 -64.801186 -0.522341 125.423172 -0.740894 0.670886 -0.031430 0.992000 0.903500
5 -56.481743 4.325590 128.826416 0.654356 0.736863 0.169854 0.877600 0.878300
ConmocionLance.jpg
5 -56.481743 4.325590 128.826416 0.654356 0.736863 0.169854 0.877600 0.878300
5 -56.791538 3.595832 126.125717 0.679771 0.718318 -0.148090 0.890200 0.909900
5 -60.504311 1.498486 122.212372 -0.401184 0.902666 -0.155710 0.943800 0.949700
ConmocionLance.jpg
5 -64.801186 -0.522341 125.423172 -0.740894 0.670886 -0.031430 0.992000 0.903500
5 -65.284805 -0.569328 128.720428 -0.709662 0.670032 -0.217798 0.992000 0.863300
5 -58.203362 2.696499 130.509338 0.669943 0.739183 0.069166 0.903800 0.854900
ConmocionLance.jpg
5 -58.203362 2.696499 130.509338 0.669943 0.739183 0.069166 0.903800 0.854900
5 -56.481743 4.325590 128.826416 0.654356 0.736863 0.169854 0.877600 0.878300
5 -64.801186 -0.522341 125.423172 -0.740894 0.670886 -0.031430 0.992000 0.903500
ConmocionLance.jpg
5 -60.572720 6.838755 141.030243 -0.647504 0.717235 -0.257511 0.872100 0.725800
5 -58.096939 3.900777 137.997162 0.077639 -0.060168 -0.995164 0.882400 0.765900
5 -67.651161 0.542428 135.675446 -0.720783 0.617373 -0.315155 0.992000 0.776300
ConmocionLance.jpg
5 -58.203362 2.696499 130.509338 0.669943 0.739183 0.069166 0.903800 0.854900
5 -65.284805 -0.569328 128.720428 -0.709662 0.670032 -0.217798 0.992000 0.863300
5 -67.651161 0.542428 135.675446 -0.720783 0.617373 -0.315155 0.992000 0.776300
ConmocionLance.jpg
5 -62.142975 5.725832 146.394379 -0.668450 0.713640 0.209507 0.887700 0.658900
5 -68.460594 0.463808 141.194656 -0.844173 0.536071 -0.000824 0.992000 0.709000
5 -68.108078 -0.931685 148.574554 -0.781726 0.520087 0.344115 0.992000 0.621200
ConmocionLance.jpg
5 -59.566719 1.060596 118.609634 -0.488235 0.625188 -0.608906 0.841300 0.993600
5 -55.710869 4.489861 124.184784 0.547631 0.498310 -0.672152 0.915800 0.993500
5 -62.146420 -2.693261 122.953323 -0.322615 -0.470505 -0.821307 0.844100 0.914300
ConmocionLance.jpg
5 -64.327591 -0.476332 122.193764 -0.606253 0.618308 -0.500153 0.813800 0.925300
5 -59.566719 1.060596 118.609634 -0.488235 0.625188 -0.608906 0.841300 0.993600
5 -62.146420 -2.693261 122.953323 -0.322615 -0.470505 -0.821307 0.844100 0.914300
ConmocionLance.jpg
5 -57.371201 9.939131 142.708298 -0.456487 0.885129 -0.090369 0.816600 0.711900
5 -58.122517 7.666669 138.064133 -0.499302 0.623753 -0.601356 0.849000 0.765700
5 -60.572720 6.838755 141.030243 -0.647504 0.717235 -0.257511 0.872100 0.725800
ConmocionLance.jpg
5 -64.770241 -4.725584 117.764069 -0.583685 0.519034 -0.624432 0.944800 0.994300
5 -68.493362 -9.723830 122.107666 -0.329571 -0.477120 -0.814702 0.876000 0.935100
5 -68.018951 -8.888662 124.301285 -0.605714 -0.711107 -0.356982 0.890200 0.909900
ConmocionLance.jpg
5 -68.018951 -8.888662 124.301285 -0.605714 -0.711107 -0.356982 0.890200 0.909900
5 -65.827049 -4.420219 121.347427 -0.911373 0.335350 -0.238620 0.943800 0.949700
5 -64.770241 -4.725584 117.764069 -0.583685 0.519034 -0.624432 0.944800 0.994300
ConmocionLance.jpg
5 -70.175270 -9.529903 136.034439 -0.610130 -0.713965 -0.343505 0.882400 0.765900
5 -67.651161 0.542428 135.675446 -0.720783 0.617373 -0.315155 0.992000 0.776300
5 -67.928688 -8.117703 128.929001 -0.658571 -0.738077 -0.146721 0.903800 0.854900
ConmocionLance.jpg
5 -67.651161 0.542428 135.675446 -0.720783 0.617373 -0.315155 0.992000 0.776300
5 -71.224205 -10.207653 139.225311 -0.662727 -0.738938 -0.121502 0.872100 0.725800
5 -68.460594 0.463808 141.194656 -0.844173 0.536071 -0.000824 0.992000 0.709000
ConmocionLance.jpg
5 -68.108078 -0.931685 148.574554 -0.781726 0.520087 0.344115 0.992000 0.621200
5 -71.173851 -9.334478 144.855377 -0.668757 -0.686259 0.286029 0.887700 0.658900
5 -70.163155 -7.346605 150.963333 -0.446726 -0.367620 0.815654 0.921500 0.588000
ConmocionLance.jpg
5 -70.163155 -7.346605 150.963333 -0.446726 -0.367620 0.815654 0.921500 0.588000
5 -66.374451 -3.032018 152.278656 -0.145093 -0.014097 0.989318 0.992000 0.579700
5 -68.108078 -0.931685 148.574554 -0.781726 0.520087 0.344115 0.992000 0.621200
ConmocionLance.jpg
5 -71.173851 -9.334478 144.855377 -0.668757 -0.686259 0.286029 0.887700 0.658900
5 -68.460594 0.463808 141.194656 -0.844173 0.536071 -0.000824 0.992000 0.709000
5 -71.224205 -10.207653 139.225311 -0.662727 -0.738938 -0.121502 0.872100 0.725800
ConmocionLance.jpg
5 -64.770241 -4.725584 117.764069 -0.583685 0.519034 -0.624432 0.944800 0.994300
5 -65.827049 -4.420219 121.347427 -0.911373 0.335350 -0.238620 0.943800 0.949700
5 -64.327591 -0.476332 122.193764 -0.606253 0.618308 -0.500153 0.992000 0.942900
ConmocionLance.jpg
5 -65.827049 -4.420219 121.347427 -0.911373 0.335350 -0.238620 0.943800 0.949700
5 -64.801186 -0.522341 125.423172 -0.740894 0.670886 -0.031430 0.992000 0.903500
5 -64.327591 -0.476332 122.193764 -0.606253 0.618308 -0.500153 0.992000 0.942900
ConmocionLance.jpg
5 -65.827049 -4.420219 121.347427 -0.911373 0.335350 -0.238620 0.943800 0.949700
5 -68.018951 -8.888662 124.301285 -0.605714 -0.711107 -0.356982 0.890200 0.909900
5 -69.088020 -9.692158 126.777901 -0.672562 -0.738624 -0.045764 0.877600 0.878300
ConmocionLance.jpg
5 -69.088020 -9.692158 126.777901 -0.672562 -0.738624 -0.045764 0.877600 0.878300
5 -64.801186 -0.522341 125.423172 -0.740894 0.670886 -0.031430 0.992000 0.903500
5 -65.827049 -4.420219 121.347427 -0.911373 0.335350 -0.238620 0.943800 0.949700
ConmocionLance.jpg
5 -64.801186 -0.522341 125.423172 -0.740894 0.670886 -0.031430 0.992000 0.903500
5 -69.088020 -9.692158 126.777901 -0.672562 -0.738624 -0.045764 0.877600 0.878300
5 -67.928688 -8.117703 128.929001 -0.658571 -0.738077 -0.146721 0.903800 0.854900
ConmocionLance.jpg
5 -67.928688 -8.117703 128.929001 -0.658571 -0.738077 -0.146721 0.903800 0.854900
5 -65.284805 -0.569328 128.720428 -0.709662 0.670032 -0.217798 0.992000 0.863300
5 -64.801186 -0.522341 125.423172 -0.740894 0.670886 -0.031430 0.992000 0.903500
ConmocionLance.jpg
5 -71.224205 -10.207653 139.225311 -0.662727 -0.738938 -0.121502 0.872100 0.725800
5 -67.651161 0.542428 135.675446 -0.720783 0.617373 -0.315155 0.992000 0.776300
5 -70.175270 -9.529903 136.034439 -0.610130 -0.713965 -0.343505 0.882400 0.765900
ConmocionLance.jpg
5 -67.928688 -8.117703 128.929001 -0.658571 -0.738077 -0.146721 0.903800 0.854900
5 -67.651161 0.542428 135.675446 -0.720783 0.617373 -0.315155 0.992000 0.776300
5 -65.284805 -0.569328 128.720428 -0.709662 0.670032 -0.217798 0.992000 0.863300
ConmocionLance.jpg
5 -71.173851 -9.334478 144.855377 -0.668757 -0.686259 0.286029 0.887700 0.658900
5 -68.108078 -0.931685 148.574554 -0.781726 0.520087 0.344115 0.992000 0.621200
5 -68.460594 0.463808 141.194656 -0.844173 0.536071 -0.000824 0.992000 0.709000
ConmocionLance.jpg
5 -64.770241 -4.725584 117.764069 -0.583685 0.519034 -0.624432 0.841300 0.993600
5 -62.004555 -2.535486 122.976425 0.542890 0.491902 -0.680663 0.844100 0.914300
5 -68.493362 -9.723830 122.107666 -0.329571 -0.477120 -0.814702 0.915800 0.993500
ConmocionLance.jpg
5 -64.327591 -0.476332 122.193764 -0.606253 0.618308 -0.500153 0.813800 0.925300
5 -62.004555 -2.535486 122.976425 0.542890 0.491902 -0.680663 0.844100 0.914300
5 -64.770241 -4.725584 117.764069 -0.583685 0.519034 -0.624432 0.841300 0.993600
ConmocionLance.jpg
5 -44.751896 4.386688 49.460007 0.953007 -0.286950 0.097144 0.084200 0.690800
5 -51.399593 -0.589092 57.390099 -0.677628 -0.735215 0.016703 0.018300 0.609900
5 -43.911308 2.227492 25.917526 0.980291 0.191340 -0.049185 0.051600 0.903700
ConmocionLance.jpg
5 -43.911308 2.227492 25.917526 0.980291 0.191340 -0.049185 0.051600 0.903700
5 -51.399593 -0.589092 57.390099 -0.677628 -0.735215 0.016703 0.018300 0.609900
5 -45.340675 0.000205 16.071564 0.652770 0.655088 -0.380461 0.018300 0.990200
ConmocionLance.jpg
5 -51.399593 -0.589092 57.390099 -0.677628 -0.735215 0.016703 0.018300 0.609900
5 -44.751896 4.386688 49.460007 0.953007 -0.286950 0.097144 0.084200 0.690800
5 -50.498253 1.070060 62.046318 -0.679181 -0.715481 0.163705 0.039500 0.569400
ConmocionLance.jpg
5 -50.498253 1.070060 62.046318 -0.679181 -0.715481 0.163705 0.039500 0.569400
5 -44.751896 4.386688 49.460007 0.953007 -0.286950 0.097144 0.084200 0.690800
5 -50.898197 1.787444 69.975792 -0.671479 -0.738915 -0.055860 0.049700 0.497500
ConmocionLance.jpg
5 -44.751896 4.386688 49.460007 0.953007 -0.286950 0.097144 0.084200 0.690800
5 -51.666313 6.100970 116.288025 0.893301 -0.235924 0.382561 0.119700 0.079900
5 -54.125225 1.500250 92.161201 -0.661565 -0.738736 -0.128844 0.050100 0.293400
ConmocionLance.jpg
5 -54.125225 1.500250 92.161201 -0.661565 -0.738736 -0.128844 0.050100 0.293400
5 -50.898197 1.787444 69.975792 -0.671479 -0.738915 -0.055860 0.049700 0.497500
5 -44.751896 4.386688 49.460007 0.953007 -0.286950 0.097144 0.084200 0.690800
ConmocionLance.jpg
5 -54.125225 1.500250 92.161201 -0.661565 -0.738736 -0.128844 0.050100 0.293400
5 -51.666313 6.100970 116.288025 0.893301 -0.235924 0.382561 0.119700 0.079900
5 -56.042080 0.555018 100.010193 -0.587449 -0.698699 -0.408317 0.039800 0.220000
ConmocionLance.jpg
5 -51.666313 6.100970 116.288025 0.893301 -0.235924 0.382561 0.119700 0.079900
5 -54.297695 4.497895 119.308624 0.809550 -0.116232 0.575430 0.095900 0.049000
5 -59.496269 -2.394016 105.584648 -0.144133 -0.015119 0.989443 0.004600 0.164900
ConmocionLance.jpg
5 -59.496269 -2.394016 105.584648 -0.144133 -0.015119 0.989443 0.004600 0.164900
5 -56.042080 0.555018 100.010193 -0.587449 -0.698699 -0.408317 0.039800 0.220000
5 -51.666313 6.100970 116.288025 0.893301 -0.235924 0.382561 0.119700 0.079900
ConmocionLance.jpg
5 -59.496269 -2.394016 105.584648 -0.144133 -0.015119 0.989443 0.004600 0.164900
5 -54.297695 4.497895 119.308624 0.809550 -0.116232 0.575430 0.095900 0.049000
5 -56.536602 3.294425 122.558136 0.494393 0.625673 0.603414 0.077500 0.016600
ConmocionLance.jpg
5 -56.536602 3.294425 122.558136 0.494393 0.625673 0.603414 0.077500 0.016600
5 -61.227249 -3.325027 122.607895 0.740189 -0.671293 0.038551 0.004600 0.009100
5 -59.496269 -2.394016 105.584648 -0.144133 -0.015119 0.989443 0.004600 0.164900
ConmocionLance.jpg
5 -45.340675 0.000205 16.071564 0.652770 0.655088 -0.380461 0.910800 0.066400
5 -44.661007 2.916305 25.817291 -0.098216 0.976230 -0.193204 0.840400 0.069800
5 -43.911308 2.227492 25.917526 0.980291 0.191340 -0.049185 0.840400 0.062900
ConmocionLance.jpg
5 -43.911308 2.227492 25.917526 0.980291 0.191340 -0.049185 0.840400 0.062900
5 -44.661007 2.916305 25.817291 -0.098216 0.976230 -0.193204 0.840400 0.069800
5 -45.845165 5.391204 49.314049 -0.366516 0.925415 -0.096300 0.676800 0.071300
ConmocionLance.jpg
5 -45.845165 5.391204 49.314049 -0.366516 0.925415 -0.096300 0.676800 0.071300
5 -44.751896 4.386688 49.460007 0.953007 -0.286950 0.097144 0.676800 0.061400
5 -43.911308 2.227492 25.917526 0.980291 0.191340 -0.049185 0.840400 0.062900
ConmocionLance.jpg
5 -44.751896 4.386688 49.460007 0.953007 -0.286950 0.097144 0.676800 0.061400
5 -45.845165 5.391204 49.314049 -0.366516 0.925415 -0.096300 0.676800 0.071300
5 -53.228119 7.536008 116.079437 -0.305256 0.948934 0.079644 0.209400 0.073400
ConmocionLance.jpg
5 -53.228119 7.536008 116.079437 -0.305256 0.948934 0.079644 0.209400 0.073400
5 -51.666313 6.100970 116.288025 0.893301 -0.235924 0.382561 0.209400 0.059200
5 -44.751896 4.386688 49.460007 0.953007 -0.286950 0.097144 0.676800 0.061400
ConmocionLance.jpg
5 -54.297695 4.497895 119.308624 0.809550 -0.116232 0.575430 0.180000 0.062800
5 -55.048599 5.187795 119.208359 -0.074883 0.840835 0.536086 0.180000 0.069900
5 -56.536602 3.294425 122.558136 0.494393 0.625673 0.603414 0.151800 0.066400
ConmocionLance.jpg
5 -56.536602 3.294425 122.558136 0.494393 0.625673 0.603414 0.151800 0.066400
5 -56.536602 3.294425 122.558136 0.494393 0.625673 0.603414 0.151800 0.066400
5 -54.297695 4.497895 119.308624 0.809550 -0.116232 0.575430 0.180000 0.062800
ConmocionLance.jpg
5 -51.666313 6.100970 116.288025 0.893301 -0.235924 0.382561 0.209400 0.059200
5 -53.228119 7.536008 116.079437 -0.305256 0.948934 0.079644 0.209400 0.073400
5 -55.048599 5.187795 119.208359 -0.074883 0.840835 0.536086 0.180000 0.069900
ConmocionLance.jpg
5 -55.048599 5.187795 119.208359 -0.074883 0.840835 0.536086 0.180000 0.069900
5 -54.297695 4.497895 119.308624 0.809550 -0.116232 0.575430 0.180000 0.062800
5 -51.666313 6.100970 116.288025 0.893301 -0.235924 0.382561 0.209400 0.059200
ConmocionLance.jpg
5 -45.845165 5.391204 49.314049 -0.366516 0.925415 -0.096300 0.084200 0.690800
5 -44.661007 2.916305 25.817291 -0.098216 0.976230 -0.193204 0.051600 0.903700
5 -51.399593 -0.589092 57.390099 -0.677628 -0.735215 0.016703 0.018300 0.609900
ConmocionLance.jpg
5 -44.661007 2.916305 25.817291 -0.098216 0.976230 -0.193204 0.051600 0.903700
5 -45.340675 0.000205 16.071564 0.652770 0.655088 -0.380461 0.018300 0.990200
5 -51.399593 -0.589092 57.390099 -0.677628 -0.735215 0.016703 0.018300 0.609900
ConmocionLance.jpg
5 -51.399593 -0.589092 57.390099 -0.677628 -0.735215 0.016703 0.018300 0.609900
5 -50.498253 1.070060 62.046318 -0.679181 -0.715481 0.163705 0.039500 0.569400
5 -45.845165 5.391204 49.314049 -0.366516 0.925415 -0.096300 0.084200 0.690800
ConmocionLance.jpg
5 -50.498253 1.070060 62.046318 -0.679181 -0.715481 0.163705 0.039500 0.569400
5 -50.898197 1.787444 69.975792 -0.671479 -0.738915 -0.055860 0.049700 0.497500
5 -45.845165 5.391204 49.314049 -0.366516 0.925415 -0.096300 0.084200 0.690800
ConmocionLance.jpg
5 -45.845165 5.391204 49.314049 -0.366516 0.925415 -0.096300 0.084200 0.690800
5 -50.898197 1.787444 69.975792 -0.671479 -0.738915 -0.055860 0.049700 0.497500
5 -54.125225 1.500250 92.161201 -0.661565 -0.738736 -0.128844 0.050100 0.293400
ConmocionLance.jpg
5 -54.125225 1.500250 92.161201 -0.661565 -0.738736 -0.128844 0.050100 0.293400
5 -53.228119 7.536008 116.079437 -0.305256 0.948934 0.079644 0.119700 0.079900
5 -45.845165 5.391204 49.314049 -0.366516 0.925415 -0.096300 0.084200 0.690800
ConmocionLance.jpg
5 -54.125225 1.500250 92.161201 -0.661565 -0.738736 -0.128844 0.050100 0.293400
5 -56.042080 0.555018 100.010193 -0.587449 -0.698699 -0.408317 0.039800 0.220000
5 -53.228119 7.536008 116.079437 -0.305256 0.948934 0.079644 0.119700 0.079900
ConmocionLance.jpg
5 -53.228119 7.536008 116.079437 -0.305256 0.948934 0.079644 0.119700 0.079900
5 -56.042080 0.555018 100.010193 -0.587449 -0.698699 -0.408317 0.039800 0.220000
5 -59.496269 -2.394016 105.584648 -0.144133 -0.015119 0.989443 0.004600 0.164900
ConmocionLance.jpg
5 -59.496269 -2.394016 105.584648 -0.144133 -0.015119 0.989443 0.004600 0.164900
5 -55.048599 5.187795 119.208359 -0.074883 0.840835 0.536086 0.095900 0.049000
5 -53.228119 7.536008 116.079437 -0.305256 0.948934 0.079644 0.119700 0.079900
ConmocionLance.jpg
5 -59.496269 -2.394016 105.584648 -0.144133 -0.015119 0.989443 0.004600 0.164900
5 -56.536602 3.294425 122.558136 0.494393 0.625673 0.603414 0.077500 0.016600
5 -55.048599 5.187795 119.208359 -0.074883 0.840835 0.536086 0.095900 0.049000
ConmocionLance.jpg
5 -56.536602 3.294425 122.558136 0.494393 0.625673 0.603414 0.077500 0.016600
5 -59.496269 -2.394016 105.584648 -0.144133 -0.015119 0.989443 0.004600 0.164900
5 -62.732685 -1.941795 122.406754 -0.722782 0.672971 -0.157148 0.004600 0.009100
ConmocionLance.jpg
5 -56.386902 -8.550995 47.569351 0.378766 -0.925484 0.003832 0.084200 0.690800
5 -50.786007 -5.416954 24.800278 -0.067097 -0.973329 -0.219383 0.051600 0.903700
5 -53.407906 -2.822265 57.063744 0.641445 0.731549 0.231051 0.018300 0.609900
ConmocionLance.jpg
5 -50.786007 -5.416954 24.800278 -0.067097 -0.973329 -0.219383 0.051600 0.903700
5 -47.349007 -2.232966 15.745224 -0.513341 -0.641580 -0.569962 0.018300 0.990200
5 -53.407906 -2.822265 57.063744 0.641445 0.731549 0.231051 0.018300 0.609900
ConmocionLance.jpg
5 -53.407906 -2.822265 57.063744 0.641445 0.731549 0.231051 0.018300 0.609900
5 -55.602566 -4.605727 61.216896 0.600755 0.707768 0.371696 0.039500 0.569400
5 -56.386902 -8.550995 47.569351 0.378766 -0.925484 0.003832 0.084200 0.690800
ConmocionLance.jpg
5 -55.602566 -4.605727 61.216896 0.600755 0.707768 0.371696 0.039500 0.569400
5 -57.492905 -5.545642 68.904167 0.656216 0.737440 0.159883 0.049700 0.497500
5 -56.386902 -8.550995 47.569351 0.378766 -0.925484 0.003832 0.084200 0.690800
ConmocionLance.jpg
5 -56.386902 -8.550995 47.569351 0.378766 -0.925484 0.003832 0.084200 0.690800
5 -57.492905 -5.545642 68.904167 0.656216 0.737440 0.159883 0.049700 0.497500
5 -60.771702 -5.890427 91.081100 0.667676 0.739333 0.087153 0.050100 0.293400
ConmocionLance.jpg
5 -60.771702 -5.890427 91.081100 0.667676 0.739333 0.087153 0.050100 0.293400
5 -68.472847 -12.587248 113.557098 0.280697 -0.917116 0.283031 0.119700 0.079900
5 -56.386902 -8.550995 47.569351 0.378766 -0.925484 0.003832 0.084200 0.690800
ConmocionLance.jpg
5 -60.771702 -5.890427 91.081100 0.667676 0.739333 0.087153 0.050100 0.293400
5 -61.192753 -5.172358 99.173187 0.677076 0.707409 -0.202832 0.039800 0.220000
5 -68.472847 -12.587248 113.557098 0.280697 -0.917116 0.283031 0.119700 0.079900
ConmocionLance.jpg
5 -68.472847 -12.587248 113.557098 0.280697 -0.917116 0.283031 0.119700 0.079900
5 -61.192753 -5.172358 99.173187 0.677076 0.707409 -0.202832 0.039800 0.220000
5 -59.496269 -2.394016 105.584648 -0.144133 -0.015119 0.989443 0.004600 0.164900
ConmocionLance.jpg
5 -59.496269 -2.394016 105.584648 -0.144133 -0.015119 0.989443 0.004600 0.164900
5 -67.636711 -10.334585 117.141052 0.125643 -0.876723 0.464297 0.095900 0.049000
5 -68.472847 -12.587248 113.557098 0.280697 -0.917116 0.283031 0.119700 0.079900
ConmocionLance.jpg
5 -59.496269 -2.394016 105.584648 -0.144133 -0.015119 0.989443 0.004600 0.164900
5 -67.180824 -8.541552 120.828514 -0.644127 -0.640358 0.418380 0.077500 0.016600
5 -67.636711 -10.334585 117.141052 0.125643 -0.876723 0.464297 0.095900 0.049000
ConmocionLance.jpg
5 -67.180824 -8.541552 120.828514 -0.644127 -0.640358 0.418380 0.077500 0.016600
5 -59.496269 -2.394016 105.584648 -0.144133 -0.015119 0.989443 0.004600 0.164900
5 -61.227249 -3.325027 122.607895 0.740189 -0.671293 0.038551 0.004600 0.009100
ConmocionLance.jpg
5 -47.349007 -2.232966 15.745224 -0.513341 -0.641580 -0.569962 0.910800 0.066400
5 -50.786007 -5.416954 24.800278 -0.067097 -0.973329 -0.219383 0.840400 0.062900
5 -51.535748 -4.728131 24.700226 -0.943091 0.036750 -0.330497 0.840400 0.069800
ConmocionLance.jpg
5 -50.786007 -5.416954 24.800278 -0.067097 -0.973329 -0.219383 0.840400 0.062900
5 -56.386902 -8.550995 47.569351 0.378766 -0.925484 0.003832 0.676800 0.061400
5 -57.480125 -7.546499 47.423332 -0.938237 0.289678 -0.189203 0.676800 0.071300
ConmocionLance.jpg
5 -57.480125 -7.546499 47.423332 -0.938237 0.289678 -0.189203 0.676800 0.071300
5 -51.535748 -4.728131 24.700226 -0.943091 0.036750 -0.330497 0.840400 0.069800
5 -50.786007 -5.416954 24.800278 -0.067097 -0.973329 -0.219383 0.840400 0.062900
ConmocionLance.jpg
5 -56.386902 -8.550995 47.569351 0.378766 -0.925484 0.003832 0.676800 0.061400
5 -68.472847 -12.587248 113.557098 0.280697 -0.917116 0.283031 0.209400 0.059200
5 -70.034615 -11.152233 113.348557 -0.979502 0.199199 -0.029913 0.209400 0.073400
ConmocionLance.jpg
5 -70.034615 -11.152233 113.348557 -0.979502 0.199199 -0.029913 0.209400 0.073400
5 -57.480125 -7.546499 47.423332 -0.938237 0.289678 -0.189203 0.676800 0.071300
5 -56.386902 -8.550995 47.569351 0.378766 -0.925484 0.003832 0.676800 0.061400
ConmocionLance.jpg
5 -67.636711 -10.334585 117.141052 0.125643 -0.876723 0.464297 0.180000 0.062800
5 -67.180824 -8.541552 120.828514 -0.644127 -0.640358 0.418380 0.151800 0.066400
5 -67.180824 -8.541552 120.828514 -0.644127 -0.640358 0.418380 0.151800 0.066400
ConmocionLance.jpg
5 -67.180824 -8.541552 120.828514 -0.644127 -0.640358 0.418380 0.151800 0.066400
5 -68.387573 -9.644672 117.040779 -0.912049 -0.090073 0.400066 0.180000 0.069900
5 -67.636711 -10.334585 117.141052 0.125643 -0.876723 0.464297 0.180000 0.062800
ConmocionLance.jpg
5 -68.472847 -12.587248 113.557098 0.280697 -0.917116 0.283031 0.209400 0.059200
5 -67.636711 -10.334585 117.141052 0.125643 -0.876723 0.464297 0.180000 0.062800
5 -68.387573 -9.644672 117.040779 -0.912049 -0.090073 0.400066 0.180000 0.069900
ConmocionLance.jpg
5 -68.387573 -9.644672 117.040779 -0.912049 -0.090073 0.400066 0.180000 0.069900
5 -70.034615 -11.152233 113.348557 -0.979502 0.199199 -0.029913 0.209400 0.073400
5 -68.472847 -12.587248 113.557098 0.280697 -0.917116 0.283031 0.209400 0.059200
ConmocionLance.jpg
5 -57.480125 -7.546499 47.423332 -0.938237 0.289678 -0.189203 0.084200 0.690800
5 -53.407906 -2.822265 57.063744 0.641445 0.731549 0.231051 0.018300 0.609900
5 -51.535748 -4.728131 24.700226 -0.943091 0.036750 -0.330497 0.051600 0.903700
ConmocionLance.jpg
5 -51.535748 -4.728131 24.700226 -0.943091 0.036750 -0.330497 0.051600 0.903700
5 -53.407906 -2.822265 57.063744 0.641445 0.731549 0.231051 0.018300 0.609900
5 -47.349007 -2.232966 15.745224 -0.513341 -0.641580 -0.569962 0.018300 0.990200
ConmocionLance.jpg
5 -53.407906 -2.822265 57.063744 0.641445 0.731549 0.231051 0.018300 0.609900
5 -57.480125 -7.546499 47.423332 -0.938237 0.289678 -0.189203 0.084200 0.690800
5 -55.602566 -4.605727 61.216896 0.600755 0.707768 0.371696 0.039500 0.569400
ConmocionLance.jpg
5 -55.602566 -4.605727 61.216896 0.600755 0.707768 0.371696 0.039500 0.569400
5 -57.480125 -7.546499 47.423332 -0.938237 0.289678 -0.189203 0.084200 0.690800
5 -57.492905 -5.545642 68.904167 0.656216 0.737440 0.159883 0.049700 0.497500
ConmocionLance.jpg
5 -57.480125 -7.546499 47.423332 -0.938237 0.289678 -0.189203 0.084200 0.690800
5 -70.034615 -11.152233 113.348557 -0.979502 0.199199 -0.029913 0.119700 0.079900
5 -60.771702 -5.890427 91.081100 0.667676 0.739333 0.087153 0.050100 0.293400
ConmocionLance.jpg
5 -60.771702 -5.890427 91.081100 0.667676 0.739333 0.087153 0.050100 0.293400
5 -57.492905 -5.545642 68.904167 0.656216 0.737440 0.159883 0.049700 0.497500
5 -57.480125 -7.546499 47.423332 -0.938237 0.289678 -0.189203 0.084200 0.690800
ConmocionLance.jpg
5 -60.771702 -5.890427 91.081100 0.667676 0.739333 0.087153 0.050100 0.293400
5 -70.034615 -11.152233 113.348557 -0.979502 0.199199 -0.029913 0.119700 0.079900
5 -61.192753 -5.172358 99.173187 0.677076 0.707409 -0.202832 0.039800 0.220000
ConmocionLance.jpg
5 -70.034615 -11.152233 113.348557 -0.979502 0.199199 -0.029913 0.119700 0.079900
5 -68.387573 -9.644672 117.040779 -0.912049 -0.090073 0.400066 0.095900 0.049000
5 -59.496269 -2.394016 105.584648 -0.144133 -0.015119 0.989443 0.004600 0.164900
ConmocionLance.jpg
5 -59.496269 -2.394016 105.584648 -0.144133 -0.015119 0.989443 0.004600 0.164900
5 -61.192753 -5.172358 99.173187 0.677076 0.707409 -0.202832 0.039800 0.220000
5 -70.034615 -11.152233 113.348557 -0.979502 0.199199 -0.029913 0.119700 0.079900
ConmocionLance.jpg
5 -59.496269 -2.394016 105.584648 -0.144133 -0.015119 0.989443 0.004600 0.164900
5 -68.387573 -9.644672 117.040779 -0.912049 -0.090073 0.400066 0.095900 0.049000
5 -67.180824 -8.541552 120.828514 -0.644127 -0.640358 0.418380 0.077500 0.016600
ConmocionLance.jpg
5 -67.180824 -8.541552 120.828514 -0.644127 -0.640358 0.418380 0.077500 0.016600
5 -62.732685 -1.941795 122.406754 -0.722782 0.672971 -0.157148 0.004600 0.009100
5 -59.496269 -2.394016 105.584648 -0.144133 -0.015119 0.989443 0.004600 0.164900
ConmocionLance.jpg
5 -75.614975 -2.952456 226.756332 0.984962 0.045997 0.166534 0.984200 0.005600
5 -76.011589 -3.393378 226.691956 0.732759 -0.673414 0.097868 0.992400 0.005600
5 -73.997810 -3.197739 212.960464 0.732792 -0.673377 0.097873 0.992400 0.198100
ConmocionLance.jpg
5 -73.997810 -3.197739 212.960464 0.732792 -0.673377 0.097873 0.992400 0.198100
5 -73.324448 -2.449021 213.069885 0.978936 0.043948 0.199383 0.978400 0.198100
5 -75.614975 -2.952456 226.756332 0.984962 0.045997 0.166534 0.984200 0.005600
ConmocionLance.jpg
5 -73.324448 -2.449021 213.069885 0.978936 0.043948 0.199383 0.978400 0.198100
5 -73.997810 -3.197739 212.960464 0.732792 -0.673377 0.097873 0.992400 0.198100
5 -71.897125 -2.993679 198.636719 0.732823 -0.673342 0.097879 0.992400 0.398800
ConmocionLance.jpg
5 -71.897125 -2.993679 198.636719 0.732823 -0.673342 0.097879 0.992400 0.398800
5 -70.245544 -1.159296 198.890411 0.928605 0.007128 0.371002 0.958000 0.399000
5 -73.324448 -2.449021 213.069885 0.978936 0.043948 0.199383 0.978400 0.198100
ConmocionLance.jpg
5 -70.245544 -1.159296 198.890411 0.928605 0.007128 0.371002 0.958000 0.399000
5 -71.897125 -2.993679 198.636719 0.732823 -0.673342 0.097879 0.992400 0.398800
5 -68.768845 -0.815268 190.200836 0.928592 -0.097490 -0.358067 0.953900 0.521300
ConmocionLance.jpg
5 -68.768845 -0.815268 190.200836 0.928592 -0.097490 -0.358067 0.953900 0.521300
5 -67.056885 1.386841 192.532486 0.878848 0.325364 -0.348948 0.912100 0.493200
5 -70.245544 -1.159296 198.890411 0.928605 0.007128 0.371002 0.958000 0.399000
ConmocionLance.jpg
5 -71.897125 -2.993679 198.636719 0.732823 -0.673342 0.097879 0.992400 0.398800
5 -70.095978 -2.817198 186.365295 0.952333 -0.057236 -0.299643 0.992400 0.570800
5 -68.768845 -0.815268 190.200836 0.928592 -0.097490 -0.358067 0.953900 0.521300
ConmocionLance.jpg
5 -75.614975 -2.952456 226.756332 0.984962 0.045997 0.166534 0.941600 0.007500
5 -73.324448 -2.449021 213.069885 0.978936 0.043948 0.199383 0.941600 0.141300
5 -74.058624 -1.774429 212.971817 -0.043509 0.997984 0.046202 0.931700 0.141300
ConmocionLance.jpg
5 -74.058624 -1.774429 212.971817 -0.043509 0.997984 0.046202 0.931700 0.141300
5 -76.349152 -2.277845 226.658264 -0.332521 0.942848 -0.021606 0.931700 0.007500
5 -75.614975 -2.952456 226.756332 0.984962 0.045997 0.166534 0.941600 0.007500
ConmocionLance.jpg
5 -73.324448 -2.449021 213.069885 0.978936 0.043948 0.199383 0.941600 0.141300
5 -70.245544 -1.159296 198.890411 0.928605 0.007128 0.371002 0.941600 0.279000
5 -70.979767 -0.484681 198.792404 -0.084241 0.984301 0.155099 0.931700 0.279000
ConmocionLance.jpg
5 -70.979767 -0.484681 198.792404 -0.084241 0.984301 0.155099 0.931700 0.279000
5 -74.058624 -1.774429 212.971817 -0.043509 0.997984 0.046202 0.931700 0.141300
5 -73.324448 -2.449021 213.069885 0.978936 0.043948 0.199383 0.941600 0.141300
ConmocionLance.jpg
5 -70.245544 -1.159296 198.890411 0.928605 0.007128 0.371002 0.941600 0.279000
5 -67.056885 1.386841 192.532486 0.878848 0.325364 -0.348948 0.941600 0.338300
5 -67.791084 2.061474 192.434479 0.322701 0.943153 0.079539 0.931700 0.338300
ConmocionLance.jpg
5 -67.791084 2.061474 192.434479 0.322701 0.943153 0.079539 0.931700 0.338300
5 -70.979767 -0.484681 198.792404 -0.084241 0.984301 0.155099 0.931700 0.279000
5 -70.245544 -1.159296 198.890411 0.928605 0.007128 0.371002 0.941600 0.279000
ConmocionLance.jpg
5 -68.768845 -0.815268 190.200836 0.928592 -0.097490 -0.358067 0.941600 0.364000
5 -70.095978 -2.817198 186.365295 0.952333 -0.057236 -0.299643 0.941600 0.404200
5 -70.830185 -2.142571 186.267258 0.222115 0.830730 -0.510444 0.931700 0.404200
ConmocionLance.jpg
5 -70.830185 -2.142571 186.267258 0.222115 0.830730 -0.510444 0.931700 0.404200
5 -69.503036 -0.140643 190.102829 -0.140178 0.821243 -0.553092 0.931700 0.364000
5 -68.768845 -0.815268 190.200836 0.928592 -0.097490 -0.358067 0.941600 0.364000
ConmocionLance.jpg
5 -67.056885 1.386841 192.532486 0.878848 0.325364 -0.348948 0.941600 0.338300
5 -68.768845 -0.815268 190.200836 0.928592 -0.097490 -0.358067 0.941600 0.364000
5 -69.503036 -0.140643 190.102829 -0.140178 0.821243 -0.553092 0.931700 0.364000
ConmocionLance.jpg
5 -69.503036 -0.140643 190.102829 -0.140178 0.821243 -0.553092 0.931700 0.364000
5 -67.791084 2.061474 192.434479 0.322701 0.943153 0.079539 0.931700 0.338300
5 -67.056885 1.386841 192.532486 0.878848 0.325364 -0.348948 0.941600 0.338300
ConmocionLance.jpg
5 -76.349152 -2.277845 226.658264 -0.332521 0.942848 -0.021606 0.984200 0.005600
5 -74.058624 -1.774429 212.971817 -0.043509 0.997984 0.046202 0.978400 0.198100
5 -74.752602 -2.504157 212.859634 -0.709622 0.698306 -0.093838 0.992400 0.198100
ConmocionLance.jpg
5 -74.752602 -2.504157 212.859634 -0.709622 0.698306 -0.093838 0.992400 0.198100
5 -76.766418 -2.699784 226.591095 -0.700559 0.707553 -0.092662 0.992400 0.005600
5 -76.349152 -2.277845 226.658264 -0.332521 0.942848 -0.021606 0.984200 0.005600
ConmocionLance.jpg
5 -74.058624 -1.774429 212.971817 -0.043509 0.997984 0.046202 0.978400 0.198100
5 -70.979767 -0.484681 198.792404 -0.084241 0.984301 0.155099 0.958000 0.399000
5 -72.652016 -2.300081 198.535889 -0.723845 0.683166 -0.096607 0.992400 0.398800
ConmocionLance.jpg
5 -72.652016 -2.300081 198.535889 -0.723845 0.683166 -0.096607 0.992400 0.398800
5 -74.752602 -2.504157 212.859634 -0.709622 0.698306 -0.093838 0.992400 0.198100
5 -74.058624 -1.774429 212.971817 -0.043509 0.997984 0.046202 0.978400 0.198100
ConmocionLance.jpg
5 -70.979767 -0.484681 198.792404 -0.084241 0.984301 0.155099 0.958000 0.399000
5 -67.791084 2.061474 192.434479 0.322701 0.943153 0.079539 0.912100 0.493200
5 -69.503036 -0.140643 190.102829 -0.140178 0.821243 -0.553092 0.953900 0.521300
ConmocionLance.jpg
5 -69.503036 -0.140643 190.102829 -0.140178 0.821243 -0.553092 0.953900 0.521300
5 -72.652016 -2.300081 198.535889 -0.723845 0.683166 -0.096607 0.992400 0.398800
5 -70.979767 -0.484681 198.792404 -0.084241 0.984301 0.155099 0.958000 0.399000
ConmocionLance.jpg
5 -72.652016 -2.300081 198.535889 -0.723845 0.683166 -0.096607 0.992400 0.398800
5 -69.503036 -0.140643 190.102829 -0.140178 0.821243 -0.553092 0.953900 0.521300
5 -70.830185 -2.142571 186.267258 0.222115 0.830730 -0.510444 0.992400 0.570800
ConmocionLance.jpg
5 -78.222633 -5.852043 226.332642 0.045255 -0.998880 0.013839 0.984200 0.005600
5 -76.485657 -5.964216 212.556198 0.041892 -0.998011 0.047115 0.978400 0.198100
5 -75.812294 -5.215471 212.665619 0.732818 -0.673348 0.097877 0.992400 0.198100
ConmocionLance.jpg
5 -75.812294 -5.215471 212.665619 0.732818 -0.673348 0.097877 0.992400 0.198100
5 -77.826080 -5.411119 226.397003 0.732812 -0.673354 0.097877 0.992400 0.005600
5 -78.222633 -5.852043 226.332642 0.045255 -0.998880 0.013839 0.984200 0.005600
ConmocionLance.jpg
5 -76.485657 -5.964216 212.556198 0.041892 -0.998011 0.047115 0.978400 0.198100
5 -75.359039 -6.845352 198.059540 0.047579 -0.972536 0.227838 0.958000 0.399000
5 -73.711678 -5.011390 198.341827 0.732828 -0.673337 0.097878 0.992400 0.398800
ConmocionLance.jpg
5 -73.711678 -5.011390 198.341827 0.732828 -0.673337 0.097878 0.992400 0.398800
5 -75.812294 -5.215471 212.665619 0.732818 -0.673348 0.097877 0.992400 0.198100
5 -76.485657 -5.964216 212.556198 0.041892 -0.998011 0.047115 0.978400 0.198100
ConmocionLance.jpg
5 -75.359039 -6.845352 198.059540 0.047579 -0.972536 0.227838 0.958000 0.399000
5 -76.577873 -9.200119 190.985367 -0.167554 -0.838191 -0.519001 0.912100 0.493200
5 -74.277611 -6.940861 189.305756 0.255115 -0.846380 -0.467500 0.953900 0.521300
ConmocionLance.jpg
5 -74.277611 -6.940861 189.305756 0.255115 -0.846380 -0.467500 0.953900 0.521300
5 -73.711678 -5.011390 198.341827 0.732828 -0.673337 0.097878 0.992400 0.398800
5 -75.359039 -6.845352 198.059540 0.047579 -0.972536 0.227838 0.958000 0.399000
ConmocionLance.jpg
5 -73.711678 -5.011390 198.341827 0.732828 -0.673337 0.097878 0.992400 0.398800
5 -74.277611 -6.940861 189.305756 0.255115 -0.846380 -0.467500 0.953900 0.521300
5 -71.913452 -4.838166 186.070023 0.209955 -0.882780 -0.420260 0.992400 0.570800
ConmocionLance.jpg
5 -78.222633 -5.852043 226.332642 0.045255 -0.998880 0.013839 0.941600 0.007500
5 -78.956879 -5.177397 226.234619 -0.962137 0.242770 -0.123914 0.931700 0.007500
5 -77.219917 -5.289580 212.458130 -0.992500 -0.057256 -0.108007 0.931700 0.141300
ConmocionLance.jpg
5 -77.219917 -5.289580 212.458130 -0.992500 -0.057256 -0.108007 0.931700 0.141300
5 -76.485657 -5.964216 212.556198 0.041892 -0.998011 0.047115 0.941600 0.141300
5 -78.222633 -5.852043 226.332642 0.045255 -0.998880 0.013839 0.941600 0.007500
ConmocionLance.jpg
5 -76.485657 -5.964216 212.556198 0.041892 -0.998011 0.047115 0.941600 0.141300
5 -77.219917 -5.289580 212.458130 -0.992500 -0.057256 -0.108007 0.931700 0.141300
5 -76.093300 -6.170736 197.961456 -0.999423 -0.033354 0.006382 0.931700 0.279000
ConmocionLance.jpg
5 -76.093300 -6.170736 197.961456 -0.999423 -0.033354 0.006382 0.931700 0.279000
5 -75.359039 -6.845352 198.059540 0.047579 -0.972536 0.227838 0.941600 0.279000
5 -76.485657 -5.964216 212.556198 0.041892 -0.998011 0.047115 0.941600 0.141300
ConmocionLance.jpg
5 -75.359039 -6.845352 198.059540 0.047579 -0.972536 0.227838 0.941600 0.279000
5 -76.093300 -6.170736 197.961456 -0.999423 -0.033354 0.006382 0.931700 0.279000
5 -77.312080 -8.525509 190.887268 -0.900860 -0.417396 -0.119297 0.931700 0.338300
ConmocionLance.jpg
5 -77.312080 -8.525509 190.887268 -0.900860 -0.417396 -0.119297 0.931700 0.338300
5 -76.577873 -9.200119 190.985367 -0.167554 -0.838191 -0.519001 0.941600 0.338300
5 -75.359039 -6.845352 198.059540 0.047579 -0.972536 0.227838 0.941600 0.279000
ConmocionLance.jpg
5 -74.277611 -6.940861 189.305756 0.255115 -0.846380 -0.467500 0.941600 0.364000
5 -75.011848 -6.266230 189.207748 -0.743953 0.149867 -0.651210 0.931700 0.364000
5 -72.647652 -4.163563 185.971848 -0.717317 -0.213913 -0.663097 0.931700 0.404200
ConmocionLance.jpg
5 -72.647652 -4.163563 185.971848 -0.717317 -0.213913 -0.663097 0.931700 0.404200
5 -71.913452 -4.838166 186.070023 0.209955 -0.882780 -0.420260 0.941600 0.404200
5 -74.277611 -6.940861 189.305756 0.255115 -0.846380 -0.467500 0.941600 0.364000
ConmocionLance.jpg
5 -76.577873 -9.200119 190.985367 -0.167554 -0.838191 -0.519001 0.941600 0.338300
5 -77.312080 -8.525509 190.887268 -0.900860 -0.417396 -0.119297 0.931700 0.338300
5 -75.011848 -6.266230 189.207748 -0.743953 0.149867 -0.651210 0.931700 0.364000
ConmocionLance.jpg
5 -75.011848 -6.266230 189.207748 -0.743953 0.149867 -0.651210 0.931700 0.364000
5 -74.277611 -6.940861 189.305756 0.255115 -0.846380 -0.467500 0.941600 0.364000
5 -76.577873 -9.200119 190.985367 -0.167554 -0.838191 -0.519001 0.941600 0.338300
ConmocionLance.jpg
5 -78.956879 -5.177397 226.234619 -0.962137 0.242770 -0.123914 0.984200 0.005600
5 -78.581001 -4.717490 226.296219 -0.763392 0.637692 -0.102870 0.992400 0.005600
5 -76.567215 -4.521861 212.564758 -0.755223 0.647601 -0.101250 0.992400 0.198100
ConmocionLance.jpg
5 -76.567215 -4.521861 212.564758 -0.755223 0.647601 -0.101250 0.992400 0.198100
5 -77.219917 -5.289580 212.458130 -0.992500 -0.057256 -0.108007 0.978400 0.198100
5 -78.956879 -5.177397 226.234619 -0.962137 0.242770 -0.123914 0.984200 0.005600
ConmocionLance.jpg
5 -77.219917 -5.289580 212.458130 -0.992500 -0.057256 -0.108007 0.978400 0.198100
5 -76.567215 -4.521861 212.564758 -0.755223 0.647601 -0.101250 0.992400 0.198100
5 -74.466560 -4.317799 198.240982 -0.741618 0.663403 -0.099497 0.992400 0.398800
ConmocionLance.jpg
5 -74.466560 -4.317799 198.240982 -0.741618 0.663403 -0.099497 0.992400 0.398800
5 -76.093300 -6.170736 197.961456 -0.999423 -0.033354 0.006382 0.958000 0.399000
5 -77.219917 -5.289580 212.458130 -0.992500 -0.057256 -0.108007 0.978400 0.198100
ConmocionLance.jpg
5 -76.093300 -6.170736 197.961456 -0.999423 -0.033354 0.006382 0.958000 0.399000
5 -74.466560 -4.317799 198.240982 -0.741618 0.663403 -0.099497 0.992400 0.398800
5 -75.011848 -6.266230 189.207748 -0.743953 0.149867 -0.651210 0.953900 0.521300
ConmocionLance.jpg
5 -75.011848 -6.266230 189.207748 -0.743953 0.149867 -0.651210 0.953900 0.521300
5 -77.312080 -8.525509 190.887268 -0.900860 -0.417396 -0.119297 0.912100 0.493200
5 -76.093300 -6.170736 197.961456 -0.999423 -0.033354 0.006382 0.958000 0.399000
ConmocionLance.jpg
5 -74.466560 -4.317799 198.240982 -0.741618 0.663403 -0.099497 0.992400 0.398800
5 -72.647652 -4.163563 185.971848 -0.717317 -0.213913 -0.663097 0.992400 0.570800
5 -75.011848 -6.266230 189.207748 -0.743953 0.149867 -0.651210 0.953900 0.521300
ConmocionLance.jpg
5 -78.391190 -2.354038 226.357742 -0.050973 0.998303 0.028169 0.984200 0.005600
5 -77.954041 -2.755679 226.416229 0.664734 0.739231 0.108008 0.992400 0.005600
5 -75.940353 -2.560123 212.684570 0.664764 0.739203 0.108018 0.992400 0.198100
ConmocionLance.jpg
5 -75.940353 -2.560123 212.684570 0.664764 0.739203 0.108018 0.992400 0.198100
5 -76.682549 -1.878161 212.585495 -0.054218 0.996637 0.061441 0.978400 0.198100
5 -78.391190 -2.354038 226.357742 -0.050973 0.998303 0.028169 0.984200 0.005600
ConmocionLance.jpg
5 -76.682549 -1.878161 212.585495 -0.054218 0.996637 0.061441 0.978400 0.198100
5 -75.940353 -2.560123 212.684570 0.664764 0.739203 0.108018 0.992400 0.198100
5 -73.839676 -2.356011 198.360947 0.664767 0.739199 0.108024 0.992400 0.398800
ConmocionLance.jpg
5 -73.839676 -2.356011 198.360947 0.664767 0.739199 0.108024 0.992400 0.398800
5 -75.655952 -0.685073 198.103714 -0.045979 0.969240 0.241783 0.958000 0.399000
5 -76.682549 -1.878161 212.585495 -0.054218 0.996637 0.061441 0.978400 0.198100
ConmocionLance.jpg
5 -75.655952 -0.685073 198.103714 -0.045979 0.969240 0.241783 0.958000 0.399000
5 -73.839676 -2.356011 198.360947 0.664767 0.739199 0.108024 0.992400 0.398800
5 -74.594681 -0.360679 189.353058 0.172254 0.873597 -0.455145 0.953900 0.521300
ConmocionLance.jpg
5 -74.594681 -0.360679 189.353058 0.172254 0.873597 -0.455145 0.953900 0.521300
5 -77.100311 1.642737 191.063232 -0.247671 0.825573 -0.507038 0.912100 0.493200
5 -75.655952 -0.685073 198.103714 -0.045979 0.969240 0.241783 0.958000 0.399000
ConmocionLance.jpg
5 -73.839676 -2.356011 198.360947 0.664767 0.739199 0.108024 0.992400 0.398800
5 -72.041527 -2.179809 186.088959 0.123763 0.904801 -0.407452 0.992400 0.570800
5 -74.594681 -0.360679 189.353058 0.172254 0.873597 -0.455145 0.953900 0.521300
ConmocionLance.jpg
5 -78.391190 -2.354038 226.357742 -0.050973 0.998303 0.028169 0.941600 0.007500
5 -76.682549 -1.878161 212.585495 -0.054218 0.996637 0.061441 0.941600 0.141300
5 -77.348518 -2.618697 212.477295 -0.993482 -0.036881 -0.107862 0.931700 0.141300
ConmocionLance.jpg
5 -77.348518 -2.618697 212.477295 -0.993482 -0.036881 -0.107862 0.931700 0.141300
5 -79.057198 -3.094618 226.249451 -0.934435 -0.332317 -0.128048 0.931700 0.007500
5 -78.391190 -2.354038 226.357742 -0.050973 0.998303 0.028169 0.941600 0.007500
ConmocionLance.jpg
5 -76.682549 -1.878161 212.585495 -0.054218 0.996637 0.061441 0.941600 0.141300
5 -75.655952 -0.685073 198.103714 -0.045979 0.969240 0.241783 0.941600 0.279000
5 -76.321930 -1.425606 197.995544 -0.997996 -0.062976 0.006172 0.931700 0.279000
ConmocionLance.jpg
5 -76.321930 -1.425606 197.995544 -0.997996 -0.062976 0.006172 0.931700 0.279000
5 -77.348518 -2.618697 212.477295 -0.993482 -0.036881 -0.107862 0.931700 0.141300
5 -76.682549 -1.878161 212.585495 -0.054218 0.996637 0.061441 0.941600 0.141300
ConmocionLance.jpg
5 -75.655952 -0.685073 198.103714 -0.045979 0.969240 0.241783 0.941600 0.279000
5 -77.100311 1.642737 191.063232 -0.247671 0.825573 -0.507038 0.941600 0.338300
5 -77.766319 0.902215 190.955017 -0.936891 0.330539 -0.113923 0.931700 0.338300
ConmocionLance.jpg
5 -77.766319 0.902215 190.955017 -0.936891 0.330539 -0.113923 0.931700 0.338300
5 -76.321930 -1.425606 197.995544 -0.997996 -0.062976 0.006172 0.931700 0.279000
5 -75.655952 -0.685073 198.103714 -0.045979 0.969240 0.241783 0.941600 0.279000
ConmocionLance.jpg
5 -74.594681 -0.360679 189.353058 0.172254 0.873597 -0.455145 0.941600 0.364000
5 -72.041527 -2.179809 186.088959 0.123763 0.904801 -0.407452 0.941600 0.404200
5 -72.707481 -2.920300 185.980850 -0.735023 0.153424 -0.660456 0.931700 0.404200
ConmocionLance.jpg
5 -72.707481 -2.920300 185.980850 -0.735023 0.153424 -0.660456 0.931700 0.404200
5 -75.260651 -1.101202 189.244781 -0.726540 -0.211320 -0.653822 0.931700 0.364000
5 -74.594681 -0.360679 189.353058 0.172254 0.873597 -0.455145 0.941600 0.364000
ConmocionLance.jpg
5 -77.100311 1.642737 191.063232 -0.247671 0.825573 -0.507038 0.941600 0.338300
5 -74.594681 -0.360679 189.353058 0.172254 0.873597 -0.455145 0.941600 0.364000
5 -75.260651 -1.101202 189.244781 -0.726540 -0.211320 -0.653822 0.931700 0.364000
ConmocionLance.jpg
5 -75.260651 -1.101202 189.244781 -0.726540 -0.211320 -0.653822 0.931700 0.364000
5 -77.766319 0.902215 190.955017 -0.936891 0.330539 -0.113923 0.931700 0.338300
5 -77.100311 1.642737 191.063232 -0.247671 0.825573 -0.507038 0.941600 0.338300
ConmocionLance.jpg
5 -79.057198 -3.094618 226.249451 -0.934435 -0.332317 -0.128048 0.984200 0.005600
5 -77.348518 -2.618697 212.477295 -0.993482 -0.036881 -0.107862 0.978400 0.198100
5 -76.625015 -3.321515 212.573364 -0.689552 -0.715673 -0.111040 0.992400 0.198100
ConmocionLance.jpg
5 -76.625015 -3.321515 212.573364 -0.689552 -0.715673 -0.111040 0.992400 0.198100
5 -78.638824 -3.517137 226.304825 -0.698658 -0.706551 -0.112529 0.992400 0.005600
5 -79.057198 -3.094618 226.249451 -0.934435 -0.332317 -0.128048 0.984200 0.005600
ConmocionLance.jpg
5 -77.348518 -2.618697 212.477295 -0.993482 -0.036881 -0.107862 0.978400 0.198100
5 -76.321930 -1.425606 197.995544 -0.997996 -0.062976 0.006172 0.958000 0.399000
5 -74.524422 -3.117423 198.249588 -0.674483 -0.730124 -0.109506 0.992400 0.398800
ConmocionLance.jpg
5 -74.524422 -3.117423 198.249588 -0.674483 -0.730124 -0.109506 0.992400 0.398800
5 -76.625015 -3.321515 212.573364 -0.689552 -0.715673 -0.111040 0.992400 0.198100
5 -77.348518 -2.618697 212.477295 -0.993482 -0.036881 -0.107862 0.978400 0.198100
ConmocionLance.jpg
5 -76.321930 -1.425606 197.995544 -0.997996 -0.062976 0.006172 0.958000 0.399000
5 -77.766319 0.902215 190.955017 -0.936891 0.330539 -0.113923 0.912100 0.493200
5 -75.260651 -1.101202 189.244781 -0.726540 -0.211320 -0.653822 0.953900 0.521300
ConmocionLance.jpg
5 -75.260651 -1.101202 189.244781 -0.726540 -0.211320 -0.653822 0.953900 0.521300
5 -74.524422 -3.117423 198.249588 -0.674483 -0.730124 -0.109506 0.992400 0.398800
5 -76.321930 -1.425606 197.995544 -0.997996 -0.062976 0.006172 0.958000 0.399000
ConmocionLance.jpg
5 -74.524422 -3.117423 198.249588 -0.674483 -0.730124 -0.109506 0.992400 0.398800
5 -75.260651 -1.101202 189.244781 -0.726540 -0.211320 -0.653822 0.953900 0.521300
5 -72.707481 -2.920300 185.980850 -0.735023 0.153424 -0.660456 0.992400 0.570800
ConmocionLance.jpg
5 -75.516586 -4.995292 226.741760 0.984940 0.046458 0.166537 0.984200 0.005600
5 -73.197708 -5.080105 213.050873 0.978765 0.047477 0.199411 0.978400 0.198100
5 -73.939941 -4.398104 212.951843 0.664776 0.739191 0.108020 0.992400 0.198100
ConmocionLance.jpg
5 -73.939941 -4.398104 212.951843 0.664776 0.739191 0.108020 0.992400 0.198100
5 -75.953674 -4.593691 226.683350 0.664758 0.739209 0.108016 0.992400 0.005600
5 -75.516586 -4.995292 226.741760 0.984940 0.046458 0.166537 0.984200 0.005600
ConmocionLance.jpg
5 -73.197708 -5.080105 213.050873 0.978765 0.047477 0.199411 0.978400 0.198100
5 -70.018852 -5.864594 198.856781 0.925246 0.076829 0.371507 0.958000 0.399000
5 -71.839279 -4.194031 198.628098 0.664773 0.739194 0.108023 0.992400 0.398800
ConmocionLance.jpg
5 -71.839279 -4.194031 198.628098 0.664773 0.739194 0.108023 0.992400 0.398800
5 -73.939941 -4.398104 212.951843 0.664776 0.739191 0.108020 0.992400 0.198100
5 -73.197708 -5.080105 213.050873 0.978765 0.047477 0.199411 0.978400 0.198100
ConmocionLance.jpg
5 -70.018852 -5.864594 198.856781 0.925246 0.076829 0.371507 0.958000 0.399000
5 -66.604584 -8.001031 192.465088 0.905813 -0.234319 -0.352985 0.912100 0.493200
5 -68.521988 -5.940444 190.164093 0.914673 0.191434 -0.355987 0.953900 0.521300
ConmocionLance.jpg
5 -68.521988 -5.940444 190.164093 0.914673 0.191434 -0.355987 0.953900 0.521300
5 -71.839279 -4.194031 198.628098 0.664773 0.739194 0.108023 0.992400 0.398800
5 -70.018852 -5.864594 198.856781 0.925246 0.076829 0.371507 0.958000 0.399000
ConmocionLance.jpg
5 -71.839279 -4.194031 198.628098 0.664773 0.739194 0.108023 0.992400 0.398800
5 -68.521988 -5.940444 190.164093 0.914673 0.191434 -0.355987 0.953900 0.521300
5 -70.038071 -4.020646 186.356567 0.942216 0.152802 -0.298128 0.992400 0.570800
ConmocionLance.jpg
5 -75.516586 -4.995292 226.741760 0.984940 0.046458 0.166537 0.941600 0.007500
5 -76.182640 -5.735866 226.633362 -0.240397 -0.970031 -0.035348 0.931700 0.007500
5 -73.863731 -5.820623 212.942734 0.052631 -0.998106 0.031862 0.931700 0.141300
ConmocionLance.jpg
5 -73.863731 -5.820623 212.942734 0.052631 -0.998106 0.031862 0.931700 0.141300
5 -73.197708 -5.080105 213.050873 0.978765 0.047477 0.199411 0.941600 0.141300
5 -75.516586 -4.995292 226.741760 0.984940 0.046458 0.166537 0.941600 0.007500
ConmocionLance.jpg
5 -73.197708 -5.080105 213.050873 0.978765 0.047477 0.199411 0.941600 0.141300
5 -73.863731 -5.820623 212.942734 0.052631 -0.998106 0.031862 0.931700 0.141300
5 -70.684822 -6.605145 198.748413 0.010852 -0.989963 0.140912 0.931700 0.279000
ConmocionLance.jpg
5 -70.684822 -6.605145 198.748413 0.010852 -0.989963 0.140912 0.931700 0.279000
5 -70.018852 -5.864594 198.856781 0.925246 0.076829 0.371507 0.941600 0.279000
5 -73.197708 -5.080105 213.050873 0.978765 0.047477 0.199411 0.941600 0.141300
ConmocionLance.jpg
5 -70.018852 -5.864594 198.856781 0.925246 0.076829 0.371507 0.941600 0.279000
5 -70.684822 -6.605145 198.748413 0.010852 -0.989963 0.140912 0.931700 0.279000
5 -67.270561 -8.741582 192.356842 0.411895 -0.908822 0.066218 0.931700 0.338300
ConmocionLance.jpg
5 -67.270561 -8.741582 192.356842 0.411895 -0.908822 0.066218 0.931700 0.338300
5 -66.604584 -8.001031 192.465088 0.905813 -0.234319 -0.352985 0.941600 0.338300
5 -70.018852 -5.864594 198.856781 0.925246 0.076829 0.371507 0.941600 0.279000
ConmocionLance.jpg
5 -68.521988 -5.940444 190.164093 0.914673 0.191434 -0.355987 0.941600 0.364000
5 -69.187920 -6.680965 190.055893 -0.060955 -0.822894 -0.564916 0.931700 0.364000
5 -70.704018 -4.761153 186.248383 0.300604 -0.798136 -0.522127 0.931700 0.404200
ConmocionLance.jpg
5 -70.704018 -4.761153 186.248383 0.300604 -0.798136 -0.522127 0.931700 0.404200
5 -70.038071 -4.020646 186.356567 0.942216 0.152802 -0.298128 0.941600 0.404200
5 -68.521988 -5.940444 190.164093 0.914673 0.191434 -0.355987 0.941600 0.364000
ConmocionLance.jpg
5 -66.604584 -8.001031 192.465088 0.905813 -0.234319 -0.352985 0.941600 0.338300
5 -67.270561 -8.741582 192.356842 0.411895 -0.908822 0.066218 0.931700 0.338300
5 -69.187920 -6.680965 190.055893 -0.060955 -0.822894 -0.564916 0.931700 0.364000
ConmocionLance.jpg
5 -69.187920 -6.680965 190.055893 -0.060955 -0.822894 -0.564916 0.931700 0.364000
5 -68.521988 -5.940444 190.164093 0.914673 0.191434 -0.355987 0.941600 0.364000
5 -66.604584 -8.001031 192.465088 0.905813 -0.234319 -0.352985 0.941600 0.338300
ConmocionLance.jpg
5 -76.182640 -5.735866 226.633362 -0.240397 -0.970031 -0.035348 0.984200 0.005600
5 -76.638435 -5.355159 226.571960 -0.629396 -0.770191 -0.103279 0.992400 0.005600
5 -74.624619 -5.159517 212.840485 -0.639289 -0.761856 -0.104328 0.992400 0.198100
ConmocionLance.jpg
5 -74.624619 -5.159517 212.840485 -0.639289 -0.761856 -0.104328 0.992400 0.198100
5 -73.863731 -5.820623 212.942734 0.052631 -0.998106 0.031862 0.978400 0.198100
5 -76.182640 -5.735866 226.633362 -0.240397 -0.970031 -0.035348 0.984200 0.005600
ConmocionLance.jpg
5 -73.863731 -5.820623 212.942734 0.052631 -0.998106 0.031862 0.978400 0.198100
5 -74.624619 -5.159517 212.840485 -0.639289 -0.761856 -0.104328 0.992400 0.198100
5 -72.523972 -4.955450 198.516785 -0.654887 -0.748129 -0.106890 0.992400 0.398800
ConmocionLance.jpg
5 -72.523972 -4.955450 198.516785 -0.654887 -0.748129 -0.106890 0.992400 0.398800
5 -70.684822 -6.605145 198.748413 0.010852 -0.989963 0.140912 0.958000 0.399000
5 -73.863731 -5.820623 212.942734 0.052631 -0.998106 0.031862 0.978400 0.198100
ConmocionLance.jpg
5 -70.684822 -6.605145 198.748413 0.010852 -0.989963 0.140912 0.958000 0.399000
5 -72.523972 -4.955450 198.516785 -0.654887 -0.748129 -0.106890 0.992400 0.398800
5 -69.187920 -6.680965 190.055893 -0.060955 -0.822894 -0.564916 0.953900 0.521300
ConmocionLance.jpg
5 -69.187920 -6.680965 190.055893 -0.060955 -0.822894 -0.564916 0.953900 0.521300
5 -67.270561 -8.741582 192.356842 0.411895 -0.908822 0.066218 0.912100 0.493200
5 -70.684822 -6.605145 198.748413 0.010852 -0.989963 0.140912 0.958000 0.399000
ConmocionLance.jpg
5 -72.523972 -4.955450 198.516785 -0.654887 -0.748129 -0.106890 0.992400 0.398800
5 -70.704018 -4.761153 186.248383 0.300604 -0.798136 -0.522127 0.992400 0.570800
5 -69.187920 -6.680965 190.055893 -0.060955 -0.822894 -0.564916 0.953900 0.521300
ConmocionLance.jpg
5 -57.033432 4.867579 47.665726 0.288048 0.957476 0.016383 0.084200 0.690800
5 -53.511044 -0.683773 57.079117 0.708949 -0.669744 0.220985 0.018300 0.609900
5 -51.172886 2.613066 24.858078 -0.160503 0.965415 -0.205457 0.051600 0.903700
ConmocionLance.jpg
5 -51.172886 2.613066 24.858078 -0.160503 0.965415 -0.205457 0.051600 0.903700
5 -53.511044 -0.683773 57.079117 0.708949 -0.669744 0.220985 0.018300 0.609900
5 -47.451996 -0.095659 15.760498 -0.573031 0.597376 -0.561050 0.018300 0.990200
ConmocionLance.jpg
5 -53.511044 -0.683773 57.079117 0.708949 -0.669744 0.220985 0.018300 0.609900
5 -57.033432 4.867579 47.665726 0.288048 0.957476 0.016383 0.084200 0.690800
5 -55.863991 0.820814 61.255844 0.666268 -0.651992 0.361930 0.039500 0.569400
ConmocionLance.jpg
5 -55.863991 0.820814 61.255844 0.666268 -0.651992 0.361930 0.039500 0.569400
5 -57.033432 4.867579 47.665726 0.288048 0.957476 0.016383 0.084200 0.690800
5 -57.830650 1.464375 68.954475 0.724178 -0.673157 0.149753 0.049700 0.497500
ConmocionLance.jpg
5 -57.033432 4.867579 47.665726 0.288048 0.957476 0.016383 0.084200 0.690800
5 -68.968903 6.819719 110.717239 0.191162 0.935723 0.296446 0.119700 0.079900
5 -61.112095 1.174557 91.131897 0.735825 -0.672875 0.076171 0.050100 0.293400
ConmocionLance.jpg
5 -61.112095 1.174557 91.131897 0.735825 -0.672875 0.076171 0.050100 0.293400
5 -57.830650 1.464375 68.954475 0.724178 -0.673157 0.149753 0.049700 0.497500
5 -57.033432 4.867579 47.665726 0.288048 0.957476 0.016383 0.084200 0.690800
ConmocionLance.jpg
5 -61.112095 1.174557 91.131897 0.735825 -0.672875 0.076171 0.050100 0.293400
5 -68.968903 6.819719 110.717239 0.191162 0.935723 0.296446 0.119700 0.079900
5 -61.456516 0.303422 99.212555 0.741132 -0.634405 -0.219667 0.039800 0.220000
ConmocionLance.jpg
5 -68.968903 6.819719 110.717239 0.191162 0.935723 0.296446 0.119700 0.079900
5 -67.917656 4.606745 114.269241 0.034234 0.877576 0.478214 0.095900 0.049000
5 -59.496449 -2.390472 105.584679 -0.145019 -0.014060 0.989329 0.004600 0.164900
ConmocionLance.jpg
5 -59.496449 -2.390472 105.584679 -0.145019 -0.014060 0.989329 0.004600 0.164900
5 -61.456516 0.303422 99.212555 0.741132 -0.634405 -0.219667 0.039800 0.220000
5 -68.968903 6.819719 110.717239 0.191162 0.935723 0.296446 0.119700 0.079900
ConmocionLance.jpg
5 -59.496449 -2.390472 105.584679 -0.145019 -0.014060 0.989329 0.004600 0.164900
5 -67.917656 4.606745 114.269241 0.034234 0.877576 0.478214 0.095900 0.049000
5 -67.288986 2.813195 117.930893 -0.635771 0.483977 0.601300 0.077500 0.016600
ConmocionLance.jpg
5 -67.288986 2.813195 117.930893 -0.635771 0.483977 0.601300 0.077500 0.016600
5 -61.843388 -2.481605 122.529495 0.666441 0.739314 0.096282 0.004600 0.009100
5 -59.496449 -2.390472 105.584679 -0.145019 -0.014060 0.989329 0.004600 0.164900
ConmocionLance.jpg
5 -47.451996 -0.095659 15.760498 -0.573031 0.597376 -0.561050 0.910800 0.066400
5 -51.852951 1.856856 24.747528 -0.935420 -0.122494 -0.331639 0.840400 0.069800
5 -51.172886 2.613066 24.858078 -0.160503 0.965415 -0.205457 0.840400 0.062900
ConmocionLance.jpg
5 -51.172886 2.613066 24.858078 -0.160503 0.965415 -0.205457 0.840400 0.062900
5 -51.852951 1.856856 24.747528 -0.935420 -0.122494 -0.331639 0.840400 0.069800
5 -58.025135 3.764842 47.504593 -0.906147 -0.375617 -0.194445 0.676800 0.071300
ConmocionLance.jpg
5 -58.025135 3.764842 47.504593 -0.906147 -0.375617 -0.194445 0.676800 0.071300
5 -57.033432 4.867579 47.665726 0.288048 0.957476 0.016383 0.676800 0.061400
5 -51.172886 2.613066 24.858078 -0.160503 0.965415 -0.205457 0.840400 0.062900
ConmocionLance.jpg
5 -57.033432 4.867579 47.665726 0.288048 0.957476 0.016383 0.676800 0.061400
5 -58.025135 3.764842 47.504593 -0.906147 -0.375617 -0.194445 0.676800 0.071300
5 -70.385612 5.244247 110.487061 -0.955877 -0.291809 -0.033847 0.209400 0.073400
ConmocionLance.jpg
5 -70.385612 5.244247 110.487061 -0.955877 -0.291809 -0.033847 0.209400 0.073400
5 -68.968903 6.819719 110.717239 0.191162 0.935723 0.296446 0.209400 0.059200
5 -57.033432 4.867579 47.665726 0.288048 0.957476 0.016383 0.676800 0.061400
ConmocionLance.jpg
5 -67.917656 4.606745 114.269241 0.034234 0.877576 0.478214 0.180000 0.062800
5 -68.598831 3.849380 114.158569 -0.915797 0.000276 0.401641 0.180000 0.069900
5 -67.288986 2.813195 117.930893 -0.635771 0.483977 0.601300 0.151800 0.066400
ConmocionLance.jpg
5 -67.288986 2.813195 117.930893 -0.635771 0.483977 0.601300 0.151800 0.066400
5 -67.288986 2.813195 117.930893 -0.635771 0.483977 0.601300 0.151800 0.066400
5 -67.917656 4.606745 114.269241 0.034234 0.877576 0.478214 0.180000 0.062800
ConmocionLance.jpg
5 -68.968903 6.819719 110.717239 0.191162 0.935723 0.296446 0.209400 0.059200
5 -70.385612 5.244247 110.487061 -0.955877 -0.291809 -0.033847 0.209400 0.073400
5 -68.598831 3.849380 114.158569 -0.915797 0.000276 0.401641 0.180000 0.069900
ConmocionLance.jpg
5 -68.598831 3.849380 114.158569 -0.915797 0.000276 0.401641 0.180000 0.069900
5 -67.917656 4.606745 114.269241 0.034234 0.877576 0.478214 0.180000 0.062800
5 -68.968903 6.819719 110.717239 0.191162 0.935723 0.296446 0.209400 0.059200
ConmocionLance.jpg
5 -58.025135 3.764842 47.504593 -0.906147 -0.375617 -0.194445 0.084200 0.690800
5 -51.852951 1.856856 24.747528 -0.935420 -0.122494 -0.331639 0.051600 0.903700
5 -53.511044 -0.683773 57.079117 0.708949 -0.669744 0.220985 0.018300 0.609900
ConmocionLance.jpg
5 -51.852951 1.856856 24.747528 -0.935420 -0.122494 -0.331639 0.051600 0.903700
5 -47.451996 -0.095659 15.760498 -0.573031 0.597376 -0.561050 0.018300 0.990200
5 -53.511044 -0.683773 57.079117 0.708949 -0.669744 0.220985 0.018300 0.609900
ConmocionLance.jpg
5 -53.511044 -0.683773 57.079117 0.708949 -0.669744 0.220985 0.018300 0.609900
5 -55.863991 0.820814 61.255844 0.666268 -0.651992 0.361930 0.039500 0.569400
5 -58.025135 3.764842 47.504593 -0.906147 -0.375617 -0.194445 0.084200 0.690800
ConmocionLance.jpg
5 -55.863991 0.820814 61.255844 0.666268 -0.651992 0.361930 0.039500 0.569400
5 -57.830650 1.464375 68.954475 0.724178 -0.673157 0.149753 0.049700 0.497500
5 -58.025135 3.764842 47.504593 -0.906147 -0.375617 -0.194445 0.084200 0.690800
ConmocionLance.jpg
5 -58.025135 3.764842 47.504593 -0.906147 -0.375617 -0.194445 0.084200 0.690800
5 -57.830650 1.464375 68.954475 0.724178 -0.673157 0.149753 0.049700 0.497500
5 -61.112095 1.174557 91.131897 0.735825 -0.672875 0.076171 0.050100 0.293400
ConmocionLance.jpg
5 -61.112095 1.174557 91.131897 0.735825 -0.672875 0.076171 0.050100 0.293400
5 -70.385612 5.244247 110.487061 -0.955877 -0.291809 -0.033847 0.119700 0.079900
5 -58.025135 3.764842 47.504593 -0.906147 -0.375617 -0.194445 0.084200 0.690800
ConmocionLance.jpg
5 -61.112095 1.174557 91.131897 0.735825 -0.672875 0.076171 0.050100 0.293400
5 -61.456516 0.303422 99.212555 0.741132 -0.634405 -0.219667 0.039800 0.220000
5 -70.385612 5.244247 110.487061 -0.955877 -0.291809 -0.033847 0.119700 0.079900
ConmocionLance.jpg
5 -70.385612 5.244247 110.487061 -0.955877 -0.291809 -0.033847 0.119700 0.079900
5 -61.456516 0.303422 99.212555 0.741132 -0.634405 -0.219667 0.039800 0.220000
5 -59.496449 -2.390472 105.584679 -0.145019 -0.014060 0.989329 0.004600 0.164900
ConmocionLance.jpg
5 -59.496449 -2.390472 105.584679 -0.145019 -0.014060 0.989329 0.004600 0.164900
5 -68.598831 3.849380 114.158569 -0.915797 0.000276 0.401641 0.095900 0.049000
5 -70.385612 5.244247 110.487061 -0.955877 -0.291809 -0.033847 0.119700 0.079900
ConmocionLance.jpg
5 -59.496449 -2.390472 105.584679 -0.145019 -0.014060 0.989329 0.004600 0.164900
5 -67.288986 2.813195 117.930893 -0.635771 0.483977 0.601300 0.077500 0.016600
5 -68.598831 3.849380 114.158569 -0.915797 0.000276 0.401641 0.095900 0.049000
ConmocionLance.jpg
5 -67.288986 2.813195 117.930893 -0.635771 0.483977 0.601300 0.077500 0.016600
5 -59.496449 -2.390472 105.584679 -0.145019 -0.014060 0.989329 0.004600 0.164900
5 -62.116524 -2.785348 122.485092 -0.662954 -0.738973 -0.120044 0.004600 0.009100
ConmocionLance.jpg
5 -44.207298 -6.917427 49.378860 0.921228 0.375696 0.100955 0.084200 0.690800
5 -43.594345 -4.350291 25.870132 0.994107 -0.095519 -0.051249 0.051600 0.903700
5 -51.297081 -2.718004 57.374840 -0.745165 0.666343 0.026768 0.018300 0.609900
ConmocionLance.jpg
5 -43.594345 -4.350291 25.870132 0.994107 -0.095519 -0.051249 0.051600 0.903700
5 -45.238033 -2.129869 16.056198 0.712364 -0.583890 -0.389372 0.018300 0.990200
5 -51.297081 -2.718004 57.374840 -0.745165 0.666343 0.026768 0.018300 0.609900
ConmocionLance.jpg
5 -51.297081 -2.718004 57.374840 -0.745165 0.666343 0.026768 0.018300 0.609900
5 -50.237164 -4.349292 62.007378 -0.744710 0.644449 0.173471 0.039500 0.569400
5 -44.207298 -6.917427 49.378860 0.921228 0.375696 0.100955 0.084200 0.690800
ConmocionLance.jpg
5 -50.237164 -4.349292 62.007378 -0.744710 0.644449 0.173471 0.039500 0.569400
5 -50.560814 -5.215358 69.925499 -0.739449 0.671658 -0.045730 0.049700 0.497500
5 -44.207298 -6.917427 49.378860 0.921228 0.375696 0.100955 0.084200 0.690800
ConmocionLance.jpg
5 -44.207298 -6.917427 49.378860 0.921228 0.375696 0.100955 0.084200 0.690800
5 -50.560814 -5.215358 69.925499 -0.739449 0.671658 -0.045730 0.049700 0.497500
5 -53.785160 -5.557648 92.110474 -0.729476 0.673480 -0.119537 0.050100 0.293400
ConmocionLance.jpg
5 -53.785160 -5.557648 92.110474 -0.729476 0.673480 -0.119537 0.050100 0.293400
5 -50.441826 -10.203474 113.191818 0.866765 0.314963 0.386674 0.119700 0.079900
5 -44.207298 -6.917427 49.378860 0.921228 0.375696 0.100955 0.084200 0.690800
ConmocionLance.jpg
5 -53.785160 -5.557648 92.110474 -0.729476 0.673480 -0.119537 0.050100 0.293400
5 -55.778610 -4.913615 99.970909 -0.649463 0.643309 -0.405402 0.039800 0.220000
5 -50.441826 -10.203474 113.191818 0.866765 0.314963 0.386674 0.119700 0.079900
ConmocionLance.jpg
5 -50.441826 -10.203474 113.191818 0.866765 0.314963 0.386674 0.119700 0.079900
5 -55.778610 -4.913615 99.970909 -0.649463 0.643309 -0.405402 0.039800 0.220000
5 -59.496449 -2.390472 105.584679 -0.145019 -0.014060 0.989329 0.004600 0.164900
ConmocionLance.jpg
5 -59.496449 -2.390472 105.584679 -0.145019 -0.014060 0.989329 0.004600 0.164900
5 -53.213089 -8.904216 116.233276 0.794923 0.178613 0.579822 0.095900 0.049000
5 -50.441826 -10.203474 113.191818 0.866765 0.314963 0.386674 0.119700 0.079900
ConmocionLance.jpg
5 -59.496449 -2.390472 105.584679 -0.145019 -0.014060 0.989329 0.004600 0.164900
5 -55.555038 -7.968256 119.498108 0.438414 -0.503074 0.744789 0.077500 0.016600
5 -53.213089 -8.904216 116.233276 0.794923 0.178613 0.579822 0.095900 0.049000
ConmocionLance.jpg
5 -55.555038 -7.968256 119.498108 0.438414 -0.503074 0.744789 0.077500 0.016600
5 -59.496449 -2.390472 105.584679 -0.145019 -0.014060 0.989329 0.004600 0.164900
5 -61.843388 -2.481605 122.529495 0.666441 0.739314 0.096282 0.004600 0.009100
ConmocionLance.jpg
5 -45.238033 -2.129869 16.056198 0.712364 -0.583890 -0.389372 0.910800 0.066400
5 -43.594345 -4.350291 25.870132 0.994107 -0.095519 -0.051249 0.840400 0.062900
5 -44.274467 -5.106473 25.759796 -0.004079 -0.978282 -0.207237 0.840400 0.069800
ConmocionLance.jpg
5 -43.594345 -4.350291 25.870132 0.994107 -0.095519 -0.051249 0.840400 0.062900
5 -44.207298 -6.917427 49.378860 0.921228 0.375696 0.100955 0.676800 0.061400
5 -45.198967 -8.020164 49.217667 -0.275681 -0.954907 -0.110238 0.676800 0.071300
ConmocionLance.jpg
5 -45.198967 -8.020164 49.217667 -0.275681 -0.954907 -0.110238 0.676800 0.071300
5 -44.274467 -5.106473 25.759796 -0.004079 -0.978282 -0.207237 0.840400 0.069800
5 -43.594345 -4.350291 25.870132 0.994107 -0.095519 -0.051249 0.840400 0.062900
ConmocionLance.jpg
5 -44.207298 -6.917427 49.378860 0.921228 0.375696 0.100955 0.676800 0.061400
5 -50.441826 -10.203474 113.191818 0.866765 0.314963 0.386674 0.209400 0.059200
5 -51.858578 -11.778862 112.961563 -0.212315 -0.975006 0.065465 0.209400 0.073400
ConmocionLance.jpg
5 -51.858578 -11.778862 112.961563 -0.212315 -0.975006 0.065465 0.209400 0.073400
5 -45.198967 -8.020164 49.217667 -0.275681 -0.954907 -0.110238 0.676800 0.071300
5 -44.207298 -6.917427 49.378860 0.921228 0.375696 0.100955 0.676800 0.061400
ConmocionLance.jpg
5 -53.213089 -8.904216 116.233276 0.794923 0.178613 0.579822 0.180000 0.062800
5 -55.555038 -7.968256 119.498108 0.438414 -0.503074 0.744789 0.151800 0.066400
5 -55.555038 -7.968256 119.498108 0.438414 -0.503074 0.744789 0.151800 0.066400
ConmocionLance.jpg
5 -55.555038 -7.968256 119.498108 0.438414 -0.503074 0.744789 0.151800 0.066400
5 -53.894218 -9.661617 116.122604 0.010476 -0.850823 0.525348 0.180000 0.069900
5 -53.213089 -8.904216 116.233276 0.794923 0.178613 0.579822 0.180000 0.062800
ConmocionLance.jpg
5 -50.441826 -10.203474 113.191818 0.866765 0.314963 0.386674 0.209400 0.059200
5 -53.213089 -8.904216 116.233276 0.794923 0.178613 0.579822 0.180000 0.062800
5 -53.894218 -9.661617 116.122604 0.010476 -0.850823 0.525348 0.180000 0.069900
ConmocionLance.jpg
5 -53.894218 -9.661617 116.122604 0.010476 -0.850823 0.525348 0.180000 0.069900
5 -51.858578 -11.778862 112.961563 -0.212315 -0.975006 0.065465 0.209400 0.073400
5 -50.441826 -10.203474 113.191818 0.866765 0.314963 0.386674 0.209400 0.059200
ConmocionLance.jpg
5 -45.198967 -8.020164 49.217667 -0.275681 -0.954907 -0.110238 0.084200 0.690800
5 -51.297081 -2.718004 57.374840 -0.745165 0.666343 0.026768 0.018300 0.609900
5 -44.274467 -5.106473 25.759796 -0.004079 -0.978282 -0.207237 0.051600 0.903700
ConmocionLance.jpg
5 -44.274467 -5.106473 25.759796 -0.004079 -0.978282 -0.207237 0.051600 0.903700
5 -51.297081 -2.718004 57.374840 -0.745165 0.666343 0.026768 0.018300 0.609900
5 -45.238033 -2.129869 16.056198 0.712364 -0.583890 -0.389372 0.018300 0.990200
ConmocionLance.jpg
5 -51.297081 -2.718004 57.374840 -0.745165 0.666343 0.026768 0.018300 0.609900
5 -45.198967 -8.020164 49.217667 -0.275681 -0.954907 -0.110238 0.084200 0.690800
5 -50.237164 -4.349292 62.007378 -0.744710 0.644449 0.173471 0.039500 0.569400
ConmocionLance.jpg
5 -50.237164 -4.349292 62.007378 -0.744710 0.644449 0.173471 0.039500 0.569400
5 -45.198967 -8.020164 49.217667 -0.275681 -0.954907 -0.110238 0.084200 0.690800
5 -50.560814 -5.215358 69.925499 -0.739449 0.671658 -0.045730 0.049700 0.497500
ConmocionLance.jpg
5 -45.198967 -8.020164 49.217667 -0.275681 -0.954907 -0.110238 0.084200 0.690800
5 -51.858578 -11.778862 112.961563 -0.212315 -0.975006 0.065465 0.119700 0.079900
5 -53.785160 -5.557648 92.110474 -0.729476 0.673480 -0.119537 0.050100 0.293400
ConmocionLance.jpg
5 -53.785160 -5.557648 92.110474 -0.729476 0.673480 -0.119537 0.050100 0.293400
5 -50.560814 -5.215358 69.925499 -0.739449 0.671658 -0.045730 0.049700 0.497500
5 -45.198967 -8.020164 49.217667 -0.275681 -0.954907 -0.110238 0.084200 0.690800
ConmocionLance.jpg
5 -53.785160 -5.557648 92.110474 -0.729476 0.673480 -0.119537 0.050100 0.293400
5 -51.858578 -11.778862 112.961563 -0.212315 -0.975006 0.065465 0.119700 0.079900
5 -55.778610 -4.913615 99.970909 -0.649463 0.643309 -0.405402 0.039800 0.220000
ConmocionLance.jpg
5 -51.858578 -11.778862 112.961563 -0.212315 -0.975006 0.065465 0.119700 0.079900
5 -53.894218 -9.661617 116.122604 0.010476 -0.850823 0.525348 0.095900 0.049000
5 -59.496449 -2.390472 105.584679 -0.145019 -0.014060 0.989329 0.004600 0.164900
ConmocionLance.jpg
5 -59.496449 -2.390472 105.584679 -0.145019 -0.014060 0.989329 0.004600 0.164900
5 -55.778610 -4.913615 99.970909 -0.649463 0.643309 -0.405402 0.039800 0.220000
5 -51.858578 -11.778862 112.961563 -0.212315 -0.975006 0.065465 0.119700 0.079900
ConmocionLance.jpg
5 -59.496449 -2.390472 105.584679 -0.145019 -0.014060 0.989329 0.004600 0.164900
5 -53.894218 -9.661617 116.122604 0.010476 -0.850823 0.525348 0.095900 0.049000
5 -55.555038 -7.968256 119.498108 0.438414 -0.503074 0.744789 0.077500 0.016600
ConmocionLance.jpg
5 -55.555038 -7.968256 119.498108 0.438414 -0.503074 0.744789 0.077500 0.016600
5 -62.116524 -2.785348 122.485092 -0.662954 -0.738973 -0.120044 0.004600 0.009100
5 -59.496449 -2.390472 105.584679 -0.145019 -0.014060 0.989329 0.004600 0.164900
ConmocionLance.jpg
5 -63.563141 -4.140170 142.551697 0.900570 -0.416007 0.126146 0.363700 0.029400
5 -63.638046 -1.463814 142.578857 0.664754 0.739212 0.108021 0.363700 0.007800
5 -71.438576 -2.221667 195.768814 0.664757 0.739208 0.108022 0.871300 0.007800
ConmocionLance.jpg
5 -71.438576 -2.221667 195.768814 0.664757 0.739208 0.108022 0.871300 0.007800
5 -71.363693 -4.898005 195.741547 0.495342 -0.866603 0.060297 0.871300 0.029400
5 -63.563141 -4.140170 142.551697 0.900570 -0.416007 0.126146 0.363700 0.029400
ConmocionLance.jpg
5 -66.206070 -4.319345 142.161560 -0.664780 -0.739187 -0.108025 0.363700 0.050900
5 -63.563141 -4.140170 142.551697 0.900570 -0.416007 0.126146 0.363700 0.029400
5 -71.363693 -4.898005 195.741547 0.495342 -0.866603 0.060297 0.871300 0.029400
ConmocionLance.jpg
5 -71.363693 -4.898005 195.741547 0.495342 -0.866603 0.060297 0.871300 0.029400
5 -74.006584 -5.077173 195.351471 -0.664779 -0.739188 -0.108024 0.871300 0.050900
5 -66.206070 -4.319345 142.161560 -0.664780 -0.739187 -0.108025 0.363700 0.050900
ConmocionLance.jpg
5 -66.280861 -1.643078 142.188690 -0.495360 0.866592 -0.060300 0.363700 0.029400
5 -74.081406 -2.400915 195.378677 -0.900563 0.416022 -0.126144 0.871300 0.029400
5 -71.438576 -2.221667 195.768814 0.664757 0.739208 0.108022 0.871300 0.007800
ConmocionLance.jpg
5 -71.438576 -2.221667 195.768814 0.664757 0.739208 0.108022 0.871300 0.007800
5 -63.638046 -1.463814 142.578857 0.664754 0.739212 0.108021 0.363700 0.007800
5 -66.280861 -1.643078 142.188690 -0.495360 0.866592 -0.060300 0.363700 0.029400
ConmocionLance.jpg
5 -66.206070 -4.319345 142.161560 -0.664780 -0.739187 -0.108025 0.363700 0.050900
5 -74.006584 -5.077173 195.351471 -0.664779 -0.739188 -0.108024 0.871300 0.050900
5 -74.081406 -2.400915 195.378677 -0.900563 0.416022 -0.126144 0.871300 0.029400
ConmocionLance.jpg
5 -74.081406 -2.400915 195.378677 -0.900563 0.416022 -0.126144 0.871300 0.029400
5 -66.280861 -1.643078 142.188690 -0.495360 0.866592 -0.060300 0.363700 0.029400
5 -66.206070 -4.319345 142.161560 -0.664780 -0.739187 -0.108025 0.363700 0.050900
ConmocionLance.jpg
5 -76.413193 -3.103382 226.948334 0.657146 0.737714 0.154714 0.109700 0.446200
5 -76.312508 -5.004693 226.936096 0.725101 -0.673232 0.144870 0.134100 0.446200
5 -71.143997 -5.521462 198.665192 0.722223 -0.672883 0.160072 0.146500 0.814400
ConmocionLance.jpg
5 -71.143997 -5.521462 198.665192 0.722223 -0.672883 0.160072 0.146500 0.814400
5 -71.340225 -1.689808 198.690918 0.651418 0.735843 0.184902 0.097300 0.814400
5 -76.413193 -3.103382 226.948334 0.657146 0.737714 0.154714 0.109700 0.446200
ConmocionLance.jpg
5 -71.340225 -1.689808 198.690918 0.651418 0.735843 0.184902 0.097300 0.814400
5 -71.143997 -5.521462 198.665192 0.722223 -0.672883 0.160072 0.146500 0.814400
5 -69.914940 -5.804337 193.037277 0.733735 -0.673239 0.091555 0.151400 0.888000
ConmocionLance.jpg
5 -69.914940 -5.804337 193.037277 0.733735 -0.673239 0.091555 0.151400 0.888000
5 -70.148872 -1.210584 193.068405 0.676030 0.736836 0.007475 0.092400 0.888000
5 -71.340225 -1.689808 198.690918 0.651418 0.735843 0.184902 0.097300 0.814400
ConmocionLance.jpg
5 -70.148872 -1.210584 193.068405 0.676030 0.736836 0.007475 0.092400 0.888000
5 -69.914940 -5.804337 193.037277 0.733735 -0.673239 0.091555 0.151400 0.888000
5 -69.970612 -4.765771 186.273346 0.747050 -0.657849 -0.095665 0.139500 0.974100
ConmocionLance.jpg
5 -69.970612 -4.765771 186.273346 0.747050 -0.657849 -0.095665 0.139500 0.974100
5 -70.042076 -2.077998 186.301239 0.680231 0.728327 -0.082622 0.104300 0.974100
5 -70.148872 -1.210584 193.068405 0.676030 0.736836 0.007475 0.092400 0.888000
ConmocionLance.jpg
5 -78.194618 -5.084270 226.658951 -0.670892 -0.739034 -0.061088 0.109700 0.446200
5 -74.936211 -5.688419 198.106628 -0.674066 -0.738041 -0.030484 0.097300 0.814400
5 -71.143997 -5.521462 198.665192 0.722223 -0.672883 0.160072 0.146500 0.814400
ConmocionLance.jpg
5 -71.143997 -5.521462 198.665192 0.722223 -0.672883 0.160072 0.146500 0.814400
5 -76.312508 -5.004693 226.936096 0.725101 -0.673232 0.144870 0.134100 0.446200
5 -78.194618 -5.084270 226.658951 -0.670892 -0.739034 -0.061088 0.109700 0.446200
ConmocionLance.jpg
5 -74.936211 -5.688419 198.106628 -0.674066 -0.738041 -0.030484 0.097300 0.814400
5 -74.461273 -6.005772 192.367645 -0.646695 -0.733991 -0.207468 0.092400 0.888000
5 -69.914940 -5.804337 193.037277 0.733735 -0.673239 0.091555 0.151400 0.888000
ConmocionLance.jpg
5 -69.914940 -5.804337 193.037277 0.733735 -0.673239 0.091555 0.151400 0.888000
5 -71.143997 -5.521462 198.665192 0.722223 -0.672883 0.160072 0.146500 0.814400
5 -74.936211 -5.688419 198.106628 -0.674066 -0.738041 -0.030484 0.097300 0.814400
ConmocionLance.jpg
5 -74.461273 -6.005772 192.367645 -0.646695 -0.733991 -0.207468 0.092400 0.888000
5 -72.624428 -4.949517 185.881546 -0.624896 -0.722950 -0.294701 0.104300 0.974100
5 -69.970612 -4.765771 186.273346 0.747050 -0.657849 -0.095665 0.139500 0.974100
ConmocionLance.jpg
5 -69.970612 -4.765771 186.273346 0.747050 -0.657849 -0.095665 0.139500 0.974100
5 -69.914940 -5.804337 193.037277 0.733735 -0.673239 0.091555 0.151400 0.888000
5 -74.461273 -6.005772 192.367645 -0.646695 -0.733991 -0.207468 0.092400 0.888000
ConmocionLance.jpg
5 -76.413193 -3.103382 226.948334 0.657146 0.737714 0.154714 0.109700 0.446200
5 -71.340225 -1.689808 198.690918 0.651418 0.735843 0.184902 0.097300 0.814400
5 -75.132385 -1.856762 198.132416 -0.740515 0.671113 -0.035293 0.146500 0.814400
ConmocionLance.jpg
5 -75.132385 -1.856762 198.132416 -0.740515 0.671113 -0.035293 0.146500 0.814400
5 -78.295212 -3.182988 226.671112 -0.738907 0.671900 -0.050666 0.134100 0.446200
5 -76.413193 -3.103382 226.948334 0.657146 0.737714 0.154714 0.109700 0.446200
ConmocionLance.jpg
5 -71.340225 -1.689808 198.690918 0.651418 0.735843 0.184902 0.097300 0.814400
5 -70.148872 -1.210584 193.068405 0.676030 0.736836 0.007475 0.092400 0.888000
5 -74.695290 -1.412025 192.398758 -0.731883 0.673417 -0.104199 0.151400 0.888000
ConmocionLance.jpg
5 -74.695290 -1.412025 192.398758 -0.731883 0.673417 -0.104199 0.151400 0.888000
5 -75.132385 -1.856762 198.132416 -0.740515 0.671113 -0.035293 0.146500 0.814400
5 -71.340225 -1.689808 198.690918 0.651418 0.735843 0.184902 0.097300 0.814400
ConmocionLance.jpg
5 -70.148872 -1.210584 193.068405 0.676030 0.736836 0.007475 0.092400 0.888000
5 -70.042076 -2.077998 186.301239 0.680231 0.728327 -0.082622 0.104300 0.974100
5 -72.695869 -2.261769 185.909286 -0.690828 0.663307 -0.287715 0.139500 0.974100
ConmocionLance.jpg
5 -72.695869 -2.261769 185.909286 -0.690828 0.663307 -0.287715 0.139500 0.974100
5 -74.695290 -1.412025 192.398758 -0.731883 0.673417 -0.104199 0.151400 0.888000
5 -70.148872 -1.210584 193.068405 0.676030 0.736836 0.007475 0.092400 0.888000
ConmocionLance.jpg
5 -78.194618 -5.084270 226.658951 -0.670892 -0.739034 -0.061088 0.109700 0.446200
5 -78.295212 -3.182988 226.671112 -0.738907 0.671900 -0.050666 0.134100 0.446200
5 -75.132385 -1.856762 198.132416 -0.740515 0.671113 -0.035293 0.146500 0.814400
ConmocionLance.jpg
5 -75.132385 -1.856762 198.132416 -0.740515 0.671113 -0.035293 0.146500 0.814400
5 -74.936211 -5.688419 198.106628 -0.674066 -0.738041 -0.030484 0.097300 0.814400
5 -78.194618 -5.084270 226.658951 -0.670892 -0.739034 -0.061088 0.109700 0.446200
ConmocionLance.jpg
5 -74.936211 -5.688419 198.106628 -0.674066 -0.738041 -0.030484 0.097300 0.814400
5 -75.132385 -1.856762 198.132416 -0.740515 0.671113 -0.035293 0.146500 0.814400
5 -74.695290 -1.412025 192.398758 -0.731883 0.673417 -0.104199 0.151400 0.888000
ConmocionLance.jpg
5 -74.695290 -1.412025 192.398758 -0.731883 0.673417 -0.104199 0.151400 0.888000
5 -74.461273 -6.005772 192.367645 -0.646695 -0.733991 -0.207468 0.092400 0.888000
5 -74.936211 -5.688419 198.106628 -0.674066 -0.738041 -0.030484 0.097300 0.814400
ConmocionLance.jpg
5 -74.461273 -6.005772 192.367645 -0.646695 -0.733991 -0.207468 0.092400 0.888000
5 -74.695290 -1.412025 192.398758 -0.731883 0.673417 -0.104199 0.151400 0.888000
5 -72.695869 -2.261769 185.909286 -0.690828 0.663307 -0.287715 0.139500 0.974100
ConmocionLance.jpg
5 -72.695869 -2.261769 185.909286 -0.690828 0.663307 -0.287715 0.139500 0.974100
5 -72.624428 -4.949517 185.881546 -0.624896 -0.722950 -0.294701 0.104300 0.974100
5 -74.461273 -6.005772 192.367645 -0.646695 -0.733991 -0.207468 0.092400 0.888000
ConmocionLance.jpg
5 -76.270737 -4.997738 226.631149 0.710520 -0.580949 -0.397065 0.892300 0.528700
5 -75.490822 -2.782783 226.776978 0.699403 0.157096 -0.697249 0.848500 0.528700
5 -75.801208 -2.447935 231.404724 0.998039 0.021020 -0.058959 0.837600 0.435500
ConmocionLance.jpg
5 -75.801208 -2.447935 231.404724 0.998039 0.021020 -0.058959 0.837600 0.435500
5 -76.943451 -5.063114 231.218262 0.724874 -0.673223 0.146043 0.892300 0.435100
5 -76.270737 -4.997738 226.631149 0.710520 -0.580949 -0.397065 0.892300 0.528700
ConmocionLance.jpg
5 -76.943451 -5.063114 231.218262 0.724874 -0.673223 0.146043 0.892300 0.435100
5 -75.801208 -2.447935 231.404724 0.998039 0.021020 -0.058959 0.837600 0.435500
5 -77.712914 -4.058756 236.854919 0.730941 -0.593792 0.336357 0.875400 0.320600
ConmocionLance.jpg
5 -77.712914 -4.058756 236.854919 0.730941 -0.593792 0.336357 0.875400 0.320600
5 -78.144867 -4.845377 237.121979 0.194428 -0.310792 0.930380 0.892300 0.313800
5 -76.943451 -5.063114 231.218262 0.724874 -0.673223 0.146043 0.892300 0.435100
ConmocionLance.jpg
5 -77.712914 -4.058756 236.854919 0.730941 -0.593792 0.336357 0.875400 0.320600
5 -75.801208 -2.447935 231.404724 0.998039 0.021020 -0.058959 0.837600 0.435500
5 -74.152504 0.306943 233.483276 0.607913 0.583434 -0.538559 0.769800 0.399600
ConmocionLance.jpg
5 -77.712914 -4.058756 236.854919 0.730941 -0.593792 0.336357 0.875400 0.320600
5 -75.042900 -0.198241 236.674347 0.552378 0.672742 0.492236 0.782400 0.333100
5 -79.237747 -3.808460 243.245544 -0.679753 -0.717912 0.150128 0.878200 0.188600
ConmocionLance.jpg
5 -74.152504 0.306943 233.483276 0.607913 0.583434 -0.538559 0.769800 0.399600
5 -75.042900 -0.198241 236.674347 0.552378 0.672742 0.492236 0.782400 0.333100
5 -77.712914 -4.058756 236.854919 0.730941 -0.593792 0.336357 0.875400 0.320600
ConmocionLance.jpg
5 -75.801208 -2.447935 231.404724 0.998039 0.021020 -0.058959 0.835300 0.480700
5 -75.490822 -2.782783 226.776978 0.699403 0.157096 -0.697249 0.835300 0.529200
5 -76.137733 -2.188396 226.690521 0.381760 0.840057 -0.385439 0.825000 0.529200
ConmocionLance.jpg
5 -76.137733 -2.188396 226.690521 0.381760 0.840057 -0.385439 0.825000 0.529200
5 -76.445534 -1.855926 231.318573 -0.193220 0.955377 -0.223429 0.825100 0.480700
5 -75.801208 -2.447935 231.404724 0.998039 0.021020 -0.058959 0.835300 0.480700
ConmocionLance.jpg
5 -75.801208 -2.447935 231.404724 0.998039 0.021020 -0.058959 0.835300 0.480700
5 -76.445534 -1.855926 231.318573 -0.193220 0.955377 -0.223429 0.825100 0.480700
5 -74.152504 0.306943 233.483276 0.607913 0.583434 -0.538559 0.830100 0.441100
ConmocionLance.jpg
5 -75.490822 -2.782783 226.776978 0.699403 0.157096 -0.697249 0.805800 0.426500
5 -76.270737 -4.997738 226.631149 0.710520 -0.580949 -0.397065 0.772100 0.412400
5 -78.247665 -3.181283 226.367035 -0.387417 0.464734 -0.796197 0.772100 0.454300
ConmocionLance.jpg
5 -78.247665 -3.181283 226.367035 -0.387417 0.464734 -0.796197 0.772100 0.454300
5 -76.137733 -2.188396 226.690521 0.381760 0.840057 -0.385439 0.805800 0.440100
5 -75.490822 -2.782783 226.776978 0.699403 0.157096 -0.697249 0.805800 0.426500
ConmocionLance.jpg
5 -78.680840 -3.169337 236.725601 -0.623696 0.714905 0.316091 0.811000 0.503800
5 -79.463470 -3.633827 236.945953 -0.610501 0.454213 0.648829 0.814500 0.521200
5 -78.144867 -4.845377 237.121979 0.194428 -0.310792 0.930380 0.788700 0.521200
ConmocionLance.jpg
5 -78.144867 -4.845377 237.121979 0.194428 -0.310792 0.930380 0.788700 0.521200
5 -77.712914 -4.058756 236.854919 0.730941 -0.593792 0.336357 0.792100 0.503800
5 -78.680840 -3.169337 236.725601 -0.623696 0.714905 0.316091 0.811000 0.503800
ConmocionLance.jpg
5 -77.712914 -4.058756 236.854919 0.730941 -0.593792 0.336357 0.792100 0.503800
5 -79.237747 -3.808460 243.245544 -0.679753 -0.717912 0.150128 0.801600 0.452200
5 -78.680840 -3.169337 236.725601 -0.623696 0.714905 0.316091 0.811000 0.503800
ConmocionLance.jpg
5 -76.270737 -4.997738 226.631149 0.710520 -0.580949 -0.397065 0.892300 0.528700
5 -76.943451 -5.063114 231.218262 0.724874 -0.673223 0.146043 0.892300 0.435100
5 -79.407639 -6.458144 230.818619 0.103732 -0.973402 -0.204277 0.837600 0.435500
ConmocionLance.jpg
5 -79.407639 -6.458144 230.818619 0.103732 -0.973402 -0.204277 0.837600 0.435500
5 -78.377914 -5.993166 226.307800 0.026924 -0.590592 -0.806521 0.848500 0.528700
5 -76.270737 -4.997738 226.631149 0.710520 -0.580949 -0.397065 0.892300 0.528700
ConmocionLance.jpg
5 -76.943451 -5.063114 231.218262 0.724874 -0.673223 0.146043 0.892300 0.435100
5 -78.144867 -4.845377 237.121979 0.194428 -0.310792 0.930380 0.892300 0.313800
5 -78.829422 -5.300333 236.673492 0.620186 -0.716950 0.318358 0.875400 0.320600
ConmocionLance.jpg
5 -78.829422 -5.300333 236.673492 0.620186 -0.716950 0.318358 0.875400 0.320600
5 -79.407639 -6.458144 230.818619 0.103732 -0.973402 -0.204277 0.837600 0.435500
5 -76.943451 -5.063114 231.218262 0.724874 -0.673223 0.146043 0.892300 0.435100
ConmocionLance.jpg
5 -78.829422 -5.300333 236.673492 0.620186 -0.716950 0.318358 0.875400 0.320600
5 -82.222137 -8.666203 232.171997 -0.425480 -0.565551 -0.706483 0.769800 0.399600
5 -79.407639 -6.458144 230.818619 0.103732 -0.973402 -0.204277 0.837600 0.435500
ConmocionLance.jpg
5 -78.829422 -5.300333 236.673492 0.620186 -0.716950 0.318358 0.875400 0.320600
5 -80.170395 -4.845529 243.094086 0.605052 0.710696 0.358920 0.878200 0.188600
5 -82.287369 -8.253899 235.497009 -0.667690 -0.683939 0.293968 0.782400 0.333100
ConmocionLance.jpg
5 -82.222137 -8.666203 232.171997 -0.425480 -0.565551 -0.706483 0.769800 0.399600
5 -78.829422 -5.300333 236.673492 0.620186 -0.716950 0.318358 0.875400 0.320600
5 -82.287369 -8.253899 235.497009 -0.667690 -0.683939 0.293968 0.782400 0.333100
ConmocionLance.jpg
5 -79.407639 -6.458144 230.818619 0.103732 -0.973402 -0.204277 0.835300 0.480700
5 -80.051956 -5.866156 230.732590 -0.929295 0.136894 -0.343033 0.825100 0.480700
5 -79.024857 -5.398729 226.221481 -0.725934 -0.391594 -0.565397 0.825000 0.529200
ConmocionLance.jpg
5 -79.024857 -5.398729 226.221481 -0.725934 -0.391594 -0.565397 0.825000 0.529200
5 -78.377914 -5.993166 226.307800 0.026924 -0.590592 -0.806521 0.835300 0.529200
5 -79.407639 -6.458144 230.818619 0.103732 -0.973402 -0.204277 0.835300 0.480700
ConmocionLance.jpg
5 -79.407639 -6.458144 230.818619 0.103732 -0.973402 -0.204277 0.835300 0.480700
5 -82.222137 -8.666203 232.171997 -0.425480 -0.565551 -0.706483 0.830100 0.441100
5 -80.051956 -5.866156 230.732590 -0.929295 0.136894 -0.343033 0.825100 0.480700
ConmocionLance.jpg
5 -78.377914 -5.993166 226.307800 0.026924 -0.590592 -0.806521 0.805800 0.426500
5 -79.024857 -5.398729 226.221481 -0.725934 -0.391594 -0.565397 0.805800 0.440100
5 -78.247665 -3.181283 226.367035 -0.387417 0.464734 -0.796197 0.772100 0.454300
ConmocionLance.jpg
5 -78.247665 -3.181283 226.367035 -0.387417 0.464734 -0.796197 0.772100 0.454300
5 -76.270737 -4.997738 226.631149 0.710520 -0.580949 -0.397065 0.772100 0.412400
5 -78.377914 -5.993166 226.307800 0.026924 -0.590592 -0.806521 0.805800 0.426500
ConmocionLance.jpg
5 -79.797424 -4.410909 236.544128 -0.820453 0.496118 0.284119 0.811000 0.503800
5 -78.829422 -5.300333 236.673492 0.620186 -0.716950 0.318358 0.792100 0.503800
5 -78.144867 -4.845377 237.121979 0.194428 -0.310792 0.930380 0.788700 0.521200
ConmocionLance.jpg
5 -78.144867 -4.845377 237.121979 0.194428 -0.310792 0.930380 0.788700 0.521200
5 -79.463470 -3.633827 236.945953 -0.610501 0.454213 0.648829 0.814500 0.521200
5 -79.797424 -4.410909 236.544128 -0.820453 0.496118 0.284119 0.811000 0.503800
ConmocionLance.jpg
5 -78.829422 -5.300333 236.673492 0.620186 -0.716950 0.318358 0.792100 0.503800
5 -79.797424 -4.410909 236.544128 -0.820453 0.496118 0.284119 0.811000 0.503800
5 -80.170395 -4.845529 243.094086 0.605052 0.710696 0.358920 0.801600 0.452200
ConmocionLance.jpg
5 -78.247665 -3.181283 226.367035 -0.387417 0.464734 -0.796197 0.892300 0.528700
5 -78.920448 -3.246592 230.954193 -0.739019 0.671856 -0.049605 0.892300 0.435100
5 -76.445534 -1.855926 231.318573 -0.193220 0.955377 -0.223429 0.837600 0.435500
ConmocionLance.jpg
5 -76.445534 -1.855926 231.318573 -0.193220 0.955377 -0.223429 0.837600 0.435500
5 -76.137733 -2.188396 226.690521 0.381760 0.840057 -0.385439 0.848500 0.528700
5 -78.247665 -3.181283 226.367035 -0.387417 0.464734 -0.796197 0.892300 0.528700
ConmocionLance.jpg
5 -78.920448 -3.246592 230.954193 -0.739019 0.671856 -0.049605 0.892300 0.435100
5 -79.463470 -3.633827 236.945953 -0.610501 0.454213 0.648829 0.892300 0.313800
5 -78.680840 -3.169337 236.725601 -0.623696 0.714905 0.316091 0.875400 0.320600
ConmocionLance.jpg
5 -78.680840 -3.169337 236.725601 -0.623696 0.714905 0.316091 0.875400 0.320600
5 -76.445534 -1.855926 231.318573 -0.193220 0.955377 -0.223429 0.837600 0.435500
5 -78.920448 -3.246592 230.954193 -0.739019 0.671856 -0.049605 0.892300 0.435100
ConmocionLance.jpg
5 -78.680840 -3.169337 236.725601 -0.623696 0.714905 0.316091 0.875400 0.320600
5 -74.152504 0.306943 233.483276 0.607913 0.583434 -0.538559 0.769800 0.399600
5 -76.445534 -1.855926 231.318573 -0.193220 0.955377 -0.223429 0.837600 0.435500
ConmocionLance.jpg
5 -78.680840 -3.169337 236.725601 -0.623696 0.714905 0.316091 0.875400 0.320600
5 -79.237747 -3.808460 243.245544 -0.679753 -0.717912 0.150128 0.878200 0.188600
5 -75.042900 -0.198241 236.674347 0.552378 0.672742 0.492236 0.782400 0.333100
ConmocionLance.jpg
5 -74.152504 0.306943 233.483276 0.607913 0.583434 -0.538559 0.769800 0.399600
5 -78.680840 -3.169337 236.725601 -0.623696 0.714905 0.316091 0.875400 0.320600
5 -75.042900 -0.198241 236.674347 0.552378 0.672742 0.492236 0.782400 0.333100
ConmocionLance.jpg
5 -78.247665 -3.181283 226.367035 -0.387417 0.464734 -0.796197 0.892300 0.528700
5 -79.024857 -5.398729 226.221481 -0.725934 -0.391594 -0.565397 0.848500 0.528700
5 -80.051956 -5.866156 230.732590 -0.929295 0.136894 -0.343033 0.837600 0.435500
ConmocionLance.jpg
5 -80.051956 -5.866156 230.732590 -0.929295 0.136894 -0.343033 0.837600 0.435500
5 -78.920448 -3.246592 230.954193 -0.739019 0.671856 -0.049605 0.892300 0.435100
5 -78.247665 -3.181283 226.367035 -0.387417 0.464734 -0.796197 0.892300 0.528700
ConmocionLance.jpg
5 -78.920448 -3.246592 230.954193 -0.739019 0.671856 -0.049605 0.892300 0.435100
5 -80.051956 -5.866156 230.732590 -0.929295 0.136894 -0.343033 0.837600 0.435500
5 -79.797424 -4.410909 236.544128 -0.820453 0.496118 0.284119 0.875400 0.320600
ConmocionLance.jpg
5 -79.797424 -4.410909 236.544128 -0.820453 0.496118 0.284119 0.875400 0.320600
5 -79.463470 -3.633827 236.945953 -0.610501 0.454213 0.648829 0.892300 0.313800
5 -78.920448 -3.246592 230.954193 -0.739019 0.671856 -0.049605 0.892300 0.435100
ConmocionLance.jpg
5 -79.797424 -4.410909 236.544128 -0.820453 0.496118 0.284119 0.875400 0.320600
5 -80.051956 -5.866156 230.732590 -0.929295 0.136894 -0.343033 0.837600 0.435500
5 -82.222137 -8.666203 232.171997 -0.425480 -0.565551 -0.706483 0.769800 0.399600
ConmocionLance.jpg
5 -79.797424 -4.410909 236.544128 -0.820453 0.496118 0.284119 0.875400 0.320600
5 -82.287369 -8.253899 235.497009 -0.667690 -0.683939 0.293968 0.782400 0.333100
5 -80.170395 -4.845529 243.094086 0.605052 0.710696 0.358920 0.878200 0.188600
ConmocionLance.jpg
5 -82.222137 -8.666203 232.171997 -0.425480 -0.565551 -0.706483 0.769800 0.399600
5 -82.287369 -8.253899 235.497009 -0.667690 -0.683939 0.293968 0.782400 0.333100
5 -79.797424 -4.410909 236.544128 -0.820453 0.496118 0.284119 0.875400 0.320600
ConmocionLance.jpg
5 -64.629715 -10.314622 137.207153 0.433662 -0.848510 -0.303262 0.467800 0.648100
5 -59.460270 -8.994043 147.512726 0.910265 -0.389280 -0.140992 0.403200 0.553900
5 -59.460270 -8.994043 147.512726 0.000000 -0.000000 0.000000 0.403200 0.553900
ConmocionLance.jpg
5 -59.460270 -8.994043 147.512726 0.910265 -0.389280 -0.140992 0.403200 0.553900
5 -60.994751 -14.904757 157.032394 0.528607 -0.848853 -0.004896 0.457500 0.430700
5 -64.629715 -10.314622 137.207153 0.433662 -0.848510 -0.303262 0.467800 0.648100
ConmocionLance.jpg
5 -68.490562 -8.805410 129.705444 0.355188 -0.879708 -0.316158 0.492400 0.732200
5 -68.570473 -8.704790 129.317093 -0.155523 -0.900106 -0.406968 0.492600 0.736600
5 -64.629715 -10.314622 137.207153 0.433662 -0.848510 -0.303262 0.467800 0.648100
ConmocionLance.jpg
5 -64.629715 -10.314622 137.207153 0.433662 -0.848510 -0.303262 0.467800 0.648100
5 -67.038055 -15.819414 149.421387 0.119627 -0.959559 -0.254827 0.524600 0.496600
5 -68.490562 -8.805410 129.705444 0.355188 -0.879708 -0.316158 0.492400 0.732200
ConmocionLance.jpg
5 -71.817642 -10.853205 138.849487 -0.730942 -0.526646 -0.434014 0.536700 0.613700
5 -67.038055 -15.819414 149.421387 0.119627 -0.959559 -0.254827 0.524600 0.496600
5 -75.177902 -13.432482 146.264496 -0.701061 -0.639394 -0.315737 0.590800 0.512100
ConmocionLance.jpg
5 -57.349533 -6.199958 168.065567 0.871638 -0.402543 0.279653 0.336700 0.349200
5 -63.568802 -6.402880 174.537720 0.677060 -0.481801 0.556290 0.378600 0.231100
5 -66.871223 -14.446627 165.336609 0.384894 -0.857309 0.341873 0.491200 0.295600
ConmocionLance.jpg
5 -66.871223 -14.446627 165.336609 0.384894 -0.857309 0.341873 0.491200 0.295600
5 -60.994751 -14.904757 157.032394 0.528607 -0.848853 -0.004896 0.457500 0.430700
5 -57.349533 -6.199958 168.065567 0.871638 -0.402543 0.279653 0.336700 0.349200
ConmocionLance.jpg
5 -67.038055 -15.819414 149.421387 0.119627 -0.959559 -0.254827 0.524600 0.496600
5 -72.381310 -15.638855 158.616882 -0.085068 -0.996253 -0.015622 0.564500 0.357900
5 -75.177902 -13.432482 146.264496 -0.701061 -0.639394 -0.315737 0.590800 0.512100
ConmocionLance.jpg
5 -59.117649 6.110732 176.143845 0.596829 0.314465 0.738178 0.201700 0.243100
5 -63.568802 -6.402880 174.537720 0.677060 -0.481801 0.556290 0.378600 0.231100
5 -57.349533 -6.199958 168.065567 0.871638 -0.402543 0.279653 0.336700 0.349200
ConmocionLance.jpg
5 -57.031971 -0.131278 159.189972 0.987074 -0.158391 -0.024443 0.293100 0.449000
5 -55.553501 8.402740 165.225082 0.691833 0.717976 -0.076665 0.190200 0.390300
5 -55.638329 8.966297 169.737381 0.733213 0.674085 0.089484 0.178000 0.342000
ConmocionLance.jpg
5 -57.349533 -6.199958 168.065567 0.871638 -0.402543 0.279653 0.336700 0.349200
5 -55.638329 8.966297 169.737381 0.733213 0.674085 0.089484 0.178000 0.342000
5 -59.117649 6.110732 176.143845 0.596829 0.314465 0.738178 0.201700 0.243100
ConmocionLance.jpg
5 -57.349533 -6.199958 168.065567 0.871638 -0.402543 0.279653 0.336700 0.349200
5 -59.460270 -8.994043 147.512726 0.910265 -0.389280 -0.140992 0.403200 0.553900
5 -59.460270 -8.994043 147.512726 0.910265 -0.389280 -0.140992 0.403200 0.553900
ConmocionLance.jpg
5 -59.460270 -8.994043 147.512726 0.910265 -0.389280 -0.140992 0.403200 0.553900
5 -57.031971 -0.131278 159.189972 0.987074 -0.158391 -0.024443 0.293100 0.449000
5 -57.349533 -6.199958 168.065567 0.871638 -0.402543 0.279653 0.336700 0.349200
ConmocionLance.jpg
5 -72.381310 -15.638855 158.616882 -0.085068 -0.996253 -0.015622 0.564500 0.357900
5 -67.038055 -15.819414 149.421387 0.119627 -0.959559 -0.254827 0.524600 0.496600
5 -60.994751 -14.904757 157.032394 0.528607 -0.848853 -0.004896 0.457500 0.430700
ConmocionLance.jpg
5 -55.638329 8.966297 169.737381 0.733213 0.674085 0.089484 0.598000 0.933500
5 -55.553501 8.402740 165.225082 0.691833 0.717976 -0.076665 0.582500 0.993200
5 -68.426193 5.178545 165.699448 -0.443405 0.793526 -0.416782 0.417500 0.982400
ConmocionLance.jpg
5 -68.426193 5.178545 165.699448 -0.443405 0.793526 -0.416782 0.417500 0.982400
5 -72.913040 7.937834 173.165344 -0.475879 0.879445 -0.010731 0.417600 0.872800
5 -55.638329 8.966297 169.737381 0.733213 0.674085 0.089484 0.598000 0.933500
ConmocionLance.jpg
5 -59.117649 6.110732 176.143845 0.596829 0.314465 0.738178 0.568000 0.812700
5 -55.638329 8.966297 169.737381 0.733213 0.674085 0.089484 0.598000 0.933500
5 -72.913040 7.937834 173.165344 -0.475879 0.879445 -0.010731 0.417600 0.872800
ConmocionLance.jpg
5 -64.390892 1.050175 180.811905 0.622834 0.069787 0.779235 0.427900 0.730600
5 -59.117649 6.110732 176.143845 0.596829 0.314465 0.738178 0.568000 0.812700
5 -70.991478 2.775034 182.157013 -0.137236 0.804172 0.578337 0.392400 0.754200
ConmocionLance.jpg
5 -59.117649 6.110732 176.143845 0.596829 0.314465 0.738178 0.568000 0.812700
5 -72.913040 7.937834 173.165344 -0.475879 0.879445 -0.010731 0.417600 0.872800
5 -70.991478 2.775034 182.157013 -0.137236 0.804172 0.578337 0.392400 0.754200
ConmocionLance.jpg
5 -72.913040 7.937834 173.165344 -0.475879 0.879445 -0.010731 0.417600 0.872800
5 -68.426193 5.178545 165.699448 -0.443405 0.793526 -0.416782 0.417500 0.982400
5 -78.218391 -5.534325 174.946655 -0.901340 0.112553 -0.418232 0.217400 0.808700
ConmocionLance.jpg
5 -78.218391 -5.534325 174.946655 -0.901340 0.112553 -0.418232 0.217400 0.808700
5 -79.787766 -0.542039 180.041397 -0.949739 0.295204 0.104164 0.267300 0.740100
5 -72.913040 7.937834 173.165344 -0.475879 0.879445 -0.010731 0.417600 0.872800
ConmocionLance.jpg
5 -70.991478 2.775034 182.157013 -0.137236 0.804172 0.578337 0.392400 0.754200
5 -72.913040 7.937834 173.165344 -0.475879 0.879445 -0.010731 0.417600 0.872800
5 -79.787766 -0.542039 180.041397 -0.949739 0.295204 0.104164 0.267300 0.740100
ConmocionLance.jpg
5 -79.787766 -0.542039 180.041397 -0.949739 0.295204 0.104164 0.267300 0.740100
5 -76.014839 -0.602867 185.611084 -0.734134 0.508156 0.450360 0.310500 0.662500
5 -70.991478 2.775034 182.157013 -0.137236 0.804172 0.578337 0.392400 0.754200
ConmocionLance.jpg
5 -79.787766 -0.542039 180.041397 -0.949739 0.295204 0.104164 0.267300 0.740100
5 -78.218391 -5.534325 174.946655 -0.901340 0.112553 -0.418232 0.217400 0.808700
5 -77.912216 -11.155958 179.921738 -0.754595 -0.612890 -0.234419 0.160300 0.721300
ConmocionLance.jpg
5 -79.787766 -0.542039 180.041397 -0.949739 0.295204 0.104164 0.267300 0.740100
5 -78.082436 -12.429121 184.219818 -0.282730 -0.956433 -0.072801 0.151700 0.658100
5 -78.227783 -12.007074 188.211288 -0.613806 -0.701035 0.363032 0.159800 0.599300
ConmocionLance.jpg
5 -76.014839 -0.602867 185.611084 -0.734134 0.508156 0.450360 0.310500 0.662500
5 -79.787766 -0.542039 180.041397 -0.949739 0.295204 0.104164 0.267300 0.740100
5 -78.227783 -12.007074 188.211288 -0.613806 -0.701035 0.363032 0.159800 0.599300
ConmocionLance.jpg
5 -78.227783 -12.007074 188.211288 -0.613806 -0.701035 0.363032 0.159800 0.599300
5 -74.247406 -10.536240 195.119385 -0.090849 -0.957080 0.275215 0.226800 0.501300
5 -76.014839 -0.602867 185.611084 -0.734134 0.508156 0.450360 0.310500 0.662500
ConmocionLance.jpg
5 -77.912216 -11.155958 179.921738 -0.754595 -0.612890 -0.234419 0.160300 0.721300
5 -78.082436 -12.429121 184.219818 -0.282730 -0.956433 -0.072801 0.151700 0.658100
5 -79.787766 -0.542039 180.041397 -0.949739 0.295204 0.104164 0.267300 0.740100
ConmocionLance.jpg
5 -68.322960 -2.614600 205.162109 0.962967 0.006297 0.269546 0.563600 0.134500
5 -68.630867 -2.615578 207.460983 0.926486 0.186025 0.327137 0.548100 0.110400
5 -69.989334 -9.026871 199.591980 0.588543 -0.782313 0.203968 0.668700 0.125500
ConmocionLance.jpg
5 -69.989334 -9.026871 199.591980 0.588543 -0.782313 0.203968 0.668700 0.125500
5 -67.819183 -7.505033 197.669464 0.645573 -0.758241 0.091133 0.668000 0.168100
5 -68.322960 -2.614600 205.162109 0.962967 0.006297 0.269546 0.563600 0.134500
ConmocionLance.jpg
5 -67.819183 -7.505033 197.669464 0.645573 -0.758241 0.091133 0.668000 0.168100
5 -69.989334 -9.026871 199.591980 0.588543 -0.782313 0.203968 0.668700 0.125500
5 -72.793427 -10.569489 193.718994 0.355795 -0.934232 0.024900 0.748100 0.144600
ConmocionLance.jpg
5 -72.793427 -10.569489 193.718994 0.355795 -0.934232 0.024900 0.748100 0.144600
5 -71.837265 -9.725279 192.367340 0.505261 -0.858570 -0.086996 0.753500 0.168300
5 -67.819183 -7.505033 197.669464 0.645573 -0.758241 0.091133 0.668000 0.168100
ConmocionLance.jpg
5 -68.630867 -2.615578 207.460983 0.926486 0.186025 0.327137 0.548100 0.110400
5 -69.755699 -3.560651 209.381226 0.869286 -0.032433 0.493244 0.534100 0.082900
5 -72.860573 -10.081820 201.397583 0.588284 -0.777488 0.222337 0.668500 0.084100
ConmocionLance.jpg
5 -72.860573 -10.081820 201.397583 0.588284 -0.777488 0.222337 0.668500 0.084100
5 -69.989334 -9.026871 199.591980 0.588543 -0.782313 0.203968 0.668700 0.125500
5 -68.630867 -2.615578 207.460983 0.926486 0.186025 0.327137 0.548100 0.110400
ConmocionLance.jpg
5 -69.989334 -9.026871 199.591980 0.588543 -0.782313 0.203968 0.668700 0.125500
5 -72.860573 -10.081820 201.397583 0.588284 -0.777488 0.222337 0.668500 0.084100
5 -74.247406 -10.536240 195.119385 -0.090849 -0.957080 0.275215 0.739800 0.123900
ConmocionLance.jpg
5 -74.247406 -10.536240 195.119385 -0.090849 -0.957080 0.275215 0.739800 0.123900
5 -72.793427 -10.569489 193.718994 0.355795 -0.934232 0.024900 0.748100 0.144600
5 -69.989334 -9.026871 199.591980 0.588543 -0.782313 0.203968 0.668700 0.125500
ConmocionLance.jpg
5 -71.837265 -9.725279 192.367340 0.505261 -0.858570 -0.086996 0.753500 0.168300
5 -72.793427 -10.569489 193.718994 0.355795 -0.934232 0.024900 0.748100 0.144600
5 -77.054596 -11.987925 186.848129 0.331792 -0.943291 0.010799 0.849200 0.148300
ConmocionLance.jpg
5 -77.054596 -11.987925 186.848129 0.331792 -0.943291 0.010799 0.849200 0.148300
5 -76.048325 -11.527897 185.604828 0.447747 -0.890519 -0.080615 0.855600 0.168700
5 -71.837265 -9.725279 192.367340 0.505261 -0.858570 -0.086996 0.753500 0.168300
ConmocionLance.jpg
5 -72.793427 -10.569489 193.718994 0.355795 -0.934232 0.024900 0.748100 0.144600
5 -74.247406 -10.536240 195.119385 -0.090849 -0.957080 0.275215 0.739800 0.123900
5 -78.227783 -12.007074 188.211288 -0.613806 -0.701035 0.363032 0.840500 0.129700
ConmocionLance.jpg
5 -78.227783 -12.007074 188.211288 -0.613806 -0.701035 0.363032 0.840500 0.129700
5 -77.054596 -11.987925 186.848129 0.331792 -0.943291 0.010799 0.849200 0.148300
5 -72.793427 -10.569489 193.718994 0.355795 -0.934232 0.024900 0.748100 0.144600
ConmocionLance.jpg
5 -77.912216 -11.155958 179.921738 -0.754595 -0.612890 -0.234419 0.920700 0.168900
5 -76.048325 -11.527897 185.604828 0.447747 -0.890519 -0.080615 0.855600 0.168700
5 -78.082436 -12.429121 184.219818 -0.282730 -0.956433 -0.072801 0.885600 0.153800
ConmocionLance.jpg
5 -73.854248 -2.697989 222.388611 0.995786 0.051571 0.075835 0.208600 0.173200
5 -73.667267 -2.940653 224.921204 0.949123 -0.187677 0.252867 0.173300 0.158700
5 -73.452118 -7.707522 220.514954 0.657294 -0.750552 -0.068090 0.244400 0.136700
ConmocionLance.jpg
5 -73.452118 -7.707522 220.514954 0.657294 -0.750552 -0.068090 0.244400 0.136700
5 -72.983810 -6.080338 218.381287 0.876479 -0.455743 -0.155186 0.270100 0.168600
5 -73.854248 -2.697989 222.388611 0.995786 0.051571 0.075835 0.208600 0.173200
ConmocionLance.jpg
5 -72.983810 -6.080338 218.381287 0.876479 -0.455743 -0.155186 0.270100 0.168600
5 -73.452118 -7.707522 220.514954 0.657294 -0.750552 -0.068090 0.244400 0.136700
5 -76.059036 -6.713390 216.330246 0.239754 -0.805616 -0.541757 0.310100 0.136600
ConmocionLance.jpg
5 -73.667267 -2.940653 224.921204 0.949123 -0.187677 0.252867 0.173300 0.158700
5 -74.917892 -3.118714 227.458130 0.857908 -0.322089 0.400315 0.136700 0.137900
5 -74.639275 -7.883284 223.027512 0.686185 -0.669465 0.284547 0.210800 0.111800
ConmocionLance.jpg
5 -74.639275 -7.883284 223.027512 0.686185 -0.669465 0.284547 0.210800 0.111800
5 -73.452118 -7.707522 220.514954 0.657294 -0.750552 -0.068090 0.244400 0.136700
5 -73.667267 -2.940653 224.921204 0.949123 -0.187677 0.252867 0.173300 0.158700
ConmocionLance.jpg
5 -73.452118 -7.707522 220.514954 0.657294 -0.750552 -0.068090 0.244400 0.136700
5 -74.639275 -7.883284 223.027512 0.686185 -0.669465 0.284547 0.210800 0.111800
5 -78.347717 -7.342495 219.097778 -0.630450 -0.776140 -0.011777 0.277800 0.090800
ConmocionLance.jpg
5 -78.347717 -7.342495 219.097778 -0.630450 -0.776140 -0.011777 0.277800 0.090800
5 -78.071899 -7.416430 216.928223 -0.225041 -0.908332 -0.352547 0.306600 0.110900
5 -73.452118 -7.707522 220.514954 0.657294 -0.750552 -0.068090 0.244400 0.136700
ConmocionLance.jpg
5 -77.054596 -11.987925 186.848129 0.331792 -0.943291 0.010799 0.849200 0.148300
5 -78.227783 -12.007074 188.211288 -0.613806 -0.701035 0.363032 0.840500 0.129700
5 -78.082436 -12.429121 184.219818 -0.282730 -0.956433 -0.072801 0.885600 0.153800
ConmocionLance.jpg
5 -50.191723 4.651413 119.493576 0.991217 0.101329 -0.084976 0.595500 0.377000
5 -49.808628 -0.229312 122.264076 0.779298 -0.526853 0.339293 0.632400 0.343700
5 -50.746407 -2.953457 110.544830 0.731261 -0.645903 -0.219241 0.679600 0.481800
ConmocionLance.jpg
5 -50.746407 -2.953457 110.544830 0.731261 -0.645903 -0.219241 0.679600 0.481800
5 -52.057072 0.798526 107.558670 0.899021 -0.330429 -0.287363 0.660500 0.515800
5 -50.191723 4.651413 119.493576 0.991217 0.101329 -0.084976 0.595500 0.377000
ConmocionLance.jpg
5 -52.057072 0.798526 107.558670 0.899021 -0.330429 -0.287363 0.660500 0.515800
5 -50.746407 -2.953457 110.544830 0.731261 -0.645903 -0.219241 0.679600 0.481800
5 -56.085209 0.555973 98.138275 0.530293 -0.782416 -0.326519 0.714900 0.633800
ConmocionLance.jpg
5 -56.085209 0.555973 98.138275 0.530293 -0.782416 -0.326519 0.714900 0.633800
5 -50.746407 -2.953457 110.544830 0.731261 -0.645903 -0.219241 0.679600 0.481800
5 -58.240059 -1.161391 102.457153 0.005695 -0.975176 -0.221356 0.735700 0.565700
ConmocionLance.jpg
5 -50.191723 4.651413 119.493576 0.991217 0.101329 -0.084976 0.595500 0.377000
5 -51.020500 10.166952 126.335274 0.682500 0.729489 -0.045167 0.544000 0.294700
5 -49.808628 -0.229312 122.264076 0.779298 -0.526853 0.339293 0.632400 0.343700
ConmocionLance.jpg
5 -58.220810 7.937747 136.843781 0.454320 0.062425 0.888649 0.608000 0.159200
5 -55.069664 -0.868853 125.401299 0.347874 -0.842329 0.411662 0.676300 0.296900
5 -49.808628 -0.229312 122.264076 0.779298 -0.526853 0.339293 0.632400 0.343700
ConmocionLance.jpg
5 -49.808628 -0.229312 122.264076 0.779298 -0.526853 0.339293 0.632400 0.343700
5 -55.069664 -0.868853 125.401299 0.347874 -0.842329 0.411662 0.676300 0.296900
5 -55.422180 -2.894196 114.107941 0.088679 -0.992214 0.087452 0.712000 0.431000
ConmocionLance.jpg
5 -55.422180 -2.894196 114.107941 0.088679 -0.992214 0.087452 0.712000 0.431000
5 -50.746407 -2.953457 110.544830 0.731261 -0.645903 -0.219241 0.679600 0.481800
5 -49.808628 -0.229312 122.264076 0.779298 -0.526853 0.339293 0.632400 0.343700
ConmocionLance.jpg
5 -53.876247 10.683500 134.753571 0.640242 0.388726 0.662557 0.722100 0.907600
5 -66.261024 11.567724 135.179398 -0.374509 0.926921 -0.023684 0.668500 0.845400
5 -58.220810 7.937747 136.843781 0.454320 0.062425 0.888649 0.699900 0.855000
ConmocionLance.jpg
5 -51.020500 10.166952 126.335274 0.682500 0.729489 -0.045167 0.671100 0.988800
5 -63.553024 9.954325 130.919479 -0.432616 0.717010 -0.546571 0.637900 0.887300
5 -66.261024 11.567724 135.179398 -0.374509 0.926921 -0.023684 0.668500 0.845400
ConmocionLance.jpg
5 -66.261024 11.567724 135.179398 -0.374509 0.926921 -0.023684 0.668500 0.845400
5 -63.553024 9.954325 130.919479 -0.432616 0.717010 -0.546571 0.637900 0.887300
5 -70.410744 0.809222 130.898026 -0.860883 0.181653 -0.475271 0.559000 0.778100
ConmocionLance.jpg
5 -70.410744 0.809222 130.898026 -0.860883 0.181653 -0.475271 0.559000 0.778100
5 -74.083763 2.755118 138.821793 -0.927213 0.260914 -0.268702 0.609900 0.710100
5 -66.261024 11.567724 135.179398 -0.374509 0.926921 -0.023684 0.668500 0.845400
ConmocionLance.jpg
5 -68.946625 8.539303 140.430862 -0.499881 0.820233 0.278094 0.680200 0.772500
5 -66.261024 11.567724 135.179398 -0.374509 0.926921 -0.023684 0.668500 0.845400
5 -74.083763 2.755118 138.821793 -0.927213 0.260914 -0.268702 0.609900 0.710100
ConmocionLance.jpg
5 -71.817642 -10.853205 138.849487 -0.730942 -0.526646 -0.434014 0.536700 0.613700
5 -75.177902 -13.432482 146.264496 -0.701061 -0.639394 -0.315737 0.590800 0.512100
5 -74.083763 2.755118 138.821793 -0.927213 0.260914 -0.268702 0.609900 0.710100
ConmocionLance.jpg
5 -74.083763 2.755118 138.821793 -0.927213 0.260914 -0.268702 0.609900 0.710100
5 -75.177902 -13.432482 146.264496 -0.701061 -0.639394 -0.315737 0.590800 0.512100
5 -75.921928 -0.905123 145.832184 -0.974967 0.182991 -0.126306 0.649300 0.606200
ConmocionLance.jpg
5 -70.410744 0.809222 130.898026 -0.860883 0.181653 -0.475271 0.559000 0.778100
5 -68.570473 -8.704790 129.317093 -0.155523 -0.900106 -0.406968 0.492600 0.736600
5 -71.817642 -10.853205 138.849487 -0.730942 -0.526646 -0.434014 0.536700 0.613700
ConmocionLance.jpg
5 -68.630867 -2.615578 207.460983 0.926486 0.186025 0.327137 0.548100 0.110400
5 -68.322960 -2.614600 205.162109 0.962967 0.006297 0.269546 0.563600 0.134500
5 -76.808006 1.040709 209.939590 -0.367806 0.903709 -0.219153 0.447000 0.106200
ConmocionLance.jpg
5 -68.630867 -2.615578 207.460983 0.926486 0.186025 0.327137 0.548100 0.110400
5 -76.808006 1.040709 209.939590 -0.367806 0.903709 -0.219153 0.447000 0.106200
5 -76.792839 1.333551 211.840744 0.056000 0.980208 0.189887 0.436400 0.084700
ConmocionLance.jpg
5 -76.808006 1.040709 209.939590 -0.367806 0.903709 -0.219153 0.447000 0.106200
5 -79.003891 -5.066405 214.815781 -0.865911 -0.357583 -0.349761 0.350600 0.108000
5 -79.111488 -1.816960 215.065063 -0.975967 0.177132 -0.126937 0.375000 0.085600
ConmocionLance.jpg
5 -79.003891 -5.066405 214.815781 -0.865911 -0.357583 -0.349761 0.350600 0.108000
5 -78.071899 -7.416430 216.928223 -0.225041 -0.908332 -0.352547 0.306600 0.110900
5 -78.347717 -7.342495 219.097778 -0.630450 -0.776140 -0.011777 0.277800 0.090800
ConmocionLance.jpg
5 -55.638329 8.966297 169.737381 0.733213 0.674085 0.089484 0.178000 0.342000
5 -57.349533 -6.199958 168.065567 0.871638 -0.402543 0.279653 0.336700 0.349200
5 -57.031971 -0.131278 159.189972 0.987074 -0.158391 -0.024443 0.293100 0.449000
ConmocionLance.jpg
5 -59.117649 6.110732 176.143845 0.596829 0.314465 0.738178 0.201700 0.243100
5 -64.390892 1.050175 180.811905 0.622834 0.069787 0.779235 0.312700 0.173700
5 -63.568802 -6.402880 174.537720 0.677060 -0.481801 0.556290 0.378600 0.231100
ConmocionLance.jpg
5 -78.071899 -7.416430 216.928223 -0.225041 -0.908332 -0.352547 0.306600 0.110900
5 -79.003891 -5.066405 214.815781 -0.865911 -0.357583 -0.349761 0.350600 0.108000
5 -76.059036 -6.713390 216.330246 0.239754 -0.805616 -0.541757 0.310100 0.136600
ConmocionLance.jpg
5 -73.452118 -7.707522 220.514954 0.657294 -0.750552 -0.068090 0.244400 0.136700
5 -78.071899 -7.416430 216.928223 -0.225041 -0.908332 -0.352547 0.306600 0.110900
5 -76.059036 -6.713390 216.330246 0.239754 -0.805616 -0.541757 0.310100 0.136600
ConmocionLance.jpg
5 -78.347717 -7.342495 219.097778 -0.630450 -0.776140 -0.011777 0.277800 0.090800
5 -79.111488 -1.816960 215.065063 -0.975967 0.177132 -0.126937 0.375000 0.085600
5 -79.003891 -5.066405 214.815781 -0.865911 -0.357583 -0.349761 0.350600 0.108000
ConmocionLance.jpg
5 -79.111488 -1.816960 215.065063 -0.975967 0.177132 -0.126937 0.375000 0.085600
5 -76.792839 1.333551 211.840744 0.056000 0.980208 0.189887 0.436400 0.084700
5 -76.808006 1.040709 209.939590 -0.367806 0.903709 -0.219153 0.447000 0.106200
ConmocionLance.jpg
5 -76.792839 1.333551 211.840744 0.056000 0.980208 0.189887 0.436400 0.084700
5 -69.755699 -3.560651 209.381226 0.869286 -0.032433 0.493244 0.534100 0.082900
5 -68.630867 -2.615578 207.460983 0.926486 0.186025 0.327137 0.548100 0.110400
ConmocionLance.jpg
5 -66.261024 11.567724 135.179398 -0.374509 0.926921 -0.023684 0.668500 0.845400
5 -68.946625 8.539303 140.430862 -0.499881 0.820233 0.278094 0.680200 0.772500
5 -58.220810 7.937747 136.843781 0.454320 0.062425 0.888649 0.699900 0.855000
ConmocionLance.jpg
5 -75.177902 -13.432482 146.264496 -0.701061 -0.639394 -0.315737 0.590800 0.512100
5 -76.644814 -13.945705 153.716766 -0.752953 -0.629573 -0.191569 0.597200 0.415900
5 -75.921928 -0.905123 145.832184 -0.974967 0.182991 -0.126306 0.649300 0.606200
ConmocionLance.jpg
5 -74.083763 2.755118 138.821793 -0.927213 0.260914 -0.268702 0.609900 0.710100
5 -75.921928 -0.905123 145.832184 -0.974967 0.182991 -0.126306 0.649300 0.606200
5 -68.946625 8.539303 140.430862 -0.499881 0.820233 0.278094 0.680200 0.772500
ConmocionLance.jpg
5 -59.540825 -8.942413 147.727448 -0.761604 0.613902 0.207568 0.403200 0.553900
5 -64.665443 -10.244019 137.506836 -0.218460 0.929416 0.297425 0.467800 0.648100
5 -67.035004 -15.703243 149.601807 -0.096943 0.965978 0.239766 0.524600 0.496600
ConmocionLance.jpg
5 -67.035004 -15.703243 149.601807 -0.096943 0.965978 0.239766 0.524600 0.496600
5 -61.041115 -14.809439 157.150711 -0.631542 0.774601 -0.033884 0.457500 0.430700
5 -59.540825 -8.942413 147.727448 -0.761604 0.613902 0.207568 0.403200 0.553900
ConmocionLance.jpg
5 -64.665443 -10.244019 137.506836 -0.218460 0.929416 0.297425 0.467800 0.648100
5 -68.569824 -8.650782 129.695160 0.769709 0.513609 0.379148 0.492600 0.736600
5 -71.778297 -10.771002 139.131775 0.482504 0.755343 0.443449 0.536700 0.613700
ConmocionLance.jpg
5 -71.778297 -10.771002 139.131775 0.482504 0.755343 0.443449 0.536700 0.613700
5 -67.035004 -15.703243 149.601807 -0.096943 0.965978 0.239766 0.524600 0.496600
5 -64.665443 -10.244019 137.506836 -0.218460 0.929416 0.297425 0.467800 0.648100
ConmocionLance.jpg
5 -71.778297 -10.771002 139.131775 0.482504 0.755343 0.443449 0.536700 0.613700
5 -75.097046 -13.316362 146.469055 0.773679 0.521464 0.359856 0.590800 0.512100
5 -67.035004 -15.703243 149.601807 -0.096943 0.965978 0.239766 0.524600 0.496600
ConmocionLance.jpg
5 -57.973267 -5.698054 168.037292 -0.847313 0.421180 -0.323524 0.336700 0.349200
5 -61.041115 -14.809439 157.150711 -0.631542 0.774601 -0.033884 0.457500 0.430700
5 -66.872986 -14.338673 165.349487 -0.418515 0.843099 -0.337681 0.491200 0.295600
ConmocionLance.jpg
5 -66.872986 -14.338673 165.349487 -0.418515 0.843099 -0.337681 0.491200 0.295600
5 -63.609589 -6.375885 174.490356 -0.708619 0.474542 -0.522177 0.378600 0.231100
5 -57.973267 -5.698054 168.037292 -0.847313 0.421180 -0.323524 0.336700 0.349200
ConmocionLance.jpg
5 -67.035004 -15.703243 149.601807 -0.096943 0.965978 0.239766 0.524600 0.496600
5 -75.097046 -13.316362 146.469055 0.773679 0.521464 0.359856 0.590800 0.512100
5 -76.549080 -13.824608 153.843918 0.583150 0.793880 0.172310 0.597200 0.415900
ConmocionLance.jpg
5 -76.549080 -13.824608 153.843918 0.583150 0.793880 0.172310 0.597200 0.415900
5 -72.329727 -15.506191 158.689682 0.033153 0.999294 -0.017682 0.564500 0.357900
5 -67.035004 -15.703243 149.601807 -0.096943 0.965978 0.239766 0.524600 0.496600
ConmocionLance.jpg
5 -59.227722 6.004063 176.094406 -0.611474 -0.306459 -0.729508 0.201700 0.243100
5 -57.973267 -5.698054 168.037292 -0.847313 0.421180 -0.323524 0.336700 0.349200
5 -63.609589 -6.375885 174.490356 -0.708619 0.474542 -0.522177 0.378600 0.231100
ConmocionLance.jpg
5 -57.145370 -0.158700 159.311707 -0.976892 0.213614 0.007106 0.293100 0.449000
5 -55.773033 8.844048 169.766022 -0.744051 -0.660862 -0.098236 0.178000 0.342000
5 -55.687248 8.287333 165.294006 -0.691832 -0.718036 0.076116 0.190200 0.390300
ConmocionLance.jpg
5 -57.973267 -5.698054 168.037292 -0.847313 0.421180 -0.323524 0.336700 0.349200
5 -59.227722 6.004063 176.094406 -0.611474 -0.306459 -0.729508 0.201700 0.243100
5 -55.773033 8.844048 169.766022 -0.744051 -0.660862 -0.098236 0.178000 0.342000
ConmocionLance.jpg
5 -57.145370 -0.158700 159.311707 -0.976892 0.213614 0.007106 0.293100 0.449000
5 -59.540825 -8.942413 147.727448 -0.761604 0.613902 0.207568 0.403200 0.553900
5 -61.041115 -14.809439 157.150711 -0.631542 0.774601 -0.033884 0.457500 0.430700
ConmocionLance.jpg
5 -61.041115 -14.809439 157.150711 -0.631542 0.774601 -0.033884 0.457500 0.430700
5 -57.973267 -5.698054 168.037292 -0.847313 0.421180 -0.323524 0.336700 0.349200
5 -57.145370 -0.158700 159.311707 -0.976892 0.213614 0.007106 0.293100 0.449000
ConmocionLance.jpg
5 -72.329727 -15.506191 158.689682 0.033153 0.999294 -0.017682 0.564500 0.357900
5 -66.872986 -14.338673 165.349487 -0.418515 0.843099 -0.337681 0.491200 0.295600
5 -61.041115 -14.809439 157.150711 -0.631542 0.774601 -0.033884 0.457500 0.430700
ConmocionLance.jpg
5 -61.041115 -14.809439 157.150711 -0.631542 0.774601 -0.033884 0.457500 0.430700
5 -67.035004 -15.703243 149.601807 -0.096943 0.965978 0.239766 0.524600 0.496600
5 -72.329727 -15.506191 158.689682 0.033153 0.999294 -0.017682 0.564500 0.357900
ConmocionLance.jpg
5 -55.773033 8.844048 169.766022 -0.744051 -0.660862 -0.098236 0.598000 0.933500
5 -72.893219 7.849860 173.155563 0.475278 -0.879771 0.010676 0.417600 0.872800
5 -68.430962 5.100183 165.763641 0.442766 -0.793180 0.418119 0.417500 0.982400
ConmocionLance.jpg
5 -68.430962 5.100183 165.763641 0.442766 -0.793180 0.418119 0.417500 0.982400
5 -55.687248 8.287333 165.294006 -0.691832 -0.718036 0.076116 0.582500 0.993200
5 -55.773033 8.844048 169.766022 -0.744051 -0.660862 -0.098236 0.598000 0.933500
ConmocionLance.jpg
5 -59.227722 6.004063 176.094406 -0.611474 -0.306459 -0.729508 0.568000 0.812700
5 -72.893219 7.849860 173.155563 0.475278 -0.879771 0.010676 0.417600 0.872800
5 -55.773033 8.844048 169.766022 -0.744051 -0.660862 -0.098236 0.598000 0.933500
ConmocionLance.jpg
5 -64.432167 1.011626 180.715973 -0.624093 -0.069817 -0.778224 0.427900 0.730600
5 -70.972816 2.719631 182.070740 0.135724 -0.803752 -0.579277 0.392400 0.754200
5 -59.227722 6.004063 176.094406 -0.611474 -0.306459 -0.729508 0.568000 0.812700
ConmocionLance.jpg
5 -59.227722 6.004063 176.094406 -0.611474 -0.306459 -0.729508 0.568000 0.812700
5 -70.972816 2.719631 182.070740 0.135724 -0.803752 -0.579277 0.392400 0.754200
5 -72.893219 7.849860 173.155563 0.475278 -0.879771 0.010676 0.417600 0.872800
ConmocionLance.jpg
5 -72.893219 7.849860 173.155563 0.475278 -0.879771 0.010676 0.417600 0.872800
5 -79.693764 -0.554579 179.954102 0.950232 -0.293028 -0.105804 0.267300 0.740100
5 -78.127625 -5.509801 174.909729 0.901642 -0.109696 0.418341 0.217400 0.808700
ConmocionLance.jpg
5 -78.127625 -5.509801 174.909729 0.901642 -0.109696 0.418341 0.217400 0.808700
5 -68.430962 5.100183 165.763641 0.442766 -0.793180 0.418119 0.417500 0.982400
5 -72.893219 7.849860 173.155563 0.475278 -0.879771 0.010676 0.417600 0.872800
ConmocionLance.jpg
5 -70.972816 2.719631 182.070740 0.135724 -0.803752 -0.579277 0.392400 0.754200
5 -75.945168 -0.625687 185.471985 0.734244 -0.510013 -0.448076 0.310500 0.662500
5 -79.693764 -0.554579 179.954102 0.950232 -0.293028 -0.105804 0.267300 0.740100
ConmocionLance.jpg
5 -79.693764 -0.554579 179.954102 0.950232 -0.293028 -0.105804 0.267300 0.740100
5 -72.893219 7.849860 173.155563 0.475278 -0.879771 0.010676 0.417600 0.872800
5 -70.972816 2.719631 182.070740 0.135724 -0.803752 -0.579277 0.392400 0.754200
ConmocionLance.jpg
5 -79.693764 -0.554579 179.954102 0.950232 -0.293028 -0.105804 0.267300 0.740100
5 -77.797142 -11.032270 179.944702 0.767096 0.613024 0.189120 0.160300 0.721300
5 -78.127625 -5.509801 174.909729 0.901642 -0.109696 0.418341 0.217400 0.808700
ConmocionLance.jpg
5 -79.693764 -0.554579 179.954102 0.950232 -0.293028 -0.105804 0.267300 0.740100
5 -78.121643 -11.723684 188.052200 0.656918 0.669250 -0.347222 0.159800 0.599300
5 -78.008621 -11.909372 184.098999 0.376814 0.922454 0.084199 0.151700 0.658100
ConmocionLance.jpg
5 -75.945168 -0.625687 185.471985 0.734244 -0.510013 -0.448076 0.310500 0.662500
5 -74.245621 -10.201207 194.885437 0.184645 0.933725 -0.306697 0.226800 0.501300
5 -78.121643 -11.723684 188.052200 0.656918 0.669250 -0.347222 0.159800 0.599300
ConmocionLance.jpg
5 -78.121643 -11.723684 188.052200 0.656918 0.669250 -0.347222 0.159800 0.599300
5 -79.693764 -0.554579 179.954102 0.950232 -0.293028 -0.105804 0.267300 0.740100
5 -75.945168 -0.625687 185.471985 0.734244 -0.510013 -0.448076 0.310500 0.662500
ConmocionLance.jpg
5 -77.797142 -11.032270 179.944702 0.767096 0.613024 0.189120 0.160300 0.721300
5 -79.693764 -0.554579 179.954102 0.950232 -0.293028 -0.105804 0.267300 0.740100
5 -78.008621 -11.909372 184.098999 0.376814 0.922454 0.084199 0.151700 0.658100
ConmocionLance.jpg
5 -68.353722 -2.616602 205.045883 -0.963477 -0.008062 -0.267671 0.563600 0.134500
5 -67.828163 -7.461647 197.414795 -0.639662 0.764343 -0.081322 0.668000 0.168100
5 -69.977325 -8.968927 199.319000 -0.552306 0.804540 -0.218345 0.668700 0.125500
ConmocionLance.jpg
5 -69.977325 -8.968927 199.319000 -0.552306 0.804540 -0.218345 0.668700 0.125500
5 -68.656624 -2.614985 207.324585 -0.921887 -0.171953 -0.347212 0.548100 0.110400
5 -68.353722 -2.616602 205.045883 -0.963477 -0.008062 -0.267671 0.563600 0.134500
ConmocionLance.jpg
5 -67.828163 -7.461647 197.414795 -0.639662 0.764343 -0.081322 0.668000 0.168100
5 -71.893478 -9.598957 192.248383 -0.489457 0.867984 0.083881 0.753500 0.168300
5 -72.840523 -10.435101 193.586914 -0.314202 0.948436 -0.041782 0.748100 0.144600
ConmocionLance.jpg
5 -72.840523 -10.435101 193.586914 -0.314202 0.948436 -0.041782 0.748100 0.144600
5 -69.977325 -8.968927 199.319000 -0.552306 0.804540 -0.218345 0.668700 0.125500
5 -67.828163 -7.461647 197.414795 -0.639662 0.764343 -0.081322 0.668000 0.168100
ConmocionLance.jpg
5 -68.656624 -2.614985 207.324585 -0.921887 -0.171953 -0.347212 0.548100 0.110400
5 -69.977325 -8.968927 199.319000 -0.552306 0.804540 -0.218345 0.668700 0.125500
5 -72.872147 -9.751156 201.103485 -0.543375 0.806106 -0.234386 0.668500 0.084100
ConmocionLance.jpg
5 -72.872147 -9.751156 201.103485 -0.543375 0.806106 -0.234386 0.668500 0.084100
5 -69.742027 -3.550550 209.015015 -0.856801 0.071268 -0.510698 0.534100 0.082900
5 -68.656624 -2.614985 207.324585 -0.921887 -0.171953 -0.347212 0.548100 0.110400
ConmocionLance.jpg
5 -69.977325 -8.968927 199.319000 -0.552306 0.804540 -0.218345 0.668700 0.125500
5 -72.840523 -10.435101 193.586914 -0.314202 0.948436 -0.041782 0.748100 0.144600
5 -74.245621 -10.201207 194.885437 0.184645 0.933725 -0.306697 0.739800 0.123900
ConmocionLance.jpg
5 -74.245621 -10.201207 194.885437 0.184645 0.933725 -0.306697 0.739800 0.123900
5 -72.872147 -9.751156 201.103485 -0.543375 0.806106 -0.234386 0.668500 0.084100
5 -69.977325 -8.968927 199.319000 -0.552306 0.804540 -0.218345 0.668700 0.125500
ConmocionLance.jpg
5 -71.893478 -9.598957 192.248383 -0.489457 0.867984 0.083881 0.753500 0.168300
5 -76.056137 -11.388641 185.551758 -0.348176 0.934711 0.071340 0.855600 0.168700
5 -77.112282 -11.789490 186.775101 -0.263027 0.964780 0.003933 0.849200 0.148300
ConmocionLance.jpg
5 -77.112282 -11.789490 186.775101 -0.263027 0.964780 0.003933 0.849200 0.148300
5 -72.840523 -10.435101 193.586914 -0.314202 0.948436 -0.041782 0.748100 0.144600
5 -71.893478 -9.598957 192.248383 -0.489457 0.867984 0.083881 0.753500 0.168300
ConmocionLance.jpg
5 -72.840523 -10.435101 193.586914 -0.314202 0.948436 -0.041782 0.748100 0.144600
5 -77.112282 -11.789490 186.775101 -0.263027 0.964780 0.003933 0.849200 0.148300
5 -78.121643 -11.723684 188.052200 0.656918 0.669250 -0.347222 0.840500 0.129700
ConmocionLance.jpg
5 -78.121643 -11.723684 188.052200 0.656918 0.669250 -0.347222 0.840500 0.129700
5 -74.245621 -10.201207 194.885437 0.184645 0.933725 -0.306697 0.739800 0.123900
5 -72.840523 -10.435101 193.586914 -0.314202 0.948436 -0.041782 0.748100 0.144600
ConmocionLance.jpg
5 -76.056137 -11.388641 185.551758 -0.348176 0.934711 0.071340 0.855600 0.168700
5 -77.797142 -11.032270 179.944702 0.767096 0.613024 0.189120 0.920700 0.168900
5 -78.008621 -11.909372 184.098999 0.376814 0.922454 0.084199 0.885600 0.153800
ConmocionLance.jpg
5 -78.008621 -11.909372 184.098999 0.376814 0.922454 0.084199 0.885600 0.153800
5 -77.112282 -11.789490 186.775101 -0.263027 0.964780 0.003933 0.849200 0.148300
5 -76.056137 -11.388641 185.551758 -0.348176 0.934711 0.071340 0.855600 0.168700
ConmocionLance.jpg
5 -73.928795 -2.653928 222.337051 -0.995799 -0.054194 -0.073812 0.208600 0.173200
5 -73.060631 -6.008755 218.346375 -0.879608 0.451945 0.148445 0.270100 0.168600
5 -73.524345 -7.629803 220.533966 -0.649670 0.757581 0.063246 0.244400 0.136700
ConmocionLance.jpg
5 -73.524345 -7.629803 220.533966 -0.649670 0.757581 0.063246 0.244400 0.136700
5 -73.736229 -2.908292 224.920547 -0.943527 0.202518 -0.262189 0.173300 0.158700
5 -73.928795 -2.653928 222.337051 -0.995799 -0.054194 -0.073812 0.208600 0.173200
ConmocionLance.jpg
5 -73.060631 -6.008755 218.346375 -0.879608 0.451945 0.148445 0.270100 0.168600
5 -76.038689 -6.670868 216.314880 -0.222425 0.822672 0.523199 0.310100 0.136600
5 -73.524345 -7.629803 220.533966 -0.649670 0.757581 0.063246 0.244400 0.136700
ConmocionLance.jpg
5 -73.736229 -2.908292 224.920547 -0.943527 0.202518 -0.262189 0.173300 0.158700
5 -73.524345 -7.629803 220.533966 -0.649670 0.757581 0.063246 0.244400 0.136700
5 -74.575150 -7.844423 222.530884 -0.674907 0.683454 -0.278193 0.210800 0.111800
ConmocionLance.jpg
5 -74.575150 -7.844423 222.530884 -0.674907 0.683454 -0.278193 0.210800 0.111800
5 -74.975296 -3.081893 227.392288 -0.850260 0.339314 -0.402398 0.136700 0.137900
5 -73.736229 -2.908292 224.920547 -0.943527 0.202518 -0.262189 0.173300 0.158700
ConmocionLance.jpg
5 -73.524345 -7.629803 220.533966 -0.649670 0.757581 0.063246 0.244400 0.136700
5 -77.989433 -7.307987 216.994217 0.249887 0.909338 0.332656 0.306600 0.110900
5 -78.243355 -7.220321 219.098816 0.637883 0.769835 0.021456 0.277800 0.090800
ConmocionLance.jpg
5 -78.243355 -7.220321 219.098816 0.637883 0.769835 0.021456 0.277800 0.090800
5 -74.575150 -7.844423 222.530884 -0.674907 0.683454 -0.278193 0.210800 0.111800
5 -73.524345 -7.629803 220.533966 -0.649670 0.757581 0.063246 0.244400 0.136700
ConmocionLance.jpg
5 -77.112282 -11.789490 186.775101 -0.263027 0.964780 0.003933 0.849200 0.148300
5 -78.008621 -11.909372 184.098999 0.376814 0.922454 0.084199 0.885600 0.153800
5 -78.121643 -11.723684 188.052200 0.656918 0.669250 -0.347222 0.840500 0.129700
ConmocionLance.jpg
5 -50.442532 4.645420 119.978310 -0.998503 0.047482 0.027137 0.595500 0.377000
5 -52.289463 0.828938 108.157761 -0.735111 0.644647 0.209862 0.660500 0.515800
5 -51.793266 -2.150325 111.008240 -0.724889 0.666943 0.172403 0.679600 0.481800
ConmocionLance.jpg
5 -51.793266 -2.150325 111.008240 -0.724889 0.666943 0.172403 0.679600 0.481800
5 -50.864491 0.547683 122.615158 -0.814679 0.508522 -0.278752 0.632400 0.343700
5 -50.442532 4.645420 119.978310 -0.998503 0.047482 0.027137 0.595500 0.377000
ConmocionLance.jpg
5 -52.289463 0.828938 108.157761 -0.735111 0.644647 0.209862 0.660500 0.515800
5 -56.054478 0.610943 98.310722 -0.261675 0.961937 0.078756 0.713600 0.639700
5 -56.203945 0.526333 98.847694 -0.520692 0.806777 0.279269 0.714900 0.633800
ConmocionLance.jpg
5 -56.203945 0.526333 98.847694 -0.520692 0.806777 0.279269 0.714900 0.633800
5 -51.793266 -2.150325 111.008240 -0.724889 0.666943 0.172403 0.679600 0.481800
5 -52.289463 0.828938 108.157761 -0.735111 0.644647 0.209862 0.660500 0.515800
ConmocionLance.jpg
5 -51.793266 -2.150325 111.008240 -0.724889 0.666943 0.172403 0.679600 0.481800
5 -56.203945 0.526333 98.847694 -0.520692 0.806777 0.279269 0.714900 0.633800
5 -58.339970 -1.178082 103.115013 -0.115246 0.969782 0.215038 0.735700 0.565700
ConmocionLance.jpg
5 -58.339970 -1.178082 103.115013 -0.115246 0.969782 0.215038 0.735700 0.565700
5 -55.617825 -2.832577 114.644913 -0.262739 0.962739 -0.064053 0.712000 0.431000
5 -51.793266 -2.150325 111.008240 -0.724889 0.666943 0.172403 0.679600 0.481800
ConmocionLance.jpg
5 -51.190289 10.040932 126.764175 -0.715996 -0.694944 -0.066354 0.544000 0.294700
5 -50.442532 4.645420 119.978310 -0.998503 0.047482 0.027137 0.595500 0.377000
5 -50.864491 0.547683 122.615158 -0.814679 0.508522 -0.278752 0.632400 0.343700
ConmocionLance.jpg
5 -50.864491 0.547683 122.615158 -0.814679 0.508522 -0.278752 0.632400 0.343700
5 -54.616360 10.371490 134.326431 -0.689491 -0.118313 -0.714566 0.555100 0.189100
5 -51.190289 10.040932 126.764175 -0.715996 -0.694944 -0.066354 0.544000 0.294700
ConmocionLance.jpg
5 -54.616360 10.371490 134.326431 -0.689491 -0.118313 -0.714566 0.555100 0.189100
5 -50.864491 0.547683 122.615158 -0.814679 0.508522 -0.278752 0.632400 0.343700
5 -55.268700 -0.826664 125.830093 -0.584372 0.661180 -0.470478 0.676300 0.296900
ConmocionLance.jpg
5 -55.268700 -0.826664 125.830093 -0.584372 0.661180 -0.470478 0.676300 0.296900
5 -58.208931 7.844065 136.403641 -0.429745 -0.348241 -0.833095 0.608000 0.159200
5 -54.616360 10.371490 134.326431 -0.689491 -0.118313 -0.714566 0.555100 0.189100
ConmocionLance.jpg
5 -50.864491 0.547683 122.615158 -0.814679 0.508522 -0.278752 0.632400 0.343700
5 -51.793266 -2.150325 111.008240 -0.724889 0.666943 0.172403 0.679600 0.481800
5 -55.617825 -2.832577 114.644913 -0.262739 0.962739 -0.064053 0.712000 0.431000
ConmocionLance.jpg
5 -55.617825 -2.832577 114.644913 -0.262739 0.962739 -0.064053 0.712000 0.431000
5 -55.268700 -0.826664 125.830093 -0.584372 0.661180 -0.470478 0.676300 0.296900
5 -50.864491 0.547683 122.615158 -0.814679 0.508522 -0.278752 0.632400 0.343700
ConmocionLance.jpg
5 -54.616360 10.371490 134.326431 -0.689491 -0.118313 -0.714566 0.722100 0.907600
5 -58.208931 7.844065 136.403641 -0.429745 -0.348241 -0.833095 0.699900 0.855000
5 -65.846695 11.053740 135.390640 0.372128 -0.928157 0.006696 0.668500 0.845400
ConmocionLance.jpg
5 -51.190289 10.040932 126.764175 -0.715996 -0.694944 -0.066354 0.671100 0.988800
5 -54.616360 10.371490 134.326431 -0.689491 -0.118313 -0.714566 0.722100 0.907600
5 -65.846695 11.053740 135.390640 0.372128 -0.928157 0.006696 0.668500 0.845400
ConmocionLance.jpg
5 -65.846695 11.053740 135.390640 0.372128 -0.928157 0.006696 0.668500 0.845400
5 -63.606087 9.833406 131.303970 0.439974 -0.765339 0.469766 0.637900 0.887300
5 -51.190289 10.040932 126.764175 -0.715996 -0.694944 -0.066354 0.671100 0.988800
ConmocionLance.jpg
5 -65.846695 11.053740 135.390640 0.372128 -0.928157 0.006696 0.668500 0.845400
5 -73.558556 2.266394 139.181992 0.929316 -0.197542 0.312009 0.609900 0.710100
5 -70.395050 0.776221 131.262634 0.836827 -0.313528 0.448799 0.559000 0.778100
ConmocionLance.jpg
5 -70.395050 0.776221 131.262634 0.836827 -0.313528 0.448799 0.559000 0.778100
5 -63.606087 9.833406 131.303970 0.439974 -0.765339 0.469766 0.637900 0.887300
5 -65.846695 11.053740 135.390640 0.372128 -0.928157 0.006696 0.668500 0.845400
ConmocionLance.jpg
5 -68.874878 8.441999 140.206299 0.544035 -0.819578 -0.179770 0.680200 0.772500
5 -73.558556 2.266394 139.181992 0.929316 -0.197542 0.312009 0.609900 0.710100
5 -65.846695 11.053740 135.390640 0.372128 -0.928157 0.006696 0.668500 0.845400
ConmocionLance.jpg
5 -71.778297 -10.771002 139.131775 0.482504 0.755343 0.443449 0.536700 0.613700
5 -73.558556 2.266394 139.181992 0.929316 -0.197542 0.312009 0.609900 0.710100
5 -75.097046 -13.316362 146.469055 0.773679 0.521464 0.359856 0.590800 0.512100
ConmocionLance.jpg
5 -73.558556 2.266394 139.181992 0.929316 -0.197542 0.312009 0.609900 0.710100
5 -75.850548 -0.919564 146.046082 0.967775 -0.166985 0.188488 0.649300 0.606200
5 -75.097046 -13.316362 146.469055 0.773679 0.521464 0.359856 0.590800 0.512100
ConmocionLance.jpg
5 -68.569824 -8.650782 129.695160 0.769709 0.513609 0.379148 0.492600 0.736600
5 -70.395050 0.776221 131.262634 0.836827 -0.313528 0.448799 0.559000 0.778100
5 -73.558556 2.266394 139.181992 0.929316 -0.197542 0.312009 0.609900 0.710100
ConmocionLance.jpg
5 -73.558556 2.266394 139.181992 0.929316 -0.197542 0.312009 0.609900 0.710100
5 -71.778297 -10.771002 139.131775 0.482504 0.755343 0.443449 0.536700 0.613700
5 -68.569824 -8.650782 129.695160 0.769709 0.513609 0.379148 0.492600 0.736600
ConmocionLance.jpg
5 -68.656624 -2.614985 207.324585 -0.921887 -0.171953 -0.347212 0.548100 0.110400
5 -76.789909 0.828302 209.931885 0.383703 -0.898798 0.211976 0.447000 0.106200
5 -68.353722 -2.616602 205.045883 -0.963477 -0.008062 -0.267671 0.563600 0.134500
ConmocionLance.jpg
5 -68.656624 -2.614985 207.324585 -0.921887 -0.171953 -0.347212 0.548100 0.110400
5 -76.774857 1.118406 211.814911 -0.043080 -0.976086 -0.213074 0.436400 0.084700
5 -76.789909 0.828302 209.931885 0.383703 -0.898798 0.211976 0.447000 0.106200
ConmocionLance.jpg
5 -76.789909 0.828302 209.931885 0.383703 -0.898798 0.211976 0.447000 0.106200
5 -78.979836 -1.917138 215.054489 0.977146 -0.174023 0.122070 0.375000 0.085600
5 -78.877747 -4.957564 214.799805 0.873252 0.355074 0.333696 0.350600 0.108000
ConmocionLance.jpg
5 -78.877747 -4.957564 214.799805 0.873252 0.355074 0.333696 0.350600 0.108000
5 -78.243355 -7.220321 219.098816 0.637883 0.769835 0.021456 0.277800 0.090800
5 -77.989433 -7.307987 216.994217 0.249887 0.909338 0.332656 0.306600 0.110900
ConmocionLance.jpg
5 -55.773033 8.844048 169.766022 -0.744051 -0.660862 -0.098236 0.178000 0.342000
5 -57.145370 -0.158700 159.311707 -0.976892 0.213614 0.007106 0.293100 0.449000
5 -57.973267 -5.698054 168.037292 -0.847313 0.421180 -0.323524 0.336700 0.349200
ConmocionLance.jpg
5 -59.227722 6.004063 176.094406 -0.611474 -0.306459 -0.729508 0.201700 0.243100
5 -63.609589 -6.375885 174.490356 -0.708619 0.474542 -0.522177 0.378600 0.231100
5 -64.432167 1.011626 180.715973 -0.624093 -0.069817 -0.778224 0.312700 0.173700
ConmocionLance.jpg
5 -77.989433 -7.307987 216.994217 0.249887 0.909338 0.332656 0.306600 0.110900
5 -76.038689 -6.670868 216.314880 -0.222425 0.822672 0.523199 0.310100 0.136600
5 -78.877747 -4.957564 214.799805 0.873252 0.355074 0.333696 0.350600 0.108000
ConmocionLance.jpg
5 -73.524345 -7.629803 220.533966 -0.649670 0.757581 0.063246 0.244400 0.136700
5 -76.038689 -6.670868 216.314880 -0.222425 0.822672 0.523199 0.310100 0.136600
5 -77.989433 -7.307987 216.994217 0.249887 0.909338 0.332656 0.306600 0.110900
ConmocionLance.jpg
5 -78.243355 -7.220321 219.098816 0.637883 0.769835 0.021456 0.277800 0.090800
5 -78.877747 -4.957564 214.799805 0.873252 0.355074 0.333696 0.350600 0.108000
5 -78.979836 -1.917138 215.054489 0.977146 -0.174023 0.122070 0.375000 0.085600
ConmocionLance.jpg
5 -78.979836 -1.917138 215.054489 0.977146 -0.174023 0.122070 0.375000 0.085600
5 -76.789909 0.828302 209.931885 0.383703 -0.898798 0.211976 0.447000 0.106200
5 -76.774857 1.118406 211.814911 -0.043080 -0.976086 -0.213074 0.436400 0.084700
ConmocionLance.jpg
5 -76.774857 1.118406 211.814911 -0.043080 -0.976086 -0.213074 0.436400 0.084700
5 -68.656624 -2.614985 207.324585 -0.921887 -0.171953 -0.347212 0.548100 0.110400
5 -69.742027 -3.550550 209.015015 -0.856801 0.071268 -0.510698 0.534100 0.082900
ConmocionLance.jpg
5 -65.846695 11.053740 135.390640 0.372128 -0.928157 0.006696 0.668500 0.845400
5 -58.208931 7.844065 136.403641 -0.429745 -0.348241 -0.833095 0.699900 0.855000
5 -68.874878 8.441999 140.206299 0.544035 -0.819578 -0.179770 0.680200 0.772500
ConmocionLance.jpg
5 -75.097046 -13.316362 146.469055 0.773679 0.521464 0.359856 0.590800 0.512100
5 -75.850548 -0.919564 146.046082 0.967775 -0.166985 0.188488 0.649300 0.606200
5 -76.549080 -13.824608 153.843918 0.583150 0.793880 0.172310 0.597200 0.415900
ConmocionLance.jpg
5 -73.558556 2.266394 139.181992 0.929316 -0.197542 0.312009 0.609900 0.710100
5 -68.874878 8.441999 140.206299 0.544035 -0.819578 -0.179770 0.680200 0.772500
5 -75.850548 -0.919564 146.046082 0.967775 -0.166985 0.188488 0.649300 0.606200
ConmocionLance.jpg
5 -51.020500 10.166952 126.335274 0.682500 0.729489 -0.045167 0.544000 0.294700
5 -53.876247 10.683500 134.753571 0.640242 0.388726 0.662557 0.555100 0.189100
5 -49.808628 -0.229312 122.264076 0.779298 -0.526853 0.339293 0.632400 0.343700
ConmocionLance.jpg
5 -49.808628 -0.229312 122.264076 0.779298 -0.526853 0.339293 0.632400 0.343700
5 -53.876247 10.683500 134.753571 0.640242 0.388726 0.662557 0.555100 0.189100
5 -58.220810 7.937747 136.843781 0.454320 0.062425 0.888649 0.608000 0.159200
ConmocionLance.jpg
5 -66.261024 11.567724 135.179398 -0.374509 0.926921 -0.023684 0.668500 0.845400
5 -53.876247 10.683500 134.753571 0.640242 0.388726 0.662557 0.722100 0.907600
5 -51.020500 10.166952 126.335274 0.682500 0.729489 -0.045167 0.671100 0.988800
ConmocionLance.jpg
5 -67.038055 -15.819414 149.421387 0.119627 -0.959559 -0.254827 0.524600 0.496600
5 -71.817642 -10.853205 138.849487 -0.730942 -0.526646 -0.434014 0.536700 0.613700
5 -68.570473 -8.704790 129.317093 -0.155523 -0.900106 -0.406968 0.492600 0.736600
ConmocionLance.jpg
5 -68.570473 -8.704790 129.317093 -0.155523 -0.900106 -0.406968 0.492600 0.736600
5 -68.490562 -8.805410 129.705444 0.355188 -0.879708 -0.316158 0.492400 0.732200
5 -67.038055 -15.819414 149.421387 0.119627 -0.959559 -0.254827 0.524600 0.496600
ConmocionLance.jpg
5 -72.381310 -15.638855 158.616882 -0.085068 -0.996253 -0.015622 0.564500 0.357900
5 -76.644814 -13.945705 153.716766 -0.752953 -0.629573 -0.191569 0.597200 0.415900
5 -75.177902 -13.432482 146.264496 -0.701061 -0.639394 -0.315737 0.590800 0.512100
ConmocionLance.jpg
5 -60.994751 -14.904757 157.032394 0.528607 -0.848853 -0.004896 0.457500 0.430700
5 -67.038055 -15.819414 149.421387 0.119627 -0.959559 -0.254827 0.524600 0.496600
5 -64.629715 -10.314622 137.207153 0.433662 -0.848510 -0.303262 0.467800 0.648100
ConmocionLance.jpg
5 -60.994751 -14.904757 157.032394 0.528607 -0.848853 -0.004896 0.457500 0.430700
5 -66.871223 -14.446627 165.336609 0.384894 -0.857309 0.341873 0.491200 0.295600
5 -72.381310 -15.638855 158.616882 -0.085068 -0.996253 -0.015622 0.564500 0.357900
ConmocionLance.jpg
5 -71.817642 -10.853205 138.849487 -0.730942 -0.526646 -0.434014 0.536700 0.613700
5 -74.083763 2.755118 138.821793 -0.927213 0.260914 -0.268702 0.609900 0.710100
5 -70.410744 0.809222 130.898026 -0.860883 0.181653 -0.475271 0.559000 0.778100
ConmocionLance.jpg
5 -76.048325 -11.527897 185.604828 0.447747 -0.890519 -0.080615 0.855600 0.168700
5 -77.054596 -11.987925 186.848129 0.331792 -0.943291 0.010799 0.849200 0.148300
5 -78.082436 -12.429121 184.219818 -0.282730 -0.956433 -0.072801 0.885600 0.153800
ConmocionLance.jpg
5 -56.085209 0.555973 98.138275 0.530293 -0.782416 -0.326519 0.714900 0.633800
5 -54.621189 1.385293 92.882446 0.250702 -0.964554 -0.082364 0.702500 0.691700
5 -52.057072 0.798526 107.558670 0.899021 -0.330429 -0.287363 0.660500 0.515800
ConmocionLance.jpg
5 -50.746407 -2.953457 110.544830 0.731261 -0.645903 -0.219241 0.679600 0.481800
5 -55.422180 -2.894196 114.107941 0.088679 -0.992214 0.087452 0.712000 0.431000
5 -58.240059 -1.161391 102.457153 0.005695 -0.975176 -0.221356 0.735700 0.565700
ConmocionLance.jpg
5 -52.289463 0.828938 108.157761 -0.735111 0.644647 0.209862 0.660500 0.515800
5 -54.753162 1.347764 93.636261 -0.261709 0.961927 0.078769 0.702500 0.691700
5 -56.054478 0.610943 98.310722 -0.261675 0.961937 0.078756 0.713600 0.639700
ConmocionLance.jpg
5 -57.349533 -6.199958 168.065567 0.871638 -0.402543 0.279653 0.336700 0.349200
5 -60.994751 -14.904757 157.032394 0.528607 -0.848853 -0.004896 0.457500 0.430700
5 -59.460270 -8.994043 147.512726 0.910265 -0.389280 -0.140992 0.403200 0.553900
end
