version 1
nodes
0 "Bip01" -1
1 "Bip01 Footsteps" 0
2 "Bip01 Pelvis" 0
3 "Bip01 L Thigh" 2
4 "Bip01 L Calf" 3
5 "Bip01 L Foot" 4
6 "Bip01 L Toe0" 5
7 "Bip01 L Toe01" 6
8 "Bip01 L Toe02" 7
9 "Null 9" -1
10 "Bip01 R Thigh" 2
11 "Bip01 R Calf" 10
12 "Bip01 R Foot" 11
13 "Bip01 R Toe0" 12
14 "Bip01 R Toe01" 13
15 "Bip01 R Toe02" 14
16 "Null 16" -1
17 "Bip01 Spine" 2
18 "Bip01 Spine1" 17
19 "Bip01 Neck" 18
20 "Bip01 Head" 19
21 "Null 21" -1
22 "Box03" 20
23 "Box04" 22
24 "Bip01 R Clavicle" 19
25 "Bip01 R UpperArm" 24
26 "Bip01 R Forearm" 25
27 "Bip01 R Hand" 26
28 "Bip01 R Finger0" 27
29 "Bip01 R Finger01" 28
30 "Bip01 R Finger02" 29
31 "Null 31" -1
32 "Box08" 24
33 "Box09" 32
34 "Box10" 33
35 "Box11" 34
36 "Box12" 35
37 "Bip01 L Clavicle" 19
38 "Bip01 L UpperArm" 37
39 "Bip01 L Forearm" 38
40 "Bip01 L Hand" 39
41 "Bip01 L Finger0" 40
42 "Bip01 L Finger01" 41
43 "Bip01 L Finger02" 42
44 "Null 44" -1
45 "Box01" 37
46 "Box02" 45
47 "Box05" 46
48 "Box06" 47
49 "Box07" 48
50 "ewr" 2
end
skeleton
time 0
0 -0.225072 3.648597 89.087563 0.000000 0.000000 -1.570795
1 -0.000000 -0.000000 -89.012688 0.000000 0.000000 1.570795
2 -12.631578 -0.486115 0.000000 0.000000 -1.483529 -1.570795
3 -0.000014 0.000019 10.281537 -0.095166 -3.011326 -0.217173
4 57.833660 -0.000000 0.000002 -0.000000 0.000000 -1.199334
5 41.126141 -0.000000 0.000001 -0.051287 -0.192586 0.956613
6 11.591197 22.213261 0.000001 -0.000000 -0.000000 1.570796
7 4.161460 0.000000 -0.000002 0.000000 0.000000 0.000000
8 4.161459 0.000000 0.000001 0.000000 0.000000 0.000000
9 0.0 0.0 0.0 0.0 0.0 0.0
10 0.000014 -0.000011 -10.281537 0.292553 2.782780 -0.830709
11 57.833652 -0.000003 -0.000002 0.000000 0.000000 -1.256654
12 41.126141 -0.000001 0.000002 -0.111245 -0.062711 0.424471
13 11.591199 22.213259 0.000001 0.000000 0.000000 1.570796
14 4.161463 -0.000000 -0.000001 0.000000 0.000000 0.523599
15 4.161456 0.000002 0.000001 0.000000 0.000000 0.000000
16 0.0 0.0 0.0 0.0 0.0 0.0
17 3.590686 -0.008242 0.313425 0.021187 -0.121510 0.614185
18 12.699005 -0.021414 -0.002212 0.099680 0.062937 0.268737
19 27.984337 -0.007273 0.000000 -0.000001 -0.000002 0.815398
20 13.320760 -0.000006 0.000000 -0.121189 -0.097316 -1.517326
21 0.0 0.0 0.0 0.0 0.0 0.0
22 0.782557 8.800552 0.115179 0.000000 0.000030 -1.570794
23 -17.597874 -1.948088 -1.525802 0.000000 0.000000 0.000000
24 0.000004 0.010626 -9.133088 -1.071151 1.170538 1.289627
25 24.790308 0.000000 0.000003 0.736064 -0.598851 -0.624206
26 42.522392 -0.000002 -0.000000 -0.000000 -0.000000 -0.813909
27 29.671488 -0.000003 -0.000000 1.569921 -0.000000 0.000000
28 12.717155 -2.207697 -0.037936 0.000670 -0.000562 0.698131
29 5.726305 0.000000 -0.000001 -0.000000 0.000000 0.523599
30 5.726298 0.000000 -0.000000 0.000000 -0.000000 0.523599
31 0.0 0.0 0.0 0.0 0.0 0.0
32 21.251347 5.875727 -5.732551 1.270348 -3.131009 -1.037804
33 -31.702122 -1.096457 0.492827 -0.000000 0.959931 -0.000000
34 -30.644951 0.216289 -0.985440 0.000000 0.000000 0.523599
35 -15.820282 -0.434252 0.497698 -0.000000 0.000000 0.349066
36 -17.006533 -0.978975 -0.002437 0.000000 -0.000000 -0.000000
37 0.000005 0.010584 9.133088 1.071155 -1.170543 1.289623
38 24.790306 0.000001 0.000005 -0.658112 0.604016 -0.965875
39 42.522385 -0.000002 -0.000002 0.000000 0.000000 -0.596883
40 29.671492 0.000000 0.000000 -1.569921 -0.000000 -0.000000
41 12.717152 -2.207700 0.037935 -0.000670 0.000562 0.698131
42 5.726302 -0.000001 0.000004 0.000000 -0.000000 0.523599
43 5.726302 -0.000001 -0.000000 -0.000000 0.000000 0.523599
44 0.0 0.0 0.0 0.0 0.0 0.0
45 20.623093 6.852354 7.043077 0.697486 0.160544 -0.954908
46 31.575487 0.620258 0.492829 -0.000000 -0.610865 0.000000
47 30.971258 0.930375 0.494039 0.000000 -0.000000 -0.610865
48 15.321678 -1.085430 0.492616 0.000000 -0.000000 -0.261799
49 16.917147 -1.550606 -4.950782 -0.000000 0.000000 0.000000
50 -51.843418 0.032810 88.547813 -1.570796 -1.570796 0.000000
end
triangles
snowman02.jpg
40 42.8094 -16.4191 36.5607 0.0724 0.8910 -0.4481 0.4550 0.1800
39 43.5024 -12.7491 43.9311 -0.3731 0.8893 -0.2645 0.4578 0.2460
39 47.2462 -14.6733 45.0709 0.8580 0.4475 -0.2520 0.3984 0.2669
snowman02.jpg
39 47.2462 -14.6733 45.0709 0.8580 0.4475 -0.2520 0.3984 0.2669
40 47.2511 -18.7307 37.7019 0.9722 -0.0195 -0.2335 0.3824 0.1800
40 42.8094 -16.4191 36.5607 0.0724 0.8910 -0.4481 0.4550 0.1800
snowman02.jpg
40 34.1523 -29.4596 43.8414 -0.8212 -0.5476 0.1606 0.4550 0.1800
40 38.5940 -31.7712 44.9824 -0.0313 -0.9239 0.3814 0.3824 0.1800
39 38.3956 -27.6324 52.2640 0.1873 -0.8823 0.4318 0.3984 0.2669
snowman02.jpg
39 38.3956 -27.6324 52.2640 0.1873 -0.8823 0.4318 0.3984 0.2669
39 34.6518 -25.7082 51.1242 -0.7624 -0.1650 0.6257 0.4578 0.2460
40 34.1523 -29.4596 43.8414 -0.8212 -0.5476 0.1606 0.4550 0.1800
snowman02.jpg
41 31.9639 -19.7203 25.0213 -0.6181 0.7832 -0.0669 0.5099 0.0174
41 32.5907 -21.0990 23.3087 0.0023 0.4621 -0.8868 0.4939 0.0042
41 29.8843 -25.1292 25.4730 -0.4209 -0.1921 -0.8865 0.4934 0.0038
snowman02.jpg
41 29.8843 -25.1292 25.4730 -0.4209 -0.1921 -0.8865 0.4934 0.0038
41 29.2206 -23.6694 27.2861 -0.7886 0.6067 0.1005 0.5104 0.0178
41 31.9639 -19.7203 25.0213 -0.6181 0.7832 -0.0669 0.5099 0.0174
snowman02.jpg
41 29.2206 -23.6694 27.2861 -0.7886 0.6067 0.1005 0.5104 0.0178
41 29.8843 -25.1292 25.4730 -0.4209 -0.1921 -0.8865 0.4934 0.0038
41 27.0499 -29.3469 27.7412 -0.5893 -0.3755 -0.7154 0.4929 0.0034
snowman02.jpg
41 27.0499 -29.3469 27.7412 -0.5893 -0.3755 -0.7154 0.4929 0.0034
41 26.3493 -27.8061 29.6552 -0.9544 -0.1689 0.2461 0.5108 0.0182
41 29.2206 -23.6694 27.2861 -0.7886 0.6067 0.1005 0.5104 0.0178
snowman02.jpg
40 47.2511 -18.7307 37.7019 0.9722 -0.0195 -0.2335 0.3824 0.1800
39 47.2462 -14.6733 45.0709 0.8580 0.4475 -0.2520 0.3984 0.2669
39 45.0111 -23.2956 47.5021 0.8820 -0.4690 0.0464 0.3687 0.2631
snowman02.jpg
39 45.0111 -23.2956 47.5021 0.8820 -0.4690 0.0464 0.3687 0.2631
40 44.4660 -26.2637 41.3635 0.8068 -0.5900 0.0304 0.3660 0.1761
40 47.2511 -18.7307 37.7019 0.9722 -0.0195 -0.2335 0.3824 0.1800
snowman02.jpg
40 44.4660 -26.2637 41.3635 0.8068 -0.5900 0.0304 0.3660 0.1761
39 45.0111 -23.2956 47.5021 0.8820 -0.4690 0.0464 0.3687 0.2631
39 38.3956 -27.6324 52.2640 0.1873 -0.8823 0.4318 0.3984 0.2669
snowman02.jpg
39 38.3956 -27.6324 52.2640 0.1873 -0.8823 0.4318 0.3984 0.2669
40 38.5940 -31.7712 44.9824 -0.0313 -0.9239 0.3814 0.3824 0.1800
40 44.4660 -26.2637 41.3635 0.8068 -0.5900 0.0304 0.3660 0.1761
snowman02.jpg
39 43.5024 -12.7491 43.9311 -0.3731 0.8893 -0.2645 0.4578 0.2460
40 42.8094 -16.4191 36.5607 0.0724 0.8910 -0.4481 0.4550 0.1800
40 37.6635 -22.5140 39.9911 -0.7289 0.4544 -0.5121 0.4637 0.1800
snowman02.jpg
40 37.6635 -22.5140 39.9911 -0.7289 0.4544 -0.5121 0.4637 0.1800
39 37.8233 -18.1419 47.9428 -0.6526 0.7523 -0.0907 0.4735 0.2460
39 43.5024 -12.7491 43.9311 -0.3731 0.8893 -0.2645 0.4578 0.2460
snowman02.jpg
40 25.3944 -21.7879 37.3475 -0.7737 0.5927 -0.2238 0.5612 0.1549
40 26.5082 -23.3604 35.8554 0.1585 0.3672 -0.9165 0.5489 0.1365
40 25.3284 -25.5740 37.2338 -0.3794 -0.6727 -0.6352 0.5464 0.1377
snowman02.jpg
40 25.3284 -25.5740 37.2338 -0.3794 -0.6727 -0.6352 0.5464 0.1377
40 24.4148 -24.0536 38.8704 -0.9044 -0.3174 0.2852 0.5565 0.1570
40 25.3944 -21.7879 37.3475 -0.7737 0.5927 -0.2238 0.5612 0.1549
snowman02.jpg
2 8.6613 26.6573 86.9626 0.3778 0.8765 0.2984 0.9096 0.4390
17 -1.9068 30.2681 99.7492 -0.0265 0.9907 0.1334 0.9927 0.4775
18 -3.5348 10.9130 130.9872 -0.1493 0.7243 0.6731 0.9927 0.7593
snowman02.jpg
2 13.5030 3.0608 85.5054 0.5593 -0.7979 0.2249 0.8666 0.4221
18 17.5147 6.1009 93.8688 0.8896 -0.1971 -0.4121 0.8469 0.5806
2 -0.2724 -1.9910 84.3937 -0.0447 -0.9774 0.2067 0.9927 0.4229
snowman02.jpg
17 0.8021 -0.4725 84.8329 0.0384 0.9984 -0.0406 0.9929 0.5269
2 -0.2724 -1.9910 84.3937 -0.0447 -0.9774 0.2067 0.9927 0.4229
18 17.5147 6.1009 93.8688 0.8896 -0.1971 -0.4121 0.8469 0.5806
snowman02.jpg
18 15.7298 0.4578 89.9172 0.5864 0.3224 -0.7431 0.8725 0.5971
18 18.4202 -15.0397 98.4842 0.7944 -0.3810 -0.4731 0.8534 0.7543
18 3.5887 -2.6832 81.2607 0.0778 0.1312 -0.9883 0.9914 0.5688
snowman02.jpg
18 4.4672 -22.0501 91.9050 0.1508 -0.8782 -0.4539 0.9927 0.7648
18 3.5887 -2.6832 81.2607 0.0778 0.1312 -0.9883 0.9914 0.5688
18 18.4202 -15.0397 98.4842 0.7944 -0.3810 -0.4731 0.8534 0.7543
snowman02.jpg
2 8.6613 26.6573 86.9626 0.3778 0.8765 0.2984 0.0802 0.9480
2 10.8844 33.3227 78.2534 0.0403 0.9676 0.2494 0.0947 0.8691
2 0.2908 27.1269 77.9565 -0.0324 0.9333 -0.3576 0.0028 0.8747
snowman02.jpg
2 10.8844 33.3227 78.2534 0.0403 0.9676 0.2494 0.0947 0.8691
2 8.6613 26.6573 86.9626 0.3778 0.8765 0.2984 0.0802 0.9480
2 19.8477 20.2850 83.6843 0.8259 0.3369 0.4521 0.1888 0.9102
snowman02.jpg
18 -3.5348 10.9130 130.9872 -0.1493 0.7243 0.6731 0.9927 0.7593
18 15.0074 20.1431 115.0381 0.5426 0.7019 0.4615 0.8339 0.6043
2 8.6613 26.6573 86.9626 0.3778 0.8765 0.2984 0.9096 0.4390
snowman02.jpg
18 15.0074 20.1431 115.0381 0.5426 0.7019 0.4615 0.8339 0.6043
18 -3.5348 10.9130 130.9872 -0.1493 0.7243 0.6731 0.9927 0.7593
18 21.2283 8.1867 128.1858 0.4586 0.8037 0.3791 0.7748 0.7632
snowman02.jpg
18 21.2283 8.1867 128.1858 0.4586 0.8037 0.3791 0.7748 0.7632
18 -3.5348 10.9130 130.9872 -0.1493 0.7243 0.6731 0.9927 0.7593
18 21.1720 0.4167 135.4355 0.3981 0.1103 0.9107 0.7748 0.8589
snowman02.jpg
2 8.6613 26.6573 86.9626 0.3778 0.8765 0.2984 0.9096 0.4390
17 19.6049 16.2047 90.4905 0.9858 0.1190 -0.1187 0.7964 0.4913
2 19.8477 20.2850 83.6843 0.8259 0.3369 0.4521 0.7984 0.4007
snowman02.jpg
18 15.0074 20.1431 115.0381 0.5426 0.7019 0.4615 0.8339 0.6043
18 24.7329 11.7877 105.5001 0.9602 0.2763 -0.0403 0.7679 0.5670
2 8.6613 26.6573 86.9626 0.3778 0.8765 0.2984 0.9096 0.4390
snowman02.jpg
17 19.6049 16.2047 90.4905 0.9858 0.1190 -0.1187 0.7964 0.4913
2 8.6613 26.6573 86.9626 0.3778 0.8765 0.2984 0.9096 0.4390
18 24.7329 11.7877 105.5001 0.9602 0.2763 -0.0403 0.7679 0.5670
snowman02.jpg
18 21.2283 8.1867 128.1858 0.4586 0.8037 0.3791 0.7748 0.7632
38 26.4521 -3.4680 98.4149 -0.5588 0.6743 -0.4828 0.7364 0.6004
18 15.0074 20.1431 115.0381 0.5426 0.7019 0.4615 0.8339 0.6043
snowman02.jpg
18 24.7329 11.7877 105.5001 0.9602 0.2763 -0.0403 0.7679 0.5670
18 15.0074 20.1431 115.0381 0.5426 0.7019 0.4615 0.8339 0.6043
38 26.4521 -3.4680 98.4149 -0.5588 0.6743 -0.4828 0.7364 0.6004
snowman02.jpg
2 13.5030 3.0608 85.5054 0.5593 -0.7979 0.2249 0.1272 0.9313
2 19.8477 20.2850 83.6843 0.8259 0.3369 0.4521 0.1888 0.9102
17 19.6049 16.2047 90.4905 0.9858 0.1190 -0.1187 0.1910 0.9995
snowman02.jpg
38 26.4521 -3.4680 98.4149 -0.5588 0.6743 -0.4828 0.7364 0.6004
18 26.3602 -1.3304 107.4975 -0.3335 -0.2074 -0.9197 0.7593 0.7109
18 24.7329 11.7877 105.5001 0.9602 0.2763 -0.0403 0.7679 0.5670
snowman02.jpg
17 19.6049 16.2047 90.4905 0.9858 0.1190 -0.1187 0.7964 0.4913
18 17.5147 6.1009 93.8688 0.8896 -0.1971 -0.4121 0.8469 0.5806
2 13.5030 3.0608 85.5054 0.5593 -0.7979 0.2249 0.8666 0.4221
snowman02.jpg
18 24.7329 11.7877 105.5001 0.9602 0.2763 -0.0403 0.7679 0.5670
18 17.5147 6.1009 93.8688 0.8896 -0.1971 -0.4121 0.8469 0.5806
17 19.6049 16.2047 90.4905 0.9858 0.1190 -0.1187 0.7964 0.4913
snowman02.jpg
18 17.5147 6.1009 93.8688 0.8896 -0.1971 -0.4121 0.8469 0.5806
18 24.7329 11.7877 105.5001 0.9602 0.2763 -0.0403 0.7679 0.5670
18 26.3602 -1.3304 107.4975 -0.3335 -0.2074 -0.9197 0.7593 0.7109
snowman02.jpg
18 27.3104 -13.4597 113.2672 -0.0847 -0.9963 -0.0165 0.7559 0.8285
18 21.2004 -10.4061 103.4689 0.8311 -0.4479 -0.3296 0.8187 0.7507
18 26.3602 -1.3304 107.4975 -0.3335 -0.2074 -0.9197 0.7593 0.7109
snowman02.jpg
18 26.3602 -1.3304 107.4975 -0.3335 -0.2074 -0.9197 0.7593 0.7109
18 21.2004 -10.4061 103.4689 0.8311 -0.4479 -0.3296 0.8187 0.7507
18 17.5147 6.1009 93.8688 0.8896 -0.1971 -0.4121 0.8469 0.5806
snowman02.jpg
18 21.1720 0.4167 135.4355 0.3981 0.1103 0.9107 0.7748 0.8589
18 -3.5348 10.9130 130.9872 -0.1493 0.7243 0.6731 0.9927 0.7593
18 -2.6187 -1.5300 134.0692 -0.1250 -0.2374 0.9633 0.9355 0.8903
snowman02.jpg
18 -2.6187 -1.5300 134.0692 -0.1250 -0.2374 0.9633 0.9355 0.8903
18 15.2459 -16.9506 133.0903 0.0562 -0.8028 0.5936 0.8529 0.9516
18 21.1720 0.4167 135.4355 0.3981 0.1103 0.9107 0.7748 0.8589
snowman02.jpg
38 29.6192 -9.1905 125.8282 0.2715 -0.7957 0.5414 0.7468 0.9038
18 21.1720 0.4167 135.4355 0.3981 0.1103 0.9107 0.7748 0.8589
18 15.2459 -16.9506 133.0903 0.0562 -0.8028 0.5936 0.8529 0.9516
snowman02.jpg
18 15.2459 -16.9506 133.0903 0.0562 -0.8028 0.5936 0.5837 0.7775
18 -2.6187 -1.5300 134.0692 -0.1250 -0.2374 0.9633 0.6475 0.7999
20 1.6095 -5.0184 127.1265 -0.1251 0.1122 0.9858 0.6263 0.8393
snowman02.jpg
18 15.2459 -16.9506 133.0903 0.0562 -0.8028 0.5936 0.8529 0.9516
18 15.8753 -16.9393 121.4279 0.4663 -0.8843 -0.0224 0.8596 0.8846
38 29.6192 -9.1905 125.8282 0.2715 -0.7957 0.5414 0.7468 0.9038
snowman02.jpg
18 27.3104 -13.4597 113.2672 -0.0847 -0.9963 -0.0165 0.7559 0.8285
38 29.6192 -9.1905 125.8282 0.2715 -0.7957 0.5414 0.7468 0.9038
18 15.8753 -16.9393 121.4279 0.4663 -0.8843 -0.0224 0.8596 0.8846
snowman02.jpg
18 15.8753 -16.9393 121.4279 0.4663 -0.8843 -0.0224 0.8596 0.8846
18 13.0014 -17.9664 115.0767 0.3129 -0.9452 0.0932 0.8874 0.8697
18 27.3104 -13.4597 113.2672 -0.0847 -0.9963 -0.0165 0.7559 0.8285
snowman02.jpg
18 21.2004 -10.4061 103.4689 0.8311 -0.4479 -0.3296 0.8187 0.7507
18 27.3104 -13.4597 113.2672 -0.0847 -0.9963 -0.0165 0.7559 0.8285
18 13.0014 -17.9664 115.0767 0.3129 -0.9452 0.0932 0.8874 0.8697
snowman02.jpg
18 13.0014 -17.9664 115.0767 0.3129 -0.9452 0.0932 0.4717 0.6940
18 15.8753 -16.9393 121.4279 0.4663 -0.8843 -0.0224 0.5120 0.7194
18 2.1401 -20.2957 110.0976 0.0964 -0.9483 -0.3023 0.4431 0.6829
snowman02.jpg
18 3.5132 -22.3279 103.8126 0.0727 -0.9826 0.1707 0.9945 0.8254
18 4.4672 -22.0501 91.9050 0.1508 -0.8782 -0.4539 0.9927 0.7648
18 14.7764 -20.4021 104.8400 0.5585 -0.8283 0.0438 0.8846 0.8279
snowman02.jpg
18 18.4202 -15.0397 98.4842 0.7944 -0.3810 -0.4731 0.8534 0.7543
18 14.7764 -20.4021 104.8400 0.5585 -0.8283 0.0438 0.8846 0.8279
18 4.4672 -22.0501 91.9050 0.1508 -0.8782 -0.4539 0.9927 0.7648
snowman02.jpg
18 21.1720 0.4167 135.4355 0.3981 0.1103 0.9107 0.7748 0.8589
38 40.1875 -3.0716 116.6669 0.7592 0.3022 0.5764 0.6677 0.8360
18 21.2283 8.1867 128.1858 0.4586 0.8037 0.3791 0.7748 0.7632
snowman02.jpg
38 38.7740 3.3816 107.4051 0.3591 0.9291 0.0884 0.6819 0.7426
18 21.2283 8.1867 128.1858 0.4586 0.8037 0.3791 0.7748 0.7632
38 40.1875 -3.0716 116.6669 0.7592 0.3022 0.5764 0.6677 0.8360
snowman02.jpg
18 21.2283 8.1867 128.1858 0.4586 0.8037 0.3791 0.7748 0.7632
38 38.7740 3.3816 107.4051 0.3591 0.9291 0.0884 0.6819 0.7426
38 26.4521 -3.4680 98.4149 -0.5588 0.6743 -0.4828 0.7364 0.6004
snowman02.jpg
38 29.6192 -9.1905 125.8282 0.2715 -0.7957 0.5414 0.7468 0.9038
38 37.8859 -12.3688 119.3655 0.4923 -0.6584 0.5693 0.6847 0.9108
18 21.1720 0.4167 135.4355 0.3981 0.1103 0.9107 0.7748 0.8589
snowman02.jpg
38 40.1875 -3.0716 116.6669 0.7592 0.3022 0.5764 0.6677 0.8360
18 21.1720 0.4167 135.4355 0.3981 0.1103 0.9107 0.7748 0.8589
38 37.8859 -12.3688 119.3655 0.4923 -0.6584 0.5693 0.6847 0.9108
snowman02.jpg
38 25.2660 -12.7681 105.7290 -0.7958 -0.5284 -0.2958 0.7132 0.7270
18 26.3602 -1.3304 107.4975 -0.3335 -0.2074 -0.9197 0.7593 0.7109
38 26.4521 -3.4680 98.4149 -0.5588 0.6743 -0.4828 0.7364 0.6004
snowman02.jpg
18 27.3104 -13.4597 113.2672 -0.0847 -0.9963 -0.0165 0.7559 0.8285
38 30.2681 -14.9769 116.0669 -0.2431 -0.9635 0.1119 0.6921 0.8300
38 29.6192 -9.1905 125.8282 0.2715 -0.7957 0.5414 0.7468 0.9038
snowman02.jpg
38 37.8859 -12.3688 119.3655 0.4923 -0.6584 0.5693 0.6847 0.9108
38 29.6192 -9.1905 125.8282 0.2715 -0.7957 0.5414 0.7468 0.9038
38 30.2681 -14.9769 116.0669 -0.2431 -0.9635 0.1119 0.6921 0.8300
snowman02.jpg
18 26.3602 -1.3304 107.4975 -0.3335 -0.2074 -0.9197 0.7593 0.7109
38 25.2660 -12.7681 105.7290 -0.7958 -0.5284 -0.2958 0.7132 0.7270
18 27.3104 -13.4597 113.2672 -0.0847 -0.9963 -0.0165 0.7559 0.8285
snowman02.jpg
38 30.2681 -14.9769 116.0669 -0.2431 -0.9635 0.1119 0.6921 0.8300
18 27.3104 -13.4597 113.2672 -0.0847 -0.9963 -0.0165 0.7559 0.8285
38 25.2660 -12.7681 105.7290 -0.7958 -0.5284 -0.2958 0.7132 0.7270
snowman02.jpg
38 40.1875 -3.0716 116.6669 0.7592 0.3022 0.5764 0.6677 0.8360
38 48.3273 -6.5649 106.6322 0.9133 0.2724 0.3029 0.6019 0.7544
38 38.7740 3.3816 107.4051 0.3591 0.9291 0.0884 0.6819 0.7426
snowman02.jpg
38 41.5163 2.9061 100.7083 0.2849 0.9515 -0.1157 0.6415 0.6910
38 38.7740 3.3816 107.4051 0.3591 0.9291 0.0884 0.6819 0.7426
38 48.3273 -6.5649 106.6322 0.9133 0.2724 0.3029 0.6019 0.7544
snowman02.jpg
38 37.8859 -12.3688 119.3655 0.4923 -0.6584 0.5693 0.6847 0.9108
38 46.5266 -13.7458 107.0867 0.6583 -0.7020 0.2718 0.5610 0.7832
38 40.1875 -3.0716 116.6669 0.7592 0.3022 0.5764 0.6677 0.8360
snowman02.jpg
38 48.3273 -6.5649 106.6322 0.9133 0.2724 0.3029 0.6019 0.7544
38 40.1875 -3.0716 116.6669 0.7592 0.3022 0.5764 0.6677 0.8360
38 46.5266 -13.7458 107.0867 0.6583 -0.7020 0.2718 0.5610 0.7832
snowman02.jpg
38 38.7740 3.3816 107.4051 0.3591 0.9291 0.0884 0.6819 0.7426
38 41.5163 2.9061 100.7083 0.2849 0.9515 -0.1157 0.6415 0.6910
38 26.4521 -3.4680 98.4149 -0.5588 0.6743 -0.4828 0.7364 0.6004
snowman02.jpg
38 32.3862 -4.7079 96.6112 -0.6617 0.3665 -0.6541 0.6808 0.5988
38 26.4521 -3.4680 98.4149 -0.5588 0.6743 -0.4828 0.7364 0.6004
38 41.5163 2.9061 100.7083 0.2849 0.9515 -0.1157 0.6415 0.6910
snowman02.jpg
38 30.2681 -14.9769 116.0669 -0.2431 -0.9635 0.1119 0.6921 0.8300
38 34.2713 -14.3210 102.1045 -0.1733 -0.9770 -0.1240 0.6281 0.7164
38 37.8859 -12.3688 119.3655 0.4923 -0.6584 0.5693 0.6847 0.9108
snowman02.jpg
38 46.5266 -13.7458 107.0867 0.6583 -0.7020 0.2718 0.5610 0.7832
38 37.8859 -12.3688 119.3655 0.4923 -0.6584 0.5693 0.6847 0.9108
38 34.2713 -14.3210 102.1045 -0.1733 -0.9770 -0.1240 0.6281 0.7164
snowman02.jpg
38 25.2660 -12.7681 105.7290 -0.7958 -0.5284 -0.2958 0.7132 0.7270
38 30.7982 -11.9805 99.6838 -0.7038 -0.5470 -0.4533 0.6584 0.6846
38 30.2681 -14.9769 116.0669 -0.2431 -0.9635 0.1119 0.6921 0.8300
snowman02.jpg
38 34.2713 -14.3210 102.1045 -0.1733 -0.9770 -0.1240 0.6281 0.7164
38 30.2681 -14.9769 116.0669 -0.2431 -0.9635 0.1119 0.6921 0.8300
38 30.7982 -11.9805 99.6838 -0.7038 -0.5470 -0.4533 0.6584 0.6846
snowman02.jpg
38 26.4521 -3.4680 98.4149 -0.5588 0.6743 -0.4828 0.7364 0.6004
38 32.3862 -4.7079 96.6112 -0.6617 0.3665 -0.6541 0.6808 0.5988
38 25.2660 -12.7681 105.7290 -0.7958 -0.5284 -0.2958 0.7132 0.7270
snowman02.jpg
38 30.7982 -11.9805 99.6838 -0.7038 -0.5470 -0.4533 0.6584 0.6846
38 25.2660 -12.7681 105.7290 -0.7958 -0.5284 -0.2958 0.7132 0.7270
38 32.3862 -4.7079 96.6112 -0.6617 0.3665 -0.6541 0.6808 0.5988
snowman02.jpg
38 48.3273 -6.5649 106.6322 0.9133 0.2724 0.3029 0.6019 0.7544
38 50.6153 -1.9048 84.2848 0.9339 0.2645 0.2405 0.5088 0.5752
38 41.5163 2.9061 100.7083 0.2849 0.9515 -0.1157 0.6415 0.6910
snowman02.jpg
38 47.8778 2.3692 84.8415 0.2956 0.9425 0.1558 0.5494 0.5675
38 41.5163 2.9061 100.7083 0.2849 0.9515 -0.1157 0.6415 0.6910
38 50.6153 -1.9048 84.2848 0.9339 0.2645 0.2405 0.5088 0.5752
snowman02.jpg
38 46.5266 -13.7458 107.0867 0.6583 -0.7020 0.2718 0.5610 0.7832
38 50.1706 -8.8084 77.8973 0.8231 -0.5044 0.2609 0.4666 0.5302
38 48.3273 -6.5649 106.6322 0.9133 0.2724 0.3029 0.6019 0.7544
snowman02.jpg
38 50.6153 -1.9048 84.2848 0.9339 0.2645 0.2405 0.5088 0.5752
38 48.3273 -6.5649 106.6322 0.9133 0.2724 0.3029 0.6019 0.7544
38 50.1706 -8.8084 77.8973 0.8231 -0.5044 0.2609 0.4666 0.5302
snowman02.jpg
38 41.5163 2.9061 100.7083 0.2849 0.9515 -0.1157 0.6415 0.6910
38 47.8778 2.3692 84.8415 0.2956 0.9425 0.1558 0.5494 0.5675
38 32.3862 -4.7079 96.6112 -0.6617 0.3665 -0.6541 0.6808 0.5988
snowman02.jpg
38 38.0416 -1.1606 87.4634 -0.7286 0.6512 -0.2122 0.6425 0.5375
38 32.3862 -4.7079 96.6112 -0.6617 0.3665 -0.6541 0.6808 0.5988
38 47.8778 2.3692 84.8415 0.2956 0.9425 0.1558 0.5494 0.5675
snowman02.jpg
38 34.2713 -14.3210 102.1045 -0.1733 -0.9770 -0.1240 0.6281 0.7164
38 44.4284 -12.1066 79.6380 -0.1363 -0.9834 0.1200 0.5013 0.5390
38 46.5266 -13.7458 107.0867 0.6583 -0.7020 0.2718 0.5610 0.7832
snowman02.jpg
38 50.1706 -8.8084 77.8973 0.8231 -0.5044 0.2609 0.4666 0.5302
38 46.5266 -13.7458 107.0867 0.6583 -0.7020 0.2718 0.5610 0.7832
38 44.4284 -12.1066 79.6380 -0.1363 -0.9834 0.1200 0.5013 0.5390
snowman02.jpg
38 30.7982 -11.9805 99.6838 -0.7038 -0.5470 -0.4533 0.6584 0.6846
38 39.0095 -8.1485 78.3400 -0.9406 -0.2839 -0.1864 0.5761 0.4960
38 34.2713 -14.3210 102.1045 -0.1733 -0.9770 -0.1240 0.6281 0.7164
snowman02.jpg
38 44.4284 -12.1066 79.6380 -0.1363 -0.9834 0.1200 0.5013 0.5390
38 34.2713 -14.3210 102.1045 -0.1733 -0.9770 -0.1240 0.6281 0.7164
38 39.0095 -8.1485 78.3400 -0.9406 -0.2839 -0.1864 0.5761 0.4960
snowman02.jpg
38 32.3862 -4.7079 96.6112 -0.6617 0.3665 -0.6541 0.6808 0.5988
38 38.0416 -1.1606 87.4634 -0.7286 0.6512 -0.2122 0.6425 0.5375
38 30.7982 -11.9805 99.6838 -0.7038 -0.5470 -0.4533 0.6584 0.6846
snowman02.jpg
38 39.0095 -8.1485 78.3400 -0.9406 -0.2839 -0.1864 0.5761 0.4960
38 30.7982 -11.9805 99.6838 -0.7038 -0.5470 -0.4533 0.6584 0.6846
38 38.0416 -1.1606 87.4634 -0.7286 0.6512 -0.2122 0.6425 0.5375
snowman02.jpg
2 0.2908 27.1269 77.9565 -0.0324 0.9333 -0.3576 0.9927 0.3646
17 -1.9068 30.2681 99.7492 -0.0265 0.9907 0.1334 0.9927 0.4775
2 8.6613 26.6573 86.9626 0.3778 0.8765 0.2984 0.9096 0.4390
snowman02.jpg
2 2.8182 4.2060 65.6022 -0.4996 -0.6578 -0.5637 0.0034 0.7632
2 13.5030 3.0608 85.5054 0.5593 -0.7979 0.2249 0.1272 0.9313
2 -0.2724 -1.9910 84.3937 -0.0447 -0.9774 0.2067 0.0028 0.9321
snowman02.jpg
3 16.4797 -1.5252 78.1208 -0.1074 -0.9642 0.2425 0.1294 0.8429
2 13.5030 3.0608 85.5054 0.5593 -0.7979 0.2249 0.1272 0.9313
2 2.8182 4.2060 65.6022 -0.4996 -0.6578 -0.5637 0.0034 0.7632
snowman02.jpg
2 13.5030 3.0608 85.5054 0.5593 -0.7979 0.2249 0.1272 0.9313
3 25.8739 4.1274 78.2633 0.6825 -0.5242 0.5093 0.2282 0.8404
2 19.8477 20.2850 83.6843 0.8259 0.3369 0.4521 0.1888 0.9102
snowman02.jpg
3 25.8739 4.1274 78.2633 0.6825 -0.5242 0.5093 0.2282 0.8404
2 13.5030 3.0608 85.5054 0.5593 -0.7979 0.2249 0.1272 0.9313
3 16.4797 -1.5252 78.1208 -0.1074 -0.9642 0.2425 0.1294 0.8429
snowman02.jpg
4 31.3164 24.6887 24.5062 0.9635 -0.0749 -0.2569 0.2581 0.2691
4 22.2246 20.7839 19.2629 0.1760 -0.4448 -0.8782 0.1556 0.2604
4 22.5652 30.5145 14.7675 0.3580 -0.8798 -0.3127 0.1708 0.1691
snowman02.jpg
4 27.8039 37.3584 18.2787 0.9325 0.1843 0.3106 0.2388 0.1462
4 31.3164 24.6887 24.5062 0.9635 -0.0749 -0.2569 0.2581 0.2691
4 22.5652 30.5145 14.7675 0.3580 -0.8798 -0.3127 0.1708 0.1691
snowman02.jpg
4 24.1615 29.2779 37.9523 0.3556 0.4881 0.7971 0.2139 0.3133
4 31.3164 24.6887 24.5062 0.9635 -0.0749 -0.2569 0.2581 0.2691
4 27.8039 37.3584 18.2787 0.9325 0.1843 0.3106 0.2388 0.1462
snowman02.jpg
5 25.6163 50.7985 1.2798 0.3672 0.8957 0.2506 0.2327 0.0089
4 24.1615 29.2779 37.9523 0.3556 0.4881 0.7971 0.2139 0.3133
4 27.8039 37.3584 18.2787 0.9325 0.1843 0.3106 0.2388 0.1462
snowman02.jpg
4 13.9556 26.8181 36.8634 -0.7113 0.2185 0.6681 0.1085 0.3186
4 24.1615 29.2779 37.9523 0.3556 0.4881 0.7971 0.2139 0.3133
5 25.6163 50.7985 1.2798 0.3672 0.8957 0.2506 0.2327 0.0089
snowman02.jpg
5 15.6789 49.8464 1.5950 -0.6061 0.5020 -0.6169 0.1332 0.0117
4 13.9556 26.8181 36.8634 -0.7113 0.2185 0.6681 0.1085 0.3186
5 25.6163 50.7985 1.2798 0.3672 0.8957 0.2506 0.2327 0.0089
snowman02.jpg
4 15.1523 22.1631 21.9679 -0.5894 -0.4258 -0.6865 0.0689 0.2563
4 13.9556 26.8181 36.8634 -0.7113 0.2185 0.6681 0.1085 0.3186
5 15.6789 49.8464 1.5950 -0.6061 0.5020 -0.6169 0.1332 0.0117
snowman02.jpg
4 15.9470 33.8207 14.2066 -0.4466 -0.8662 0.2242 0.1115 0.1405
4 15.1523 22.1631 21.9679 -0.5894 -0.4258 -0.6865 0.0689 0.2563
5 15.6789 49.8464 1.5950 -0.6061 0.5020 -0.6169 0.1332 0.0117
snowman02.jpg
4 22.2246 20.7839 19.2629 0.1760 -0.4448 -0.8782 0.1556 0.2604
4 15.1523 22.1631 21.9679 -0.5894 -0.4258 -0.6865 0.0689 0.2563
4 15.9470 33.8207 14.2066 -0.4466 -0.8662 0.2242 0.1115 0.1405
snowman02.jpg
4 22.5652 30.5145 14.7675 0.3580 -0.8798 -0.3127 0.1708 0.1691
4 22.2246 20.7839 19.2629 0.1760 -0.4448 -0.8782 0.1556 0.2604
4 15.9470 33.8207 14.2066 -0.4466 -0.8662 0.2242 0.1115 0.1405
snowman02.jpg
4 29.1023 11.5907 30.5921 0.9166 -0.1317 -0.3774 0.2206 0.3913
4 21.9786 13.2755 22.4770 0.1233 -0.3378 -0.9331 0.1437 0.3293
4 22.2246 20.7839 19.2629 0.1760 -0.4448 -0.8782 0.1556 0.2604
snowman02.jpg
4 31.3164 24.6887 24.5062 0.9635 -0.0749 -0.2569 0.2581 0.2691
4 29.1023 11.5907 30.5921 0.9166 -0.1317 -0.3774 0.2206 0.3913
4 22.2246 20.7839 19.2629 0.1760 -0.4448 -0.8782 0.1556 0.2604
snowman02.jpg
4 26.2964 13.0015 43.7407 0.8180 -0.3306 0.4707 0.2127 0.4572
4 29.1023 11.5907 30.5921 0.9166 -0.1317 -0.3774 0.2206 0.3913
4 31.3164 24.6887 24.5062 0.9635 -0.0749 -0.2569 0.2581 0.2691
snowman02.jpg
4 24.1615 29.2779 37.9523 0.3556 0.4881 0.7971 0.2139 0.3133
4 26.2964 13.0015 43.7407 0.8180 -0.3306 0.4707 0.2127 0.4572
4 31.3164 24.6887 24.5062 0.9635 -0.0749 -0.2569 0.2581 0.2691
snowman02.jpg
3 18.1934 15.0677 33.7616 -0.9802 -0.0667 0.1864 0.1154 0.4709
4 26.2964 13.0015 43.7407 0.8180 -0.3306 0.4707 0.2127 0.4572
4 24.1615 29.2779 37.9523 0.3556 0.4881 0.7971 0.2139 0.3133
snowman02.jpg
4 13.9556 26.8181 36.8634 -0.7113 0.2185 0.6681 0.1085 0.3186
3 18.1934 15.0677 33.7616 -0.9802 -0.0667 0.1864 0.1154 0.4709
4 24.1615 29.2779 37.9523 0.3556 0.4881 0.7971 0.2139 0.3133
snowman02.jpg
4 16.5131 8.5503 29.5264 -0.9067 -0.3812 -0.1806 0.0692 0.3995
3 18.1934 15.0677 33.7616 -0.9802 -0.0667 0.1864 0.1154 0.4709
4 13.9556 26.8181 36.8634 -0.7113 0.2185 0.6681 0.1085 0.3186
snowman02.jpg
4 15.1523 22.1631 21.9679 -0.5894 -0.4258 -0.6865 0.0689 0.2563
4 16.5131 8.5503 29.5264 -0.9067 -0.3812 -0.1806 0.0692 0.3995
4 13.9556 26.8181 36.8634 -0.7113 0.2185 0.6681 0.1085 0.3186
snowman02.jpg
4 21.9786 13.2755 22.4770 0.1233 -0.3378 -0.9331 0.1437 0.3293
4 16.5131 8.5503 29.5264 -0.9067 -0.3812 -0.1806 0.0692 0.3995
4 15.1523 22.1631 21.9679 -0.5894 -0.4258 -0.6865 0.0689 0.2563
snowman02.jpg
4 22.2246 20.7839 19.2629 0.1760 -0.4448 -0.8782 0.1556 0.2604
4 21.9786 13.2755 22.4770 0.1233 -0.3378 -0.9331 0.1437 0.3293
4 15.1523 22.1631 21.9679 -0.5894 -0.4258 -0.6865 0.0689 0.2563
snowman02.jpg
4 30.2345 5.8758 31.9301 0.8941 -0.2131 -0.3940 0.2230 0.4380
4 23.5666 2.2173 26.0179 0.0351 -0.7544 -0.6555 0.1437 0.4249
4 21.9786 13.2755 22.4770 0.1233 -0.3378 -0.9331 0.1437 0.3293
snowman02.jpg
4 29.1023 11.5907 30.5921 0.9166 -0.1317 -0.3774 0.2206 0.3913
4 30.2345 5.8758 31.9301 0.8941 -0.2131 -0.3940 0.2230 0.4380
4 21.9786 13.2755 22.4770 0.1233 -0.3378 -0.9331 0.1437 0.3293
snowman02.jpg
4 26.2964 13.0015 43.7407 0.8180 -0.3306 0.4707 0.2127 0.4572
4 30.2345 5.8758 31.9301 0.8941 -0.2131 -0.3940 0.2230 0.4380
4 29.1023 11.5907 30.5921 0.9166 -0.1317 -0.3774 0.2206 0.3913
snowman02.jpg
4 16.5131 8.5503 29.5264 -0.9067 -0.3812 -0.1806 0.0692 0.3995
4 18.1867 2.7431 31.0996 -0.8003 -0.5036 -0.3255 0.0771 0.4484
3 18.1934 15.0677 33.7616 -0.9802 -0.0667 0.1864 0.1154 0.4709
snowman02.jpg
4 23.5666 2.2173 26.0179 0.0351 -0.7544 -0.6555 0.1437 0.4249
4 18.1867 2.7431 31.0996 -0.8003 -0.5036 -0.3255 0.0771 0.4484
4 16.5131 8.5503 29.5264 -0.9067 -0.3812 -0.1806 0.0692 0.3995
snowman02.jpg
4 21.9786 13.2755 22.4770 0.1233 -0.3378 -0.9331 0.1437 0.3293
4 23.5666 2.2173 26.0179 0.0351 -0.7544 -0.6555 0.1437 0.4249
4 16.5131 8.5503 29.5264 -0.9067 -0.3812 -0.1806 0.0692 0.3995
snowman02.jpg
3 29.4384 2.9212 41.8378 0.9429 -0.3252 -0.0720 0.2230 0.5161
3 21.0388 -2.8647 40.5463 0.0509 -0.9864 -0.1560 0.1327 0.5073
4 23.5666 2.2173 26.0179 0.0351 -0.7544 -0.6555 0.1437 0.4249
snowman02.jpg
4 30.2345 5.8758 31.9301 0.8941 -0.2131 -0.3940 0.2230 0.4380
3 29.4384 2.9212 41.8378 0.9429 -0.3252 -0.0720 0.2230 0.5161
4 23.5666 2.2173 26.0179 0.0351 -0.7544 -0.6555 0.1437 0.4249
snowman02.jpg
3 25.9354 15.8850 38.3101 0.6208 0.5238 -0.5833 0.1977 0.5034
3 29.4384 2.9212 41.8378 0.9429 -0.3252 -0.0720 0.2230 0.5161
4 30.2345 5.8758 31.9301 0.8941 -0.2131 -0.3940 0.2230 0.4380
snowman02.jpg
4 26.2964 13.0015 43.7407 0.8180 -0.3306 0.4707 0.2127 0.4572
3 25.9354 15.8850 38.3101 0.6208 0.5238 -0.5833 0.1977 0.5034
4 30.2345 5.8758 31.9301 0.8941 -0.2131 -0.3940 0.2230 0.4380
snowman02.jpg
3 18.1934 15.0677 33.7616 -0.9802 -0.0667 0.1864 0.1154 0.4709
3 25.9354 15.8850 38.3101 0.6208 0.5238 -0.5833 0.1977 0.5034
4 26.2964 13.0015 43.7407 0.8180 -0.3306 0.4707 0.2127 0.4572
snowman02.jpg
4 18.1867 2.7431 31.0996 -0.8003 -0.5036 -0.3255 0.0771 0.4484
3 14.0791 1.2074 39.1793 -0.7429 -0.5919 -0.3127 0.0665 0.5073
3 18.1934 15.0677 33.7616 -0.9802 -0.0667 0.1864 0.1154 0.4709
snowman02.jpg
3 21.0388 -2.8647 40.5463 0.0509 -0.9864 -0.1560 0.1327 0.5073
3 14.0791 1.2074 39.1793 -0.7429 -0.5919 -0.3127 0.0665 0.5073
4 18.1867 2.7431 31.0996 -0.8003 -0.5036 -0.3255 0.0771 0.4484
snowman02.jpg
4 23.5666 2.2173 26.0179 0.0351 -0.7544 -0.6555 0.1437 0.4249
3 21.0388 -2.8647 40.5463 0.0509 -0.9864 -0.1560 0.1327 0.5073
4 18.1867 2.7431 31.0996 -0.8003 -0.5036 -0.3255 0.0771 0.4484
snowman02.jpg
3 30.8845 4.2545 57.1203 0.9290 -0.3639 0.0670 0.2551 0.6499
3 19.4952 -2.0735 53.9856 0.0702 -0.9975 0.0026 0.1327 0.6276
3 21.0388 -2.8647 40.5463 0.0509 -0.9864 -0.1560 0.1327 0.5073
snowman02.jpg
3 29.4384 2.9212 41.8378 0.9429 -0.3252 -0.0720 0.2230 0.5161
3 30.8845 4.2545 57.1203 0.9290 -0.3639 0.0670 0.2551 0.6499
3 21.0388 -2.8647 40.5463 0.0509 -0.9864 -0.1560 0.1327 0.5073
snowman02.jpg
3 24.6216 24.2922 52.6838 0.5834 0.7528 -0.3049 0.1811 0.6329
3 30.8845 4.2545 57.1203 0.9290 -0.3639 0.0670 0.2551 0.6499
3 29.4384 2.9212 41.8378 0.9429 -0.3252 -0.0720 0.2230 0.5161
snowman02.jpg
3 25.9354 15.8850 38.3101 0.6208 0.5238 -0.5833 0.1977 0.5034
3 24.6216 24.2922 52.6838 0.5834 0.7528 -0.3049 0.1811 0.6329
3 29.4384 2.9212 41.8378 0.9429 -0.3252 -0.0720 0.2230 0.5161
snowman02.jpg
3 9.9495 22.3763 50.2313 -0.6061 0.6276 -0.4887 0.0847 0.6467
3 24.6216 24.2922 52.6838 0.5834 0.7528 -0.3049 0.1811 0.6329
3 25.9354 15.8850 38.3101 0.6208 0.5238 -0.5833 0.1977 0.5034
snowman02.jpg
3 18.1934 15.0677 33.7616 -0.9802 -0.0667 0.1864 0.1154 0.4709
3 9.9495 22.3763 50.2313 -0.6061 0.6276 -0.4887 0.0847 0.6467
3 25.9354 15.8850 38.3101 0.6208 0.5238 -0.5833 0.1977 0.5034
snowman02.jpg
3 8.5126 1.4793 53.3347 -0.7923 -0.5452 -0.2738 0.0269 0.6376
3 9.9495 22.3763 50.2313 -0.6061 0.6276 -0.4887 0.0847 0.6467
3 18.1934 15.0677 33.7616 -0.9802 -0.0667 0.1864 0.1154 0.4709
snowman02.jpg
3 14.0791 1.2074 39.1793 -0.7429 -0.5919 -0.3127 0.0665 0.5073
3 8.5126 1.4793 53.3347 -0.7923 -0.5452 -0.2738 0.0269 0.6376
3 18.1934 15.0677 33.7616 -0.9802 -0.0667 0.1864 0.1154 0.4709
snowman02.jpg
3 19.4952 -2.0735 53.9856 0.0702 -0.9975 0.0026 0.1327 0.6276
3 8.5126 1.4793 53.3347 -0.7923 -0.5452 -0.2738 0.0269 0.6376
3 14.0791 1.2074 39.1793 -0.7429 -0.5919 -0.3127 0.0665 0.5073
snowman02.jpg
3 21.0388 -2.8647 40.5463 0.0509 -0.9864 -0.1560 0.1327 0.5073
3 19.4952 -2.0735 53.9856 0.0702 -0.9975 0.0026 0.1327 0.6276
3 14.0791 1.2074 39.1793 -0.7429 -0.5919 -0.3127 0.0665 0.5073
snowman02.jpg
3 29.2383 4.6498 68.7773 0.9127 -0.3544 0.2035 0.2518 0.7543
3 17.9414 -2.9707 69.1112 0.0657 -0.9950 0.0750 0.1327 0.7608
3 19.4952 -2.0735 53.9856 0.0702 -0.9975 0.0026 0.1327 0.6276
snowman02.jpg
3 30.8845 4.2545 57.1203 0.9290 -0.3639 0.0670 0.2551 0.6499
3 29.2383 4.6498 68.7773 0.9127 -0.3544 0.2035 0.2518 0.7543
3 19.4952 -2.0735 53.9856 0.0702 -0.9975 0.0026 0.1327 0.6276
snowman02.jpg
3 21.4363 30.2857 65.9565 0.6984 0.7150 0.0318 0.1700 0.7593
3 29.2383 4.6498 68.7773 0.9127 -0.3544 0.2035 0.2518 0.7543
3 30.8845 4.2545 57.1203 0.9290 -0.3639 0.0670 0.2551 0.6499
snowman02.jpg
3 24.6216 24.2922 52.6838 0.5834 0.7528 -0.3049 0.1811 0.6329
3 21.4363 30.2857 65.9565 0.6984 0.7150 0.0318 0.1700 0.7593
3 30.8845 4.2545 57.1203 0.9290 -0.3639 0.0670 0.2551 0.6499
snowman02.jpg
3 8.7112 29.1061 65.4945 -0.5607 0.7056 -0.4333 0.0701 0.7747
3 21.4363 30.2857 65.9565 0.6984 0.7150 0.0318 0.1700 0.7593
3 24.6216 24.2922 52.6838 0.5834 0.7528 -0.3049 0.1811 0.6329
snowman02.jpg
3 9.9495 22.3763 50.2313 -0.6061 0.6276 -0.4887 0.0847 0.6467
3 8.7112 29.1061 65.4945 -0.5607 0.7056 -0.4333 0.0701 0.7747
3 24.6216 24.2922 52.6838 0.5834 0.7528 -0.3049 0.1811 0.6329
snowman02.jpg
3 5.0740 3.7934 62.1003 -0.8430 -0.4902 -0.2216 0.0047 0.7206
3 8.7112 29.1061 65.4945 -0.5607 0.7056 -0.4333 0.0701 0.7747
3 9.9495 22.3763 50.2313 -0.6061 0.6276 -0.4887 0.0847 0.6467
snowman02.jpg
3 8.5126 1.4793 53.3347 -0.7923 -0.5452 -0.2738 0.0269 0.6376
3 5.0740 3.7934 62.1003 -0.8430 -0.4902 -0.2216 0.0047 0.7206
3 9.9495 22.3763 50.2313 -0.6061 0.6276 -0.4887 0.0847 0.6467
snowman02.jpg
3 17.9414 -2.9707 69.1112 0.0657 -0.9950 0.0750 0.1327 0.7608
3 5.0740 3.7934 62.1003 -0.8430 -0.4902 -0.2216 0.0047 0.7206
3 8.5126 1.4793 53.3347 -0.7923 -0.5452 -0.2738 0.0269 0.6376
snowman02.jpg
3 19.4952 -2.0735 53.9856 0.0702 -0.9975 0.0026 0.1327 0.6276
3 17.9414 -2.9707 69.1112 0.0657 -0.9950 0.0750 0.1327 0.7608
3 8.5126 1.4793 53.3347 -0.7923 -0.5452 -0.2738 0.0269 0.6376
snowman02.jpg
3 25.8739 4.1274 78.2633 0.6825 -0.5242 0.5093 0.2282 0.8404
3 16.4797 -1.5252 78.1208 -0.1074 -0.9642 0.2425 0.1294 0.8429
3 17.9414 -2.9707 69.1112 0.0657 -0.9950 0.0750 0.1327 0.7608
snowman02.jpg
3 29.2383 4.6498 68.7773 0.9127 -0.3544 0.2035 0.2518 0.7543
3 25.8739 4.1274 78.2633 0.6825 -0.5242 0.5093 0.2282 0.8404
3 17.9414 -2.9707 69.1112 0.0657 -0.9950 0.0750 0.1327 0.7608
snowman02.jpg
2 19.8477 20.2850 83.6843 0.8259 0.3369 0.4521 0.1888 0.9102
3 25.8739 4.1274 78.2633 0.6825 -0.5242 0.5093 0.2282 0.8404
3 29.2383 4.6498 68.7773 0.9127 -0.3544 0.2035 0.2518 0.7543
snowman02.jpg
3 21.4363 30.2857 65.9565 0.6984 0.7150 0.0318 0.1700 0.7593
2 19.8477 20.2850 83.6843 0.8259 0.3369 0.4521 0.1888 0.9102
3 29.2383 4.6498 68.7773 0.9127 -0.3544 0.2035 0.2518 0.7543
snowman02.jpg
2 10.8844 33.3227 78.2534 0.0403 0.9676 0.2494 0.0947 0.8691
2 19.8477 20.2850 83.6843 0.8259 0.3369 0.4521 0.1888 0.9102
3 21.4363 30.2857 65.9565 0.6984 0.7150 0.0318 0.1700 0.7593
snowman02.jpg
3 8.7112 29.1061 65.4945 -0.5607 0.7056 -0.4333 0.0701 0.7747
2 10.8844 33.3227 78.2534 0.0403 0.9676 0.2494 0.0947 0.8691
3 21.4363 30.2857 65.9565 0.6984 0.7150 0.0318 0.1700 0.7593
snowman02.jpg
3 5.0740 3.7934 62.1003 -0.8430 -0.4902 -0.2216 0.0047 0.7206
2 2.8182 4.2060 65.6022 -0.4996 -0.6578 -0.5637 0.0034 0.7632
3 8.7112 29.1061 65.4945 -0.5607 0.7056 -0.4333 0.0701 0.7747
snowman02.jpg
3 16.4797 -1.5252 78.1208 -0.1074 -0.9642 0.2425 0.1294 0.8429
2 2.8182 4.2060 65.6022 -0.4996 -0.6578 -0.5637 0.0034 0.7632
3 5.0740 3.7934 62.1003 -0.8430 -0.4902 -0.2216 0.0047 0.7206
snowman02.jpg
3 17.9414 -2.9707 69.1112 0.0657 -0.9950 0.0750 0.1327 0.7608
3 16.4797 -1.5252 78.1208 -0.1074 -0.9642 0.2425 0.1294 0.8429
3 5.0740 3.7934 62.1003 -0.8430 -0.4902 -0.2216 0.0047 0.7206
snowman02.jpg
20 1.6095 -5.0184 127.1265 -0.1251 0.1122 0.9858 0.6263 0.8393
20 1.6095 -10.7621 137.1076 0.0468 0.5041 0.8624 0.6148 0.8780
18 15.2459 -16.9506 133.0903 0.0562 -0.8028 0.5936 0.5837 0.7775
snowman02.jpg
20 13.4414 -16.5269 131.0466 0.8206 -0.3452 0.4555 0.5611 0.8392
18 15.2459 -16.9506 133.0903 0.0562 -0.8028 0.5936 0.5837 0.7775
20 1.6095 -10.7621 137.1076 0.0468 0.5041 0.8624 0.6148 0.8780
snowman02.jpg
18 15.2459 -16.9506 133.0903 0.0562 -0.8028 0.5936 0.5837 0.7775
20 13.4414 -16.5269 131.0466 0.8206 -0.3452 0.4555 0.5611 0.8392
18 15.8753 -16.9393 121.4279 0.4663 -0.8843 -0.0224 0.5120 0.7194
snowman02.jpg
20 10.8252 -32.5073 122.7094 0.8954 -0.1396 -0.4228 0.3865 0.7986
18 15.8753 -16.9393 121.4279 0.4663 -0.8843 -0.0224 0.5120 0.7194
20 13.4414 -16.5269 131.0466 0.8206 -0.3452 0.4555 0.5611 0.8392
snowman02.jpg
18 15.8753 -16.9393 121.4279 0.4663 -0.8843 -0.0224 0.5120 0.7194
20 10.8252 -32.5073 122.7094 0.8954 -0.1396 -0.4228 0.3865 0.7986
18 2.1401 -20.2957 110.0976 0.0964 -0.9483 -0.3023 0.4431 0.6829
snowman02.jpg
18 2.4676 -28.3238 113.3602 0.0324 -0.2805 -0.9593 0.4224 0.7475
18 2.1401 -20.2957 110.0976 0.0964 -0.9483 -0.3023 0.4431 0.6829
20 10.8252 -32.5073 122.7094 0.8954 -0.1396 -0.4228 0.3865 0.7986
snowman02.jpg
38 50.6153 -1.9048 84.2848 0.9339 0.2645 0.2405 0.5088 0.5752
38 52.3044 -1.5914 78.3204 0.9740 0.1242 0.1894 0.4817 0.5265
38 47.8778 2.3692 84.8415 0.2956 0.9425 0.1558 0.5494 0.5675
snowman02.jpg
38 50.4566 2.3535 77.5495 0.4035 0.9145 -0.0309 0.5106 0.5097
38 47.8778 2.3692 84.8415 0.2956 0.9425 0.1558 0.5494 0.5675
38 52.3044 -1.5914 78.3204 0.9740 0.1242 0.1894 0.4817 0.5265
snowman02.jpg
38 52.3044 -1.5914 78.3204 0.9740 0.1242 0.1894 0.4817 0.5265
38 50.6153 -1.9048 84.2848 0.9339 0.2645 0.2405 0.5088 0.5752
38 50.1706 -8.8084 77.8973 0.8231 -0.5044 0.2609 0.4666 0.5302
snowman02.jpg
38 47.8778 2.3692 84.8415 0.2956 0.9425 0.1558 0.5494 0.5675
38 50.4566 2.3535 77.5495 0.4035 0.9145 -0.0309 0.5106 0.5097
38 38.0416 -1.1606 87.4634 -0.7286 0.6512 -0.2122 0.6425 0.5375
snowman02.jpg
38 41.8000 -0.2664 74.4063 -0.6510 0.7429 -0.1558 0.6074 0.4355
38 38.0416 -1.1606 87.4634 -0.7286 0.6512 -0.2122 0.6425 0.5375
38 50.4566 2.3535 77.5495 0.4035 0.9145 -0.0309 0.5106 0.5097
snowman02.jpg
38 38.0416 -1.1606 87.4634 -0.7286 0.6512 -0.2122 0.6425 0.5375
38 41.8000 -0.2664 74.4063 -0.6510 0.7429 -0.1558 0.6074 0.4355
38 39.0095 -8.1485 78.3400 -0.9406 -0.2839 -0.1864 0.5761 0.4960
snowman02.jpg
38 52.3044 -1.5914 78.3204 0.9740 0.1242 0.1894 0.4817 0.5265
39 52.3838 -5.0249 67.0528 0.9883 0.0651 -0.1379 0.4768 0.4554
38 50.4566 2.3535 77.5495 0.4035 0.9145 -0.0309 0.5106 0.5097
snowman02.jpg
39 50.0462 0.8887 64.6259 0.3712 0.7973 -0.4760 0.5175 0.4123
38 50.4566 2.3535 77.5495 0.4035 0.9145 -0.0309 0.5106 0.5097
39 52.3838 -5.0249 67.0528 0.9883 0.0651 -0.1379 0.4768 0.4554
snowman02.jpg
38 50.1706 -8.8084 77.8973 0.8231 -0.5044 0.2609 0.4666 0.5302
39 51.4346 -14.8467 69.1653 0.8031 -0.5524 0.2234 0.4110 0.4716
38 52.3044 -1.5914 78.3204 0.9740 0.1242 0.1894 0.4817 0.5265
snowman02.jpg
39 52.3838 -5.0249 67.0528 0.9883 0.0651 -0.1379 0.4768 0.4554
38 52.3044 -1.5914 78.3204 0.9740 0.1242 0.1894 0.4817 0.5265
39 51.4346 -14.8467 69.1653 0.8031 -0.5524 0.2234 0.4110 0.4716
snowman02.jpg
38 50.4566 2.3535 77.5495 0.4035 0.9145 -0.0309 0.5106 0.5097
39 50.0462 0.8887 64.6259 0.3712 0.7973 -0.4760 0.5175 0.4123
38 41.8000 -0.2664 74.4063 -0.6510 0.7429 -0.1558 0.6074 0.4355
snowman02.jpg
39 40.8542 -4.0826 64.5089 -0.8126 0.4914 -0.3134 0.5835 0.3758
38 41.8000 -0.2664 74.4063 -0.6510 0.7429 -0.1558 0.6074 0.4355
39 50.0462 0.8887 64.6259 0.3712 0.7973 -0.4760 0.5175 0.4123
snowman02.jpg
38 44.4284 -12.1066 79.6380 -0.1363 -0.9834 0.1200 0.5013 0.5390
39 45.6425 -16.5211 71.7409 -0.1019 -0.8327 0.5443 0.4656 0.4465
38 50.1706 -8.8084 77.8973 0.8231 -0.5044 0.2609 0.4666 0.5302
snowman02.jpg
39 51.4346 -14.8467 69.1653 0.8031 -0.5524 0.2234 0.4110 0.4716
38 50.1706 -8.8084 77.8973 0.8231 -0.5044 0.2609 0.4666 0.5302
39 45.6425 -16.5211 71.7409 -0.1019 -0.8327 0.5443 0.4656 0.4465
snowman02.jpg
38 39.0095 -8.1485 78.3400 -0.9406 -0.2839 -0.1864 0.5761 0.4960
39 39.8666 -11.7029 70.8287 -0.9282 -0.3310 0.1699 0.5263 0.3997
38 44.4284 -12.1066 79.6380 -0.1363 -0.9834 0.1200 0.5013 0.5390
snowman02.jpg
39 45.6425 -16.5211 71.7409 -0.1019 -0.8327 0.5443 0.4656 0.4465
38 44.4284 -12.1066 79.6380 -0.1363 -0.9834 0.1200 0.5013 0.5390
39 39.8666 -11.7029 70.8287 -0.9282 -0.3310 0.1699 0.5263 0.3997
snowman02.jpg
38 41.8000 -0.2664 74.4063 -0.6510 0.7429 -0.1558 0.6074 0.4355
39 40.8542 -4.0826 64.5089 -0.8126 0.4914 -0.3134 0.5835 0.3758
38 39.0095 -8.1485 78.3400 -0.9406 -0.2839 -0.1864 0.5761 0.4960
snowman02.jpg
39 39.8666 -11.7029 70.8287 -0.9282 -0.3310 0.1699 0.5263 0.3997
38 39.0095 -8.1485 78.3400 -0.9406 -0.2839 -0.1864 0.5761 0.4960
39 40.8542 -4.0826 64.5089 -0.8126 0.4914 -0.3134 0.5835 0.3758
snowman02.jpg
39 52.3838 -5.0249 67.0528 0.9883 0.0651 -0.1379 0.4768 0.4554
39 48.6017 -16.2100 53.6326 0.9712 -0.0143 -0.2379 0.3994 0.3376
39 50.0462 0.8887 64.6259 0.3712 0.7973 -0.4760 0.5175 0.4123
snowman02.jpg
39 46.1099 -11.3973 52.3608 0.1772 0.8617 -0.4755 0.4669 0.3253
39 50.0462 0.8887 64.6259 0.3712 0.7973 -0.4760 0.5175 0.4123
39 48.6017 -16.2100 53.6326 0.9712 -0.0143 -0.2379 0.3994 0.3376
snowman02.jpg
39 51.4346 -14.8467 69.1653 0.8031 -0.5524 0.2234 0.4110 0.4716
39 47.0953 -20.5308 54.9431 0.8132 -0.5809 0.0347 0.3873 0.3348
39 52.3838 -5.0249 67.0528 0.9883 0.0651 -0.1379 0.4768 0.4554
snowman02.jpg
39 48.6017 -16.2100 53.6326 0.9712 -0.0143 -0.2379 0.3994 0.3376
39 52.3838 -5.0249 67.0528 0.9883 0.0651 -0.1379 0.4768 0.4554
39 47.0953 -20.5308 54.9431 0.8132 -0.5809 0.0347 0.3873 0.3348
snowman02.jpg
39 50.0462 0.8887 64.6259 0.3712 0.7973 -0.4760 0.5175 0.4123
39 46.1099 -11.3973 52.3608 0.1772 0.8617 -0.4755 0.4669 0.3253
39 40.8542 -4.0826 64.5089 -0.8126 0.4914 -0.3134 0.5835 0.3758
snowman02.jpg
39 40.0888 -15.1601 54.0150 -0.8491 0.5177 -0.1047 0.4891 0.3080
39 40.8542 -4.0826 64.5089 -0.8126 0.4914 -0.3134 0.5835 0.3758
39 46.1099 -11.3973 52.3608 0.1772 0.8617 -0.4755 0.4669 0.3253
snowman02.jpg
39 45.6425 -16.5211 71.7409 -0.1019 -0.8327 0.5443 0.4656 0.4465
39 41.1294 -23.5310 58.8869 -0.0593 -0.8508 0.5221 0.4187 0.3370
39 51.4346 -14.8467 69.1653 0.8031 -0.5524 0.2234 0.4110 0.4716
snowman02.jpg
39 47.0953 -20.5308 54.9431 0.8132 -0.5809 0.0347 0.3873 0.3348
39 51.4346 -14.8467 69.1653 0.8031 -0.5524 0.2234 0.4110 0.4716
39 41.1294 -23.5310 58.8869 -0.0593 -0.8508 0.5221 0.4187 0.3370
snowman02.jpg
39 39.8666 -11.7029 70.8287 -0.9282 -0.3310 0.1699 0.5263 0.3997
39 38.4545 -21.0600 58.0928 -0.9142 -0.1140 0.3889 0.4748 0.3240
39 45.6425 -16.5211 71.7409 -0.1019 -0.8327 0.5443 0.4656 0.4465
snowman02.jpg
39 41.1294 -23.5310 58.8869 -0.0593 -0.8508 0.5221 0.4187 0.3370
39 45.6425 -16.5211 71.7409 -0.1019 -0.8327 0.5443 0.4656 0.4465
39 38.4545 -21.0600 58.0928 -0.9142 -0.1140 0.3889 0.4748 0.3240
snowman02.jpg
39 40.8542 -4.0826 64.5089 -0.8126 0.4914 -0.3134 0.5835 0.3758
39 40.0888 -15.1601 54.0150 -0.8491 0.5177 -0.1047 0.4891 0.3080
39 39.8666 -11.7029 70.8287 -0.9282 -0.3310 0.1699 0.5263 0.3997
snowman02.jpg
39 38.4545 -21.0600 58.0928 -0.9142 -0.1140 0.3889 0.4748 0.3240
39 39.8666 -11.7029 70.8287 -0.9282 -0.3310 0.1699 0.5263 0.3997
39 40.0888 -15.1601 54.0150 -0.8491 0.5177 -0.1047 0.4891 0.3080
snowman02.jpg
39 48.6017 -16.2100 53.6326 0.9712 -0.0143 -0.2379 0.3994 0.3376
39 47.2462 -14.6733 45.0709 0.8580 0.4475 -0.2520 0.3984 0.2669
39 46.1099 -11.3973 52.3608 0.1772 0.8617 -0.4755 0.4669 0.3253
snowman02.jpg
39 43.5024 -12.7491 43.9311 -0.3731 0.8893 -0.2645 0.4578 0.2460
39 46.1099 -11.3973 52.3608 0.1772 0.8617 -0.4755 0.4669 0.3253
39 47.2462 -14.6733 45.0709 0.8580 0.4475 -0.2520 0.3984 0.2669
snowman02.jpg
39 47.0953 -20.5308 54.9431 0.8132 -0.5809 0.0347 0.3873 0.3348
39 45.0111 -23.2956 47.5021 0.8820 -0.4690 0.0464 0.3687 0.2631
39 48.6017 -16.2100 53.6326 0.9712 -0.0143 -0.2379 0.3994 0.3376
snowman02.jpg
39 47.2462 -14.6733 45.0709 0.8580 0.4475 -0.2520 0.3984 0.2669
39 48.6017 -16.2100 53.6326 0.9712 -0.0143 -0.2379 0.3994 0.3376
39 45.0111 -23.2956 47.5021 0.8820 -0.4690 0.0464 0.3687 0.2631
snowman02.jpg
39 46.1099 -11.3973 52.3608 0.1772 0.8617 -0.4755 0.4669 0.3253
39 43.5024 -12.7491 43.9311 -0.3731 0.8893 -0.2645 0.4578 0.2460
39 40.0888 -15.1601 54.0150 -0.8491 0.5177 -0.1047 0.4891 0.3080
snowman02.jpg
39 37.8233 -18.1419 47.9428 -0.6526 0.7523 -0.0907 0.4735 0.2460
39 40.0888 -15.1601 54.0150 -0.8491 0.5177 -0.1047 0.4891 0.3080
39 43.5024 -12.7491 43.9311 -0.3731 0.8893 -0.2645 0.4578 0.2460
snowman02.jpg
39 41.1294 -23.5310 58.8869 -0.0593 -0.8508 0.5221 0.4187 0.3370
39 38.3956 -27.6324 52.2640 0.1873 -0.8823 0.4318 0.3984 0.2669
39 47.0953 -20.5308 54.9431 0.8132 -0.5809 0.0347 0.3873 0.3348
snowman02.jpg
39 45.0111 -23.2956 47.5021 0.8820 -0.4690 0.0464 0.3687 0.2631
39 47.0953 -20.5308 54.9431 0.8132 -0.5809 0.0347 0.3873 0.3348
39 38.3956 -27.6324 52.2640 0.1873 -0.8823 0.4318 0.3984 0.2669
snowman02.jpg
39 40.0888 -15.1601 54.0150 -0.8491 0.5177 -0.1047 0.4891 0.3080
39 37.8233 -18.1419 47.9428 -0.6526 0.7523 -0.0907 0.4735 0.2460
39 38.4545 -21.0600 58.0928 -0.9142 -0.1140 0.3889 0.4748 0.3240
snowman02.jpg
2 -0.2724 -1.9910 84.3937 -0.0447 -0.9774 0.2067 0.0028 0.9321
2 -0.0530 4.2060 65.3511 0.5425 -0.6518 -0.5300 0.0044 0.7632
2 2.8182 4.2060 65.6022 -0.4996 -0.6578 -0.5637 0.0034 0.7632
snowman02.jpg
40 38.5940 -31.7712 44.9824 -0.0313 -0.9239 0.3814 0.3824 0.1800
40 34.1523 -29.4596 43.8414 -0.8212 -0.5476 0.1606 0.4550 0.1800
41 32.3972 -31.4875 36.6517 -0.8148 -0.0884 0.5730 0.4644 0.0919
snowman02.jpg
41 32.3972 -31.4875 36.6517 -0.8148 -0.0884 0.5730 0.4644 0.0919
41 34.9968 -35.0544 33.4242 -0.0728 -0.9967 -0.0358 0.3935 0.0710
40 38.5940 -31.7712 44.9824 -0.0313 -0.9239 0.3814 0.3824 0.1800
snowman02.jpg
40 44.4660 -26.2637 41.3635 0.8068 -0.5900 0.0304 0.3660 0.1761
40 38.5940 -31.7712 44.9824 -0.0313 -0.9239 0.3814 0.3824 0.1800
41 34.9968 -35.0544 33.4242 -0.0728 -0.9967 -0.0358 0.3935 0.0710
snowman02.jpg
41 34.9968 -35.0544 33.4242 -0.0728 -0.9967 -0.0358 0.3935 0.0710
41 39.1560 -28.7705 30.0733 0.5490 -0.6165 -0.5644 0.3947 0.0716
40 44.4660 -26.2637 41.3635 0.8068 -0.5900 0.0304 0.3660 0.1761
snowman02.jpg
40 34.1523 -29.4596 43.8414 -0.8212 -0.5476 0.1606 0.4550 0.1800
40 37.6635 -22.5140 39.9911 -0.7289 0.4544 -0.5121 0.4637 0.1800
41 36.6932 -25.3913 33.1310 -0.6794 0.6460 0.3479 0.4633 0.0913
snowman02.jpg
41 36.6932 -25.3913 33.1310 -0.6794 0.6460 0.3479 0.4633 0.0913
41 32.3972 -31.4875 36.6517 -0.8148 -0.0884 0.5730 0.4644 0.0919
40 34.1523 -29.4596 43.8414 -0.8212 -0.5476 0.1606 0.4550 0.1800
snowman02.jpg
40 42.8094 -16.4191 36.5607 0.0724 0.8910 -0.4481 0.4550 0.1800
40 47.2511 -18.7307 37.7019 0.9722 -0.0195 -0.2335 0.3824 0.1800
41 42.9919 -22.9600 26.9852 0.5898 0.1312 -0.7968 0.3959 0.0721
snowman02.jpg
41 42.9919 -22.9600 26.9852 0.5898 0.1312 -0.7968 0.3959 0.0721
41 40.6659 -19.7685 29.8729 -0.2173 0.9427 -0.2531 0.4621 0.0908
40 42.8094 -16.4191 36.5607 0.0724 0.8910 -0.4481 0.4550 0.1800
snowman02.jpg
40 47.2511 -18.7307 37.7019 0.9722 -0.0195 -0.2335 0.3824 0.1800
40 44.4660 -26.2637 41.3635 0.8068 -0.5900 0.0304 0.3660 0.1761
41 39.1560 -28.7705 30.0733 0.5490 -0.6165 -0.5644 0.3947 0.0716
snowman02.jpg
41 39.1560 -28.7705 30.0733 0.5490 -0.6165 -0.5644 0.3947 0.0716
41 42.9919 -22.9600 26.9852 0.5898 0.1312 -0.7968 0.3959 0.0721
40 47.2511 -18.7307 37.7019 0.9722 -0.0195 -0.2335 0.3824 0.1800
snowman02.jpg
40 37.6635 -22.5140 39.9911 -0.7289 0.4544 -0.5121 0.4637 0.1800
40 42.8094 -16.4191 36.5607 0.0724 0.8910 -0.4481 0.4550 0.1800
41 40.6659 -19.7685 29.8729 -0.2173 0.9427 -0.2531 0.4621 0.0908
snowman02.jpg
41 40.6659 -19.7685 29.8729 -0.2173 0.9427 -0.2531 0.4621 0.0908
41 36.6932 -25.3913 33.1310 -0.6794 0.6460 0.3479 0.4633 0.0913
40 37.6635 -22.5140 39.9911 -0.7289 0.4544 -0.5121 0.4637 0.1800
snowman02.jpg
41 40.6659 -19.7685 29.8729 -0.2173 0.9427 -0.2531 0.4621 0.0908
41 42.9919 -22.9600 26.9852 0.5898 0.1312 -0.7968 0.3959 0.0721
41 32.5907 -21.0990 23.3087 0.0023 0.4621 -0.8868 0.4939 0.0042
snowman02.jpg
41 32.5907 -21.0990 23.3087 0.0023 0.4621 -0.8868 0.4939 0.0042
41 31.9639 -19.7203 25.0213 -0.6181 0.7832 -0.0669 0.5099 0.0174
41 40.6659 -19.7685 29.8729 -0.2173 0.9427 -0.2531 0.4621 0.0908
snowman02.jpg
41 42.9919 -22.9600 26.9852 0.5898 0.1312 -0.7968 0.3959 0.0721
41 39.1560 -28.7705 30.0733 0.5490 -0.6165 -0.5644 0.3947 0.0716
41 29.8843 -25.1292 25.4730 -0.4209 -0.1921 -0.8865 0.4934 0.0038
snowman02.jpg
41 29.8843 -25.1292 25.4730 -0.4209 -0.1921 -0.8865 0.4934 0.0038
41 32.5907 -21.0990 23.3087 0.0023 0.4621 -0.8868 0.4939 0.0042
41 42.9919 -22.9600 26.9852 0.5898 0.1312 -0.7968 0.3959 0.0721
snowman02.jpg
41 36.6932 -25.3913 33.1310 -0.6794 0.6460 0.3479 0.4633 0.0913
41 40.6659 -19.7685 29.8729 -0.2173 0.9427 -0.2531 0.4621 0.0908
41 31.9639 -19.7203 25.0213 -0.6181 0.7832 -0.0669 0.5099 0.0174
snowman02.jpg
41 31.9639 -19.7203 25.0213 -0.6181 0.7832 -0.0669 0.5099 0.0174
41 29.2206 -23.6694 27.2861 -0.7886 0.6067 0.1005 0.5104 0.0178
41 36.6932 -25.3913 33.1310 -0.6794 0.6460 0.3479 0.4633 0.0913
snowman02.jpg
41 39.1560 -28.7705 30.0733 0.5490 -0.6165 -0.5644 0.3947 0.0716
41 34.9968 -35.0544 33.4242 -0.0728 -0.9967 -0.0358 0.3935 0.0710
41 27.0499 -29.3469 27.7412 -0.5893 -0.3755 -0.7154 0.4929 0.0034
snowman02.jpg
41 27.0499 -29.3469 27.7412 -0.5893 -0.3755 -0.7154 0.4929 0.0034
41 29.8843 -25.1292 25.4730 -0.4209 -0.1921 -0.8865 0.4934 0.0038
41 39.1560 -28.7705 30.0733 0.5490 -0.6165 -0.5644 0.3947 0.0716
snowman02.jpg
41 34.9968 -35.0544 33.4242 -0.0728 -0.9967 -0.0358 0.3935 0.0710
41 32.3972 -31.4875 36.6517 -0.8148 -0.0884 0.5730 0.4644 0.0919
41 26.3493 -27.8061 29.6552 -0.9544 -0.1689 0.2461 0.5108 0.0182
snowman02.jpg
41 26.3493 -27.8061 29.6552 -0.9544 -0.1689 0.2461 0.5108 0.0182
41 27.0499 -29.3469 27.7412 -0.5893 -0.3755 -0.7154 0.4929 0.0034
41 34.9968 -35.0544 33.4242 -0.0728 -0.9967 -0.0358 0.3935 0.0710
snowman02.jpg
41 32.3972 -31.4875 36.6517 -0.8148 -0.0884 0.5730 0.4644 0.0919
41 36.6932 -25.3913 33.1310 -0.6794 0.6460 0.3479 0.4633 0.0913
41 29.2206 -23.6694 27.2861 -0.7886 0.6067 0.1005 0.5104 0.0178
snowman02.jpg
41 29.2206 -23.6694 27.2861 -0.7886 0.6067 0.1005 0.5104 0.0178
41 26.3493 -27.8061 29.6552 -0.9544 -0.1689 0.2461 0.5108 0.0182
41 32.3972 -31.4875 36.6517 -0.8148 -0.0884 0.5730 0.4644 0.0919
snowman02.jpg
39 38.3956 -27.6324 52.2640 0.1873 -0.8823 0.4318 0.3984 0.2669
39 41.1294 -23.5310 58.8869 -0.0593 -0.8508 0.5221 0.4187 0.3370
39 34.6518 -25.7082 51.1242 -0.7624 -0.1650 0.6257 0.4578 0.2460
snowman02.jpg
39 41.1294 -23.5310 58.8869 -0.0593 -0.8508 0.5221 0.4187 0.3370
39 38.4545 -21.0600 58.0928 -0.9142 -0.1140 0.3889 0.4748 0.3240
39 34.6518 -25.7082 51.1242 -0.7624 -0.1650 0.6257 0.4578 0.2460
snowman02.jpg
39 34.6518 -25.7082 51.1242 -0.7624 -0.1650 0.6257 0.4578 0.2460
39 38.4545 -21.0600 58.0928 -0.9142 -0.1140 0.3889 0.4748 0.3240
39 37.8233 -18.1419 47.9428 -0.6526 0.7523 -0.0907 0.4735 0.2460
snowman02.jpg
40 34.1523 -29.4596 43.8414 -0.8212 -0.5476 0.1606 0.4550 0.1800
39 34.6518 -25.7082 51.1242 -0.7624 -0.1650 0.6257 0.4578 0.2460
40 28.8887 -23.7153 44.8107 -0.8120 -0.0622 0.5804 0.5105 0.2065
snowman02.jpg
40 28.8887 -23.7153 44.8107 -0.8120 -0.0622 0.5804 0.5105 0.2065
40 30.2958 -26.0565 42.2903 -0.2974 -0.9089 -0.2924 0.4948 0.1767
40 34.1523 -29.4596 43.8414 -0.8212 -0.5476 0.1606 0.4550 0.1800
snowman02.jpg
39 37.8233 -18.1419 47.9428 -0.6526 0.7523 -0.0907 0.4735 0.2460
40 37.6635 -22.5140 39.9911 -0.7289 0.4544 -0.5121 0.4637 0.1800
40 32.1126 -22.6476 40.1676 0.3895 0.1496 -0.9088 0.4988 0.1749
snowman02.jpg
40 32.1126 -22.6476 40.1676 0.3895 0.1496 -0.9088 0.4988 0.1749
40 30.3973 -20.2260 42.4654 -0.2013 0.9795 -0.0052 0.5176 0.2032
39 37.8233 -18.1419 47.9428 -0.6526 0.7523 -0.0907 0.4735 0.2460
snowman02.jpg
40 37.6635 -22.5140 39.9911 -0.7289 0.4544 -0.5121 0.4637 0.1800
40 34.1523 -29.4596 43.8414 -0.8212 -0.5476 0.1606 0.4550 0.1800
40 30.2958 -26.0565 42.2903 -0.2974 -0.9089 -0.2924 0.4948 0.1767
snowman02.jpg
40 30.2958 -26.0565 42.2903 -0.2974 -0.9089 -0.2924 0.4948 0.1767
40 32.1126 -22.6476 40.1676 0.3895 0.1496 -0.9088 0.4988 0.1749
40 37.6635 -22.5140 39.9911 -0.7289 0.4544 -0.5121 0.4637 0.1800
snowman02.jpg
39 34.6518 -25.7082 51.1242 -0.7624 -0.1650 0.6257 0.4578 0.2460
39 37.8233 -18.1419 47.9428 -0.6526 0.7523 -0.0907 0.4735 0.2460
40 30.3973 -20.2260 42.4654 -0.2013 0.9795 -0.0052 0.5176 0.2032
snowman02.jpg
40 30.3973 -20.2260 42.4654 -0.2013 0.9795 -0.0052 0.5176 0.2032
40 28.8887 -23.7153 44.8107 -0.8120 -0.0622 0.5804 0.5105 0.2065
39 34.6518 -25.7082 51.1242 -0.7624 -0.1650 0.6257 0.4578 0.2460
snowman02.jpg
40 30.3973 -20.2260 42.4654 -0.2013 0.9795 -0.0052 0.5176 0.2032
40 32.1126 -22.6476 40.1676 0.3895 0.1496 -0.9088 0.4988 0.1749
40 26.5082 -23.3604 35.8554 0.1585 0.3672 -0.9165 0.5489 0.1365
snowman02.jpg
40 26.5082 -23.3604 35.8554 0.1585 0.3672 -0.9165 0.5489 0.1365
40 25.3944 -21.7879 37.3475 -0.7737 0.5927 -0.2238 0.5612 0.1549
40 30.3973 -20.2260 42.4654 -0.2013 0.9795 -0.0052 0.5176 0.2032
snowman02.jpg
40 32.1126 -22.6476 40.1676 0.3895 0.1496 -0.9088 0.4988 0.1749
40 30.2958 -26.0565 42.2903 -0.2974 -0.9089 -0.2924 0.4948 0.1767
40 25.3284 -25.5740 37.2338 -0.3794 -0.6727 -0.6352 0.5464 0.1377
snowman02.jpg
40 25.3284 -25.5740 37.2338 -0.3794 -0.6727 -0.6352 0.5464 0.1377
40 26.5082 -23.3604 35.8554 0.1585 0.3672 -0.9165 0.5489 0.1365
40 32.1126 -22.6476 40.1676 0.3895 0.1496 -0.9088 0.4988 0.1749
snowman02.jpg
40 30.2958 -26.0565 42.2903 -0.2974 -0.9089 -0.2924 0.4948 0.1767
40 28.8887 -23.7153 44.8107 -0.8120 -0.0622 0.5804 0.5105 0.2065
40 24.4148 -24.0536 38.8704 -0.9044 -0.3174 0.2852 0.5565 0.1570
snowman02.jpg
40 24.4148 -24.0536 38.8704 -0.9044 -0.3174 0.2852 0.5565 0.1570
40 25.3284 -25.5740 37.2338 -0.3794 -0.6727 -0.6352 0.5464 0.1377
40 30.2958 -26.0565 42.2903 -0.2974 -0.9089 -0.2924 0.4948 0.1767
snowman02.jpg
40 28.8887 -23.7153 44.8107 -0.8120 -0.0622 0.5804 0.5105 0.2065
40 30.3973 -20.2260 42.4654 -0.2013 0.9795 -0.0052 0.5176 0.2032
40 25.3944 -21.7879 37.3475 -0.7737 0.5927 -0.2238 0.5612 0.1549
snowman02.jpg
40 25.3944 -21.7879 37.3475 -0.7737 0.5927 -0.2238 0.5612 0.1549
40 24.4148 -24.0536 38.8704 -0.9044 -0.3174 0.2852 0.5565 0.1570
40 28.8887 -23.7153 44.8107 -0.8120 -0.0622 0.5804 0.5105 0.2065
snowman02.jpg
5 33.8868 32.4927 4.0194 0.9889 0.0512 -0.1398 0.2822 0.0336
5 32.2737 41.6107 2.1634 0.5054 0.0820 -0.8590 0.2822 0.0169
4 27.8039 37.3584 18.2787 0.9325 0.1843 0.3106 0.2388 0.1462
snowman02.jpg
4 27.8039 37.3584 18.2787 0.9325 0.1843 0.3106 0.2388 0.1462
5 30.6432 31.9177 11.8733 0.5994 -0.3754 0.7070 0.2493 0.1035
5 33.8868 32.4927 4.0194 0.9889 0.0512 -0.1398 0.2822 0.0336
snowman02.jpg
5 15.7323 27.0261 9.2998 -0.8103 -0.5799 0.0844 0.0940 0.0806
5 18.7980 29.7839 12.6566 -0.4120 -0.4088 0.8144 0.1290 0.1105
4 15.9470 33.8207 14.2066 -0.4466 -0.8662 0.2242 0.1115 0.1405
snowman02.jpg
4 15.9470 33.8207 14.2066 -0.4466 -0.8662 0.2242 0.1115 0.1405
5 13.1549 37.1743 11.7777 -0.7774 0.0117 0.6289 0.0863 0.1025
5 15.7323 27.0261 9.2998 -0.8103 -0.5799 0.0844 0.0940 0.0806
snowman02.jpg
5 36.4346 14.4981 1.3479 0.7379 -0.5816 -0.3423 0.2760 0.0102
5 34.8235 15.4261 3.9782 0.7209 -0.2712 0.6378 0.2618 0.0335
5 27.5579 12.4677 5.4021 0.3878 -0.6630 0.6403 0.1851 0.0463
snowman02.jpg
5 27.5579 12.4677 5.4021 0.3878 -0.6630 0.6403 0.1851 0.0463
5 28.1864 11.5312 1.2867 0.1356 -0.6837 -0.7170 0.1896 0.0097
5 36.4346 14.4981 1.3479 0.7379 -0.5816 -0.3423 0.2760 0.0102
snowman02.jpg
5 28.1864 11.5312 1.2867 0.1356 -0.6837 -0.7170 0.1896 0.0097
5 27.5579 12.4677 5.4021 0.3878 -0.6630 0.6403 0.1851 0.0463
5 24.3275 11.2321 6.1384 0.0918 -0.7693 0.6322 0.1511 0.0528
snowman02.jpg
5 24.3275 11.2321 6.1384 0.0918 -0.7693 0.6322 0.1511 0.0528
5 22.7072 9.9960 1.6227 -0.6096 -0.7874 0.0920 0.1330 0.0127
5 28.1864 11.5312 1.2867 0.1356 -0.6837 -0.7170 0.1896 0.0097
snowman02.jpg
5 30.6432 31.9177 11.8733 0.5994 -0.3754 0.7070 0.2493 0.1035
4 27.8039 37.3584 18.2787 0.9325 0.1843 0.3106 0.2388 0.1462
4 22.5652 30.5145 14.7675 0.3580 -0.8798 -0.3127 0.1708 0.1691
snowman02.jpg
4 22.5652 30.5145 14.7675 0.3580 -0.8798 -0.3127 0.1708 0.1691
5 23.1278 30.1732 13.7062 -0.0288 -0.5854 0.8102 0.1723 0.1198
5 30.6432 31.9177 11.8733 0.5994 -0.3754 0.7070 0.2493 0.1035
snowman02.jpg
5 23.1278 30.1732 13.7062 -0.0288 -0.5854 0.8102 0.1723 0.1198
4 22.5652 30.5145 14.7675 0.3580 -0.8798 -0.3127 0.1708 0.1691
4 15.9470 33.8207 14.2066 -0.4466 -0.8662 0.2242 0.1115 0.1405
snowman02.jpg
4 15.9470 33.8207 14.2066 -0.4466 -0.8662 0.2242 0.1115 0.1405
5 18.7980 29.7839 12.6566 -0.4120 -0.4088 0.8144 0.1290 0.1105
5 23.1278 30.1732 13.7062 -0.0288 -0.5854 0.8102 0.1723 0.1198
snowman02.jpg
5 32.2737 41.6107 2.1634 0.5054 0.0820 -0.8590 0.2822 0.0169
5 33.8868 32.4927 4.0194 0.9889 0.0512 -0.1398 0.2822 0.0336
5 22.7641 30.4886 3.8400 0.0044 -0.3714 -0.9285 0.1692 0.0320
snowman02.jpg
5 22.7641 30.4886 3.8400 0.0044 -0.3714 -0.9285 0.1692 0.0320
5 21.2177 39.2404 1.1373 0.1422 -0.1072 -0.9840 0.1692 0.0078
5 32.2737 41.6107 2.1634 0.5054 0.0820 -0.8590 0.2822 0.0169
snowman02.jpg
5 9.5578 25.6389 0.2897 -0.7264 -0.2664 -0.6336 0.0307 0.0005
5 11.3812 23.6745 0.9925 0.2818 -0.5520 -0.7848 0.0453 0.0068
5 10.1702 23.6041 2.9735 -0.1178 -0.9647 0.2355 0.0332 0.0244
snowman02.jpg
5 10.1702 23.6041 2.9735 -0.1178 -0.9647 0.2355 0.0332 0.0244
5 8.1361 25.6508 2.3244 -0.9490 -0.2453 0.1978 0.0168 0.0186
5 9.5578 25.6389 0.2897 -0.7264 -0.2664 -0.6336 0.0307 0.0005
snowman02.jpg
5 18.7980 29.7839 12.6566 -0.4120 -0.4088 0.8144 0.1290 0.1105
5 15.7323 27.0261 9.2998 -0.8103 -0.5799 0.0844 0.0940 0.0806
5 18.2983 18.9238 6.2713 -0.9360 -0.1902 -0.2963 0.1051 0.0538
snowman02.jpg
5 18.2983 18.9238 6.2713 -0.9360 -0.1902 -0.2963 0.1051 0.0538
5 20.8687 20.1124 10.6142 -0.4066 -0.4375 0.8021 0.1325 0.0925
5 18.7980 29.7839 12.6566 -0.4120 -0.4088 0.8144 0.1290 0.1105
snowman02.jpg
5 23.1278 30.1732 13.7062 -0.0288 -0.5854 0.8102 0.1723 0.1198
5 18.7980 29.7839 12.6566 -0.4120 -0.4088 0.8144 0.1290 0.1105
5 20.8687 20.1124 10.6142 -0.4066 -0.4375 0.8021 0.1325 0.0925
snowman02.jpg
5 20.8687 20.1124 10.6142 -0.4066 -0.4375 0.8021 0.1325 0.0925
5 25.0836 21.2050 10.5651 0.2630 -0.3475 0.9000 0.1759 0.0920
5 23.1278 30.1732 13.7062 -0.0288 -0.5854 0.8102 0.1723 0.1198
snowman02.jpg
5 15.7323 27.0261 9.2998 -0.8103 -0.5799 0.0844 0.0940 0.0806
5 22.7641 30.4886 3.8400 0.0044 -0.3714 -0.9285 0.1692 0.0320
5 26.6948 20.6254 3.1483 -0.2439 0.1115 -0.9634 0.1908 0.0261
snowman02.jpg
5 26.6948 20.6254 3.1483 -0.2439 0.1115 -0.9634 0.1908 0.0261
5 18.2983 18.9238 6.2713 -0.9360 -0.1902 -0.2963 0.1051 0.0538
5 15.7323 27.0261 9.2998 -0.8103 -0.5799 0.0844 0.0940 0.0806
snowman02.jpg
5 33.8868 32.4927 4.0194 0.9889 0.0512 -0.1398 0.2822 0.0336
5 30.6432 31.9177 11.8733 0.5994 -0.3754 0.7070 0.2493 0.1035
5 32.2746 23.8148 8.5911 0.7084 -0.1708 0.6848 0.2513 0.0744
snowman02.jpg
5 32.2746 23.8148 8.5911 0.7084 -0.1708 0.6848 0.2513 0.0744
5 34.3620 23.1784 3.2960 0.8236 0.1708 -0.5408 0.2707 0.0273
5 33.8868 32.4927 4.0194 0.9889 0.0512 -0.1398 0.2822 0.0336
snowman02.jpg
5 30.6432 31.9177 11.8733 0.5994 -0.3754 0.7070 0.2493 0.1035
5 23.1278 30.1732 13.7062 -0.0288 -0.5854 0.8102 0.1723 0.1198
5 25.0836 21.2050 10.5651 0.2630 -0.3475 0.9000 0.1759 0.0920
snowman02.jpg
5 25.0836 21.2050 10.5651 0.2630 -0.3475 0.9000 0.1759 0.0920
5 32.2746 23.8148 8.5911 0.7084 -0.1708 0.6848 0.2513 0.0744
5 30.6432 31.9177 11.8733 0.5994 -0.3754 0.7070 0.2493 0.1035
snowman02.jpg
5 22.7641 30.4886 3.8400 0.0044 -0.3714 -0.9285 0.1692 0.0320
5 33.8868 32.4927 4.0194 0.9889 0.0512 -0.1398 0.2822 0.0336
5 34.3620 23.1784 3.2960 0.8236 0.1708 -0.5408 0.2707 0.0273
snowman02.jpg
5 34.3620 23.1784 3.2960 0.8236 0.1708 -0.5408 0.2707 0.0273
5 26.6948 20.6254 3.1483 -0.2439 0.1115 -0.9634 0.1908 0.0261
5 22.7641 30.4886 3.8400 0.0044 -0.3714 -0.9285 0.1692 0.0320
snowman02.jpg
5 34.3620 23.1784 3.2960 0.8236 0.1708 -0.5408 0.2707 0.0273
5 32.2746 23.8148 8.5911 0.7084 -0.1708 0.6848 0.2513 0.0744
5 34.8235 15.4261 3.9782 0.7209 -0.2712 0.6378 0.2618 0.0335
snowman02.jpg
5 34.8235 15.4261 3.9782 0.7209 -0.2712 0.6378 0.2618 0.0335
5 36.4346 14.4981 1.3479 0.7379 -0.5816 -0.3423 0.2760 0.0102
5 34.3620 23.1784 3.2960 0.8236 0.1708 -0.5408 0.2707 0.0273
snowman02.jpg
5 32.2746 23.8148 8.5911 0.7084 -0.1708 0.6848 0.2513 0.0744
5 25.0836 21.2050 10.5651 0.2630 -0.3475 0.9000 0.1759 0.0920
5 27.5579 12.4677 5.4021 0.3878 -0.6630 0.6403 0.1851 0.0463
snowman02.jpg
5 27.5579 12.4677 5.4021 0.3878 -0.6630 0.6403 0.1851 0.0463
5 34.8235 15.4261 3.9782 0.7209 -0.2712 0.6378 0.2618 0.0335
5 32.2746 23.8148 8.5911 0.7084 -0.1708 0.6848 0.2513 0.0744
snowman02.jpg
5 26.6948 20.6254 3.1483 -0.2439 0.1115 -0.9634 0.1908 0.0261
5 34.3620 23.1784 3.2960 0.8236 0.1708 -0.5408 0.2707 0.0273
5 36.4346 14.4981 1.3479 0.7379 -0.5816 -0.3423 0.2760 0.0102
snowman02.jpg
5 36.4346 14.4981 1.3479 0.7379 -0.5816 -0.3423 0.2760 0.0102
5 28.1864 11.5312 1.2867 0.1356 -0.6837 -0.7170 0.1896 0.0097
5 26.6948 20.6254 3.1483 -0.2439 0.1115 -0.9634 0.1908 0.0261
snowman02.jpg
5 25.0836 21.2050 10.5651 0.2630 -0.3475 0.9000 0.1759 0.0920
5 20.8687 20.1124 10.6142 -0.4066 -0.4375 0.8021 0.1325 0.0925
5 24.3275 11.2321 6.1384 0.0918 -0.7693 0.6322 0.1511 0.0528
snowman02.jpg
5 24.3275 11.2321 6.1384 0.0918 -0.7693 0.6322 0.1511 0.0528
5 27.5579 12.4677 5.4021 0.3878 -0.6630 0.6403 0.1851 0.0463
5 25.0836 21.2050 10.5651 0.2630 -0.3475 0.9000 0.1759 0.0920
snowman02.jpg
5 20.8687 20.1124 10.6142 -0.4066 -0.4375 0.8021 0.1325 0.0925
5 18.2983 18.9238 6.2713 -0.9360 -0.1902 -0.2963 0.1051 0.0538
5 22.7072 9.9960 1.6227 -0.6096 -0.7874 0.0920 0.1330 0.0127
snowman02.jpg
5 22.7072 9.9960 1.6227 -0.6096 -0.7874 0.0920 0.1330 0.0127
5 24.3275 11.2321 6.1384 0.0918 -0.7693 0.6322 0.1511 0.0528
5 20.8687 20.1124 10.6142 -0.4066 -0.4375 0.8021 0.1325 0.0925
snowman02.jpg
5 18.2983 18.9238 6.2713 -0.9360 -0.1902 -0.2963 0.1051 0.0538
5 26.6948 20.6254 3.1483 -0.2439 0.1115 -0.9634 0.1908 0.0261
5 28.1864 11.5312 1.2867 0.1356 -0.6837 -0.7170 0.1896 0.0097
snowman02.jpg
5 28.1864 11.5312 1.2867 0.1356 -0.6837 -0.7170 0.1896 0.0097
5 22.7072 9.9960 1.6227 -0.6096 -0.7874 0.0920 0.1330 0.0127
5 18.2983 18.9238 6.2713 -0.9360 -0.1902 -0.2963 0.1051 0.0538
snowman02.jpg
5 21.2177 39.2404 1.1373 0.1422 -0.1072 -0.9840 0.1692 0.0078
5 22.7641 30.4886 3.8400 0.0044 -0.3714 -0.9285 0.1692 0.0320
5 15.7322 29.2155 1.9346 0.5553 -0.6531 -0.5149 0.0978 0.0151
snowman02.jpg
5 15.7322 29.2155 1.9346 0.5553 -0.6531 -0.5149 0.0978 0.0151
5 10.1130 32.5532 0.4526 -0.2873 0.0613 -0.9559 0.0482 0.0018
5 21.2177 39.2404 1.1373 0.1422 -0.1072 -0.9840 0.1692 0.0078
snowman02.jpg
5 22.7641 30.4886 3.8400 0.0044 -0.3714 -0.9285 0.1692 0.0320
5 15.7323 27.0261 9.2998 -0.8103 -0.5799 0.0844 0.0940 0.0806
5 12.8433 28.9216 7.1316 -0.4376 -0.7301 0.5248 0.0688 0.0613
snowman02.jpg
5 12.8433 28.9216 7.1316 -0.4376 -0.7301 0.5248 0.0688 0.0613
5 15.7322 29.2155 1.9346 0.5553 -0.6531 -0.5149 0.0978 0.0151
5 22.7641 30.4886 3.8400 0.0044 -0.3714 -0.9285 0.1692 0.0320
snowman02.jpg
5 10.1130 32.5532 0.4526 -0.2873 0.0613 -0.9559 0.0482 0.0018
5 15.7322 29.2155 1.9346 0.5553 -0.6531 -0.5149 0.0978 0.0151
5 11.3812 23.6745 0.9925 0.2818 -0.5520 -0.7848 0.0453 0.0068
snowman02.jpg
5 11.3812 23.6745 0.9925 0.2818 -0.5520 -0.7848 0.0453 0.0068
5 9.5578 25.6389 0.2897 -0.7264 -0.2664 -0.6336 0.0307 0.0005
5 10.1130 32.5532 0.4526 -0.2873 0.0613 -0.9559 0.0482 0.0018
snowman02.jpg
5 15.7322 29.2155 1.9346 0.5553 -0.6531 -0.5149 0.0978 0.0151
5 12.8433 28.9216 7.1316 -0.4376 -0.7301 0.5248 0.0688 0.0613
5 10.1702 23.6041 2.9735 -0.1178 -0.9647 0.2355 0.0332 0.0244
snowman02.jpg
5 10.1702 23.6041 2.9735 -0.1178 -0.9647 0.2355 0.0332 0.0244
5 11.3812 23.6745 0.9925 0.2818 -0.5520 -0.7848 0.0453 0.0068
5 15.7322 29.2155 1.9346 0.5553 -0.6531 -0.5149 0.0978 0.0151
snowman02.jpg
5 12.8433 28.9216 7.1316 -0.4376 -0.7301 0.5248 0.0688 0.0613
5 10.1826 32.9685 4.6958 -0.9744 0.1555 0.1622 0.0497 0.0396
5 8.1361 25.6508 2.3244 -0.9490 -0.2453 0.1978 0.0168 0.0186
snowman02.jpg
5 8.1361 25.6508 2.3244 -0.9490 -0.2453 0.1978 0.0168 0.0186
5 10.1702 23.6041 2.9735 -0.1178 -0.9647 0.2355 0.0332 0.0244
5 12.8433 28.9216 7.1316 -0.4376 -0.7301 0.5248 0.0688 0.0613
snowman02.jpg
5 10.1826 32.9685 4.6958 -0.9744 0.1555 0.1622 0.0497 0.0396
5 10.1130 32.5532 0.4526 -0.2873 0.0613 -0.9559 0.0482 0.0018
5 9.5578 25.6389 0.2897 -0.7264 -0.2664 -0.6336 0.0307 0.0005
snowman02.jpg
5 9.5578 25.6389 0.2897 -0.7264 -0.2664 -0.6336 0.0307 0.0005
5 8.1361 25.6508 2.3244 -0.9490 -0.2453 0.1978 0.0168 0.0186
5 10.1826 32.9685 4.6958 -0.9744 0.1555 0.1622 0.0497 0.0396
snowman02.jpg
5 25.6163 50.7985 1.2798 0.3672 0.8957 0.2506 0.2327 0.0089
4 27.8039 37.3584 18.2787 0.9325 0.1843 0.3106 0.2388 0.1462
5 32.2737 41.6107 2.1634 0.5054 0.0820 -0.8590 0.2822 0.0169
snowman02.jpg
5 13.1549 37.1743 11.7777 -0.7774 0.0117 0.6289 0.0863 0.1025
4 15.9470 33.8207 14.2066 -0.4466 -0.8662 0.2242 0.1115 0.1405
5 15.6789 49.8464 1.5950 -0.6061 0.5020 -0.6169 0.1332 0.0117
snowman02.jpg
5 15.6789 49.8464 1.5950 -0.6061 0.5020 -0.6169 0.1332 0.0117
5 25.6163 50.7985 1.2798 0.3672 0.8957 0.2506 0.2327 0.0089
5 32.2737 41.6107 2.1634 0.5054 0.0820 -0.8590 0.2822 0.0169
snowman02.jpg
5 32.2737 41.6107 2.1634 0.5054 0.0820 -0.8590 0.2822 0.0169
5 21.2177 39.2404 1.1373 0.1422 -0.1072 -0.9840 0.1692 0.0078
5 15.6789 49.8464 1.5950 -0.6061 0.5020 -0.6169 0.1332 0.0117
snowman02.jpg
5 10.1826 32.9685 4.6958 -0.9744 0.1555 0.1622 0.0497 0.0396
5 13.1549 37.1743 11.7777 -0.7774 0.0117 0.6289 0.0863 0.1025
5 15.6789 49.8464 1.5950 -0.6061 0.5020 -0.6169 0.1332 0.0117
snowman02.jpg
5 10.1826 32.9685 4.6958 -0.9744 0.1555 0.1622 0.0497 0.0396
5 15.6789 49.8464 1.5950 -0.6061 0.5020 -0.6169 0.1332 0.0117
5 10.1130 32.5532 0.4526 -0.2873 0.0613 -0.9559 0.0482 0.0018
snowman02.jpg
5 10.1130 32.5532 0.4526 -0.2873 0.0613 -0.9559 0.0482 0.0018
5 15.6789 49.8464 1.5950 -0.6061 0.5020 -0.6169 0.1332 0.0117
5 21.2177 39.2404 1.1373 0.1422 -0.1072 -0.9840 0.1692 0.0078
snowman02.jpg
5 15.7323 27.0261 9.2998 -0.8103 -0.5799 0.0844 0.0940 0.0806
5 13.1549 37.1743 11.7777 -0.7774 0.0117 0.6289 0.0863 0.1025
5 12.8433 28.9216 7.1316 -0.4376 -0.7301 0.5248 0.0688 0.0613
snowman02.jpg
5 12.8433 28.9216 7.1316 -0.4376 -0.7301 0.5248 0.0688 0.0613
5 13.1549 37.1743 11.7777 -0.7774 0.0117 0.6289 0.0863 0.1025
5 10.1826 32.9685 4.6958 -0.9744 0.1555 0.1622 0.0497 0.0396
snowman02.jpg
27 -40.1214 -25.8876 31.0951 -0.0194 0.8170 -0.5763 0.4547 0.1800
26 -44.9569 -22.7892 39.0146 -0.8284 0.4261 -0.3636 0.3981 0.2669
26 -41.0972 -21.1444 37.8249 0.4153 0.8316 -0.3688 0.4575 0.2460
snowman02.jpg
26 -44.9569 -22.7892 39.0146 -0.8284 0.4261 -0.3636 0.3981 0.2669
27 -40.1214 -25.8876 31.0951 -0.0194 0.8170 -0.5763 0.4547 0.1800
27 -44.6902 -27.8985 32.3021 -0.9582 -0.0304 -0.2843 0.3821 0.1800
snowman02.jpg
27 -32.2921 -37.9215 40.6815 0.7933 -0.5378 0.2855 0.4547 0.1800
26 -36.9272 -34.7600 48.5138 -0.2385 -0.8047 0.5437 0.3981 0.2669
27 -36.8609 -39.9324 41.8885 -0.0190 -0.8585 0.5125 0.3821 0.1800
snowman02.jpg
26 -36.9272 -34.7600 48.5138 -0.2385 -0.8047 0.5437 0.3981 0.2669
27 -32.2921 -37.9215 40.6815 0.7933 -0.5378 0.2855 0.4547 0.1800
26 -33.0675 -33.1152 47.3240 0.7226 -0.0896 0.6855 0.4575 0.2460
snowman02.jpg
28 -28.7949 -31.0957 20.8268 0.6458 0.7498 -0.1443 0.5096 0.0174
28 -26.9183 -36.4281 22.1793 0.4613 -0.3304 -0.8234 0.4931 0.0038
28 -29.3734 -32.6956 19.2997 0.0601 0.3266 -0.9432 0.4936 0.0042
snowman02.jpg
28 -26.9183 -36.4281 22.1793 0.4613 -0.3304 -0.8234 0.4931 0.0038
28 -28.7949 -31.0957 20.8268 0.6458 0.7498 -0.1443 0.5096 0.0174
28 -26.3057 -34.7341 23.7962 0.8012 0.5957 0.0565 0.5101 0.0178
snowman02.jpg
28 -26.3057 -34.7341 23.7962 0.8012 0.5957 0.0565 0.5101 0.0178
28 -24.3471 -40.3337 25.1963 0.6143 -0.4907 -0.6180 0.4926 0.0034
28 -26.9183 -36.4281 22.1793 0.4613 -0.3304 -0.8234 0.4931 0.0038
snowman02.jpg
28 -24.3471 -40.3337 25.1963 0.6143 -0.4907 -0.6180 0.4926 0.0034
28 -26.3057 -34.7341 23.7962 0.8012 0.5957 0.0565 0.5101 0.0178
28 -23.7005 -38.5456 26.9031 0.9339 -0.1539 0.3226 0.5105 0.0182
snowman02.jpg
27 -44.6902 -27.8985 32.3021 -0.9582 -0.0304 -0.2843 0.3821 0.1800
26 -43.1349 -31.0119 42.7985 -0.8978 -0.4359 0.0628 0.3684 0.2631
26 -44.9569 -22.7892 39.0146 -0.8284 0.4261 -0.3636 0.3981 0.2669
snowman02.jpg
26 -43.1349 -31.0119 42.7985 -0.8978 -0.4359 0.0628 0.3684 0.2631
27 -44.6902 -27.8985 32.3021 -0.9582 -0.0304 -0.2843 0.3821 0.1800
27 -42.3499 -34.8765 37.1747 -0.8258 -0.5598 0.0687 0.3657 0.1761
snowman02.jpg
27 -42.3499 -34.8765 37.1747 -0.8258 -0.5598 0.0687 0.3657 0.1761
26 -36.9272 -34.7600 48.5138 -0.2385 -0.8047 0.5437 0.3981 0.2669
26 -43.1349 -31.0119 42.7985 -0.8978 -0.4359 0.0628 0.3684 0.2631
snowman02.jpg
26 -36.9272 -34.7600 48.5138 -0.2385 -0.8047 0.5437 0.3981 0.2669
27 -42.3499 -34.8765 37.1747 -0.8258 -0.5598 0.0687 0.3657 0.1761
27 -36.8609 -39.9324 41.8885 -0.0190 -0.8585 0.5125 0.3821 0.1800
snowman02.jpg
26 -41.0972 -21.1444 37.8249 0.4153 0.8316 -0.3688 0.4575 0.2460
27 -35.3661 -31.5346 35.6662 0.7695 0.3566 -0.5297 0.4634 0.1800
27 -40.1214 -25.8876 31.0951 -0.0194 0.8170 -0.5763 0.4547 0.1800
snowman02.jpg
27 -35.3661 -31.5346 35.6662 0.7695 0.3566 -0.5297 0.4634 0.1800
26 -41.0972 -21.1444 37.8249 0.4153 0.8316 -0.3688 0.4575 0.2460
26 -35.8181 -26.0243 42.8989 0.6804 0.7148 -0.1613 0.4732 0.2460
snowman02.jpg
27 -22.9560 -31.5012 33.6569 0.8033 0.5345 -0.2626 0.5609 0.1549
27 -23.0065 -35.2633 34.0989 0.3909 -0.7677 -0.5077 0.5460 0.1377
27 -24.0386 -33.2486 32.3476 -0.0973 0.2322 -0.9678 0.5486 0.1365
snowman02.jpg
27 -23.0065 -35.2633 34.0989 0.3909 -0.7677 -0.5077 0.5460 0.1377
27 -22.9560 -31.5012 33.6569 0.8033 0.5345 -0.2626 0.5609 0.1549
27 -22.1330 -33.5415 35.5470 0.8771 -0.2938 0.3800 0.5562 0.1570
snowman02.jpg
2 -9.5164 26.6572 85.3722 -0.5057 0.8171 0.2769 0.9093 0.4390
18 -3.5348 10.9130 130.9872 -0.1493 0.7243 0.6731 0.9927 0.7593
17 -1.9068 30.2681 99.7492 -0.0265 0.9907 0.1334 0.9927 0.4775
snowman02.jpg
2 -14.0316 3.0607 83.0964 -0.4696 -0.7493 0.4669 0.8663 0.4221
2 -0.2724 -1.9910 84.3937 -0.0447 -0.9774 0.2067 0.9927 0.4229
18 -14.0608 2.8532 90.1428 -0.6227 -0.4003 -0.6723 0.8466 0.5806
snowman02.jpg
17 0.8021 -0.4725 84.8329 0.0384 0.9984 -0.0406 0.9929 0.5269
18 -14.0608 2.8532 90.1428 -0.6227 -0.4003 -0.6723 0.8466 0.5806
2 -0.2724 -1.9910 84.3937 -0.0447 -0.9774 0.2067 0.9927 0.4229
snowman02.jpg
18 -10.2833 -1.6031 86.3413 -0.6142 -0.0739 -0.7857 0.8725 0.5899
18 3.5887 -2.6832 81.2607 0.0778 0.1312 -0.9883 0.9914 0.5688
18 -12.6861 -18.3928 94.9402 -0.5946 -0.6364 -0.4914 0.8443 0.7561
snowman02.jpg
18 4.4672 -22.0501 91.9050 0.1508 -0.8782 -0.4539 0.9927 0.7648
18 -12.6861 -18.3928 94.9402 -0.5946 -0.6364 -0.4914 0.8443 0.7561
18 3.5887 -2.6832 81.2607 0.0778 0.1312 -0.9883 0.9914 0.5688
snowman02.jpg
2 -9.5164 26.6572 85.3722 -0.5057 0.8171 0.2769 0.0812 0.9480
2 0.2908 27.1269 77.9565 -0.0324 0.9333 -0.3576 0.0028 0.8747
2 -10.1933 33.3226 76.4093 -0.0948 0.9751 -0.2007 0.0958 0.8691
snowman02.jpg
2 -10.1933 33.3226 76.4093 -0.0948 0.9751 -0.2007 0.0958 0.8691
2 -19.9636 20.2850 80.2012 -0.8296 0.5050 0.2382 0.1898 0.9102
2 -9.5164 26.6572 85.3722 -0.5057 0.8171 0.2769 0.0812 0.9480
snowman02.jpg
18 -3.5348 10.9130 130.9872 -0.1493 0.7243 0.6731 0.9927 0.7593
2 -9.5164 26.6572 85.3722 -0.5057 0.8171 0.2769 0.9093 0.4390
18 -19.3693 16.6072 110.9816 -0.7671 0.5535 0.3244 0.8336 0.6043
snowman02.jpg
18 -19.3693 16.6072 110.9816 -0.7671 0.5535 0.3244 0.8336 0.6043
18 -25.9207 3.3372 122.6221 -0.6694 0.6940 0.2650 0.7745 0.7632
18 -3.5348 10.9130 130.9872 -0.1493 0.7243 0.6731 0.9927 0.7593
snowman02.jpg
18 -25.9207 3.3372 122.6221 -0.6694 0.6940 0.2650 0.7745 0.7632
18 -25.9770 -4.4329 129.8719 -0.6094 -0.0184 0.7926 0.7745 0.8589
18 -3.5348 10.9130 130.9872 -0.1493 0.7243 0.6731 0.9927 0.7593
snowman02.jpg
2 -9.5164 26.6572 85.3722 -0.5057 0.8171 0.2769 0.9093 0.4390
2 -19.9636 20.2850 80.2012 -0.8296 0.5050 0.2382 0.7981 0.4007
17 -20.6497 12.6829 90.4904 -0.9938 -0.0152 -0.1098 0.7961 0.4913
snowman02.jpg
18 -19.3693 16.6072 110.9816 -0.7671 0.5535 0.3244 0.8336 0.6043
2 -9.5164 26.6572 85.3722 -0.5057 0.8171 0.2769 0.9093 0.4390
18 -24.7549 6.6976 99.6604 -0.9094 0.1791 -0.3753 0.7676 0.5670
snowman02.jpg
17 -20.6497 12.6829 90.4904 -0.9938 -0.0152 -0.1098 0.7961 0.4913
18 -24.7549 6.6976 99.6604 -0.9094 0.1791 -0.3753 0.7676 0.5670
2 -9.5164 26.6572 85.3722 -0.5057 0.8171 0.2769 0.9093 0.4390
snowman02.jpg
18 -25.9207 3.3372 122.6221 -0.6694 0.6940 0.2650 0.7745 0.7632
18 -19.3693 16.6072 110.9816 -0.7671 0.5535 0.3244 0.8336 0.6043
25 -24.0725 -9.6675 90.9916 0.1076 0.4510 -0.8860 0.7360 0.6004
snowman02.jpg
18 -24.7549 6.6976 99.6604 -0.9094 0.1791 -0.3753 0.7676 0.5670
25 -24.0725 -9.6675 90.9916 0.1076 0.4510 -0.8860 0.7360 0.6004
18 -19.3693 16.6072 110.9816 -0.7671 0.5535 0.3244 0.8336 0.6043
snowman02.jpg
2 -14.0316 3.0607 83.0964 -0.4696 -0.7493 0.4669 0.1282 0.9313
17 -20.6497 12.6829 90.4904 -0.9938 -0.0152 -0.1098 0.1920 0.9995
2 -19.9636 20.2850 80.2012 -0.8296 0.5050 0.2382 0.1898 0.9102
snowman02.jpg
25 -24.0725 -9.6675 90.9916 0.1076 0.4510 -0.8860 0.7360 0.6004
18 -24.7549 6.6976 99.6604 -0.9094 0.1791 -0.3753 0.7676 0.5670
25 -17.8592 -18.0942 97.3312 0.5692 -0.4737 -0.6721 0.7590 0.7109
snowman02.jpg
17 -20.6497 12.6829 90.4904 -0.9938 -0.0152 -0.1098 0.7961 0.4913
2 -14.0316 3.0607 83.0964 -0.4696 -0.7493 0.4669 0.8663 0.4221
18 -14.0608 2.8532 90.1428 -0.6227 -0.4003 -0.6723 0.8466 0.5806
snowman02.jpg
18 -24.7549 6.6976 99.6604 -0.9094 0.1791 -0.3753 0.7676 0.5670
17 -20.6497 12.6829 90.4904 -0.9938 -0.0152 -0.1098 0.7961 0.4913
18 -14.0608 2.8532 90.1428 -0.6227 -0.4003 -0.6723 0.8466 0.5806
snowman02.jpg
18 -14.0608 2.8532 90.1428 -0.6227 -0.4003 -0.6723 0.8466 0.5806
25 -17.8592 -18.0942 97.3312 0.5692 -0.4737 -0.6721 0.7590 0.7109
18 -24.7549 6.6976 99.6604 -0.9094 0.1791 -0.3753 0.7676 0.5670
snowman02.jpg
25 -19.2407 -23.9308 109.3869 0.1997 -0.9798 -0.0074 0.7555 0.8285
25 -17.8592 -18.0942 97.3312 0.5692 -0.4737 -0.6721 0.7590 0.7109
18 -16.4673 -14.2804 99.0240 0.0061 -0.7738 -0.6334 0.8184 0.7507
snowman02.jpg
25 -17.8592 -18.0942 97.3312 0.5692 -0.4737 -0.6721 0.7590 0.7109
18 -14.0608 2.8532 90.1428 -0.6227 -0.4003 -0.6723 0.8466 0.5806
18 -16.4673 -14.2804 99.0240 0.0061 -0.7738 -0.6334 0.8184 0.7507
snowman02.jpg
18 -25.9770 -4.4329 129.8719 -0.6094 -0.0184 0.7926 0.7745 0.8589
18 -2.6187 -1.5300 134.0692 -0.1250 -0.2374 0.9633 0.9355 0.8903
18 -3.5348 10.9130 130.9872 -0.1493 0.7243 0.6731 0.9927 0.7593
snowman02.jpg
18 -2.6187 -1.5300 134.0692 -0.1250 -0.2374 0.9633 0.9355 0.8903
18 -25.9770 -4.4329 129.8719 -0.6094 -0.0184 0.7926 0.7745 0.8589
18 -16.3069 -20.1960 129.3670 -0.0369 -0.8113 0.5835 0.8526 0.9516
snowman02.jpg
25 -26.3875 -16.3364 118.2758 -0.3458 -0.8166 0.4621 0.7464 0.9038
18 -16.3069 -20.1960 129.3670 -0.0369 -0.8113 0.5835 0.8526 0.9516
18 -25.9770 -4.4329 129.8719 -0.6094 -0.0184 0.7926 0.7745 0.8589
snowman02.jpg
18 -16.3069 -20.1960 129.3670 -0.0369 -0.8113 0.5835 0.5837 0.7775
20 1.6095 -5.0184 127.1265 -0.1251 0.1122 0.9858 0.6263 0.8393
18 -2.6187 -1.5300 134.0692 -0.1250 -0.2374 0.9633 0.6475 0.7999
snowman02.jpg
18 -16.3069 -20.1960 129.3670 -0.0369 -0.8113 0.5835 0.8526 0.9516
25 -26.3875 -16.3364 118.2758 -0.3458 -0.8166 0.4621 0.7464 0.9038
18 -14.2221 -20.0350 117.8764 -0.1824 -0.9802 0.0775 0.8593 0.8846
snowman02.jpg
25 -19.2407 -23.9308 109.3869 0.1997 -0.9798 -0.0074 0.7555 0.8285
18 -14.2221 -20.0350 117.8764 -0.1824 -0.9802 0.0775 0.8593 0.8846
25 -26.3875 -16.3364 118.2758 -0.3458 -0.8166 0.4621 0.7464 0.9038
snowman02.jpg
18 -14.2221 -20.0350 117.8764 -0.1824 -0.9802 0.0775 0.8593 0.8846
25 -19.2407 -23.9308 109.3869 0.1997 -0.9798 -0.0074 0.7555 0.8285
18 -9.8786 -20.3198 112.3768 -0.1321 -0.9911 0.0153 0.8865 0.8697
snowman02.jpg
18 -16.4673 -14.2804 99.0240 0.0061 -0.7738 -0.6334 0.8184 0.7507
18 -9.8786 -20.3198 112.3768 -0.1321 -0.9911 0.0153 0.8865 0.8697
25 -19.2407 -23.9308 109.3869 0.1997 -0.9798 -0.0074 0.7555 0.8285
snowman02.jpg
18 -9.8786 -20.3198 112.3768 -0.1321 -0.9911 0.0153 0.4717 0.6940
18 2.1401 -20.2957 110.0976 0.0964 -0.9483 -0.3023 0.4431 0.6829
18 -14.2221 -20.0350 117.8764 -0.1824 -0.9802 0.0775 0.5120 0.7194
snowman02.jpg
18 3.5132 -22.3279 103.8126 0.0727 -0.9826 0.1707 0.9945 0.8254
18 -8.3637 -22.5471 101.9157 -0.2058 -0.9780 0.0352 0.8870 0.8252
18 4.4672 -22.0501 91.9050 0.1508 -0.8782 -0.4539 0.9927 0.7648
snowman02.jpg
18 -12.6861 -18.3928 94.9402 -0.5946 -0.6364 -0.4914 0.8443 0.7561
18 4.4672 -22.0501 91.9050 0.1508 -0.8782 -0.4539 0.9927 0.7648
18 -8.3637 -22.5471 101.9157 -0.2058 -0.9780 0.0352 0.8870 0.8252
snowman02.jpg
18 -25.9770 -4.4329 129.8719 -0.6094 -0.0184 0.7926 0.7745 0.8589
18 -25.9207 3.3372 122.6221 -0.6694 0.6940 0.2650 0.7745 0.7632
25 -36.9230 -9.1616 109.8744 -0.8346 0.2382 0.4967 0.6674 0.8360
snowman02.jpg
25 -35.4974 -2.4244 100.8189 -0.3677 0.9246 0.0994 0.6816 0.7426
25 -36.9230 -9.1616 109.8744 -0.8346 0.2382 0.4967 0.6674 0.8360
18 -25.9207 3.3372 122.6221 -0.6694 0.6940 0.2650 0.7745 0.7632
snowman02.jpg
18 -25.9207 3.3372 122.6221 -0.6694 0.6940 0.2650 0.7745 0.7632
25 -24.0725 -9.6675 90.9916 0.1076 0.4510 -0.8860 0.7360 0.6004
25 -35.4974 -2.4244 100.8189 -0.3677 0.9246 0.0994 0.6816 0.7426
snowman02.jpg
25 -26.3875 -16.3364 118.2758 -0.3458 -0.8166 0.4621 0.7464 0.9038
18 -25.9770 -4.4329 129.8719 -0.6094 -0.0184 0.7926 0.7745 0.8589
25 -35.1276 -18.6948 112.0907 -0.5092 -0.7140 0.4805 0.6843 0.9108
snowman02.jpg
25 -36.9230 -9.1616 109.8744 -0.8346 0.2382 0.4967 0.6674 0.8360
25 -35.1276 -18.6948 112.0907 -0.5092 -0.7140 0.4805 0.6843 0.9108
18 -25.9770 -4.4329 129.8719 -0.6094 -0.0184 0.7926 0.7745 0.8589
snowman02.jpg
25 -23.1833 -19.3281 97.8673 0.1789 -0.7670 -0.6162 0.7129 0.7270
25 -24.0725 -9.6675 90.9916 0.1076 0.4510 -0.8860 0.7360 0.6004
25 -17.8592 -18.0942 97.3312 0.5692 -0.4737 -0.6721 0.7590 0.7109
snowman02.jpg
25 -19.2407 -23.9308 109.3869 0.1997 -0.9798 -0.0074 0.7555 0.8285
25 -26.3875 -16.3364 118.2758 -0.3458 -0.8166 0.4621 0.7464 0.9038
25 -27.8553 -21.6473 108.3346 -0.1062 -0.9934 0.0426 0.6918 0.8300
snowman02.jpg
25 -35.1276 -18.6948 112.0907 -0.5092 -0.7140 0.4805 0.6843 0.9108
25 -27.8553 -21.6473 108.3346 -0.1062 -0.9934 0.0426 0.6918 0.8300
25 -26.3875 -16.3364 118.2758 -0.3458 -0.8166 0.4621 0.7464 0.9038
snowman02.jpg
25 -17.8592 -18.0942 97.3312 0.5692 -0.4737 -0.6721 0.7590 0.7109
25 -19.2407 -23.9308 109.3869 0.1997 -0.9798 -0.0074 0.7555 0.8285
25 -23.1833 -19.3281 97.8673 0.1789 -0.7670 -0.6162 0.7129 0.7270
snowman02.jpg
25 -27.8553 -21.6473 108.3346 -0.1062 -0.9934 0.0426 0.6918 0.8300
25 -23.1833 -19.3281 97.8673 0.1789 -0.7670 -0.6162 0.7129 0.7270
25 -19.2407 -23.9308 109.3869 0.1997 -0.9798 -0.0074 0.7555 0.8285
snowman02.jpg
25 -36.9230 -9.1616 109.8744 -0.8346 0.2382 0.4967 0.6674 0.8360
25 -35.4974 -2.4244 100.8189 -0.3677 0.9246 0.0994 0.6816 0.7426
25 -45.7170 -11.6900 100.1056 -0.8787 0.3178 0.3563 0.6016 0.7544
snowman02.jpg
25 -38.5613 -2.4355 94.2458 -0.2258 0.9720 -0.0643 0.6412 0.6910
25 -45.7170 -11.6900 100.1056 -0.8787 0.3178 0.3563 0.6016 0.7544
25 -35.4974 -2.4244 100.8189 -0.3677 0.9246 0.0994 0.6816 0.7426
snowman02.jpg
25 -35.1276 -18.6948 112.0907 -0.5092 -0.7140 0.4805 0.6843 0.9108
25 -36.9230 -9.1616 109.8744 -0.8346 0.2382 0.4967 0.6674 0.8360
25 -44.3800 -18.9851 100.1896 -0.6908 -0.6689 0.2746 0.5606 0.7832
snowman02.jpg
25 -45.7170 -11.6900 100.1056 -0.8787 0.3178 0.3563 0.6016 0.7544
25 -44.3800 -18.9851 100.1896 -0.6908 -0.6689 0.2746 0.5606 0.7832
25 -36.9230 -9.1616 109.8744 -0.8346 0.2382 0.4967 0.6674 0.8360
snowman02.jpg
25 -35.4974 -2.4244 100.8189 -0.3677 0.9246 0.0994 0.6816 0.7426
25 -24.0725 -9.6675 90.9916 0.1076 0.4510 -0.8860 0.7360 0.6004
25 -38.5613 -2.4355 94.2458 -0.2258 0.9720 -0.0643 0.6412 0.6910
snowman02.jpg
25 -30.1505 -10.4428 89.4229 0.6548 0.3504 -0.6696 0.6805 0.5988
25 -38.5613 -2.4355 94.2458 -0.2258 0.9720 -0.0643 0.6412 0.6910
25 -24.0725 -9.6675 90.9916 0.1076 0.4510 -0.8860 0.7360 0.6004
snowman02.jpg
25 -27.8553 -21.6473 108.3346 -0.1062 -0.9934 0.0426 0.6918 0.8300
25 -35.1276 -18.6948 112.0907 -0.5092 -0.7140 0.4805 0.6843 0.9108
25 -32.4248 -20.1392 94.6143 0.1021 -0.9800 -0.1707 0.6277 0.7164
snowman02.jpg
25 -44.3800 -18.9851 100.1896 -0.6908 -0.6689 0.2746 0.5606 0.7832
25 -32.4248 -20.1392 94.6143 0.1021 -0.9800 -0.1707 0.6277 0.7164
25 -35.1276 -18.6948 112.0907 -0.5092 -0.7140 0.4805 0.6843 0.9108
snowman02.jpg
25 -23.1833 -19.3281 97.8673 0.1789 -0.7670 -0.6162 0.7129 0.7270
25 -27.8553 -21.6473 108.3346 -0.1062 -0.9934 0.0426 0.6918 0.8300
25 -28.9150 -17.9273 92.1266 0.6449 -0.5716 -0.5074 0.6581 0.6846
snowman02.jpg
25 -32.4248 -20.1392 94.6143 0.1021 -0.9800 -0.1707 0.6277 0.7164
25 -28.9150 -17.9273 92.1266 0.6449 -0.5716 -0.5074 0.6581 0.6846
25 -27.8553 -21.6473 108.3346 -0.1062 -0.9934 0.0426 0.6918 0.8300
snowman02.jpg
25 -24.0725 -9.6675 90.9916 0.1076 0.4510 -0.8860 0.7360 0.6004
25 -23.1833 -19.3281 97.8673 0.1789 -0.7670 -0.6162 0.7129 0.7270
25 -30.1505 -10.4428 89.4229 0.6548 0.3504 -0.6696 0.6805 0.5988
snowman02.jpg
25 -28.9150 -17.9273 92.1266 0.6449 -0.5716 -0.5074 0.6581 0.6846
25 -30.1505 -10.4428 89.4229 0.6548 0.3504 -0.6696 0.6805 0.5988
25 -23.1833 -19.3281 97.8673 0.1789 -0.7670 -0.6162 0.7129 0.7270
snowman02.jpg
25 -45.7170 -11.6900 100.1056 -0.8787 0.3178 0.3563 0.6016 0.7544
25 -38.5613 -2.4355 94.2458 -0.2258 0.9720 -0.0643 0.6412 0.6910
25 -48.6842 -5.9430 78.0936 -0.9026 0.3139 0.2947 0.5085 0.5752
snowman02.jpg
25 -45.6460 -1.8828 78.6889 -0.2249 0.9522 0.2068 0.5490 0.5675
25 -48.6842 -5.9430 78.0936 -0.9026 0.3139 0.2947 0.5085 0.5752
25 -38.5613 -2.4355 94.2458 -0.2258 0.9720 -0.0643 0.6412 0.6910
snowman02.jpg
25 -44.3800 -18.9851 100.1896 -0.6908 -0.6689 0.2746 0.5606 0.7832
25 -45.7170 -11.6900 100.1056 -0.8787 0.3178 0.3563 0.6016 0.7544
25 -48.9858 -12.5823 71.4238 -0.8456 -0.4491 0.2886 0.4663 0.5302
snowman02.jpg
25 -48.6842 -5.9430 78.0936 -0.9026 0.3139 0.2947 0.5085 0.5752
25 -48.9858 -12.5823 71.4238 -0.8456 -0.4491 0.2886 0.4663 0.5302
25 -45.7170 -11.6900 100.1056 -0.8787 0.3178 0.3563 0.6016 0.7544
snowman02.jpg
25 -38.5613 -2.4355 94.2458 -0.2258 0.9720 -0.0643 0.6412 0.6910
25 -30.1505 -10.4428 89.4229 0.6548 0.3504 -0.6696 0.6805 0.5988
25 -45.6460 -1.8828 78.6889 -0.2249 0.9522 0.2068 0.5490 0.5675
snowman02.jpg
25 -35.9596 -6.1501 80.7007 0.7602 0.6112 -0.2204 0.6422 0.5375
25 -45.6460 -1.8828 78.6889 -0.2249 0.9522 0.2068 0.5490 0.5675
25 -30.1505 -10.4428 89.4229 0.6548 0.3504 -0.6696 0.6805 0.5988
snowman02.jpg
25 -32.4248 -20.1392 94.6143 0.1021 -0.9800 -0.1707 0.6277 0.7164
25 -44.3800 -18.9851 100.1896 -0.6908 -0.6689 0.2746 0.5606 0.7832
25 -43.4040 -16.3164 72.7589 0.0808 -0.9893 0.1214 0.5010 0.5390
snowman02.jpg
25 -48.9858 -12.5823 71.4238 -0.8456 -0.4491 0.2886 0.4663 0.5302
25 -43.4040 -16.3164 72.7589 0.0808 -0.9893 0.1214 0.5010 0.5390
25 -44.3800 -18.9851 100.1896 -0.6908 -0.6689 0.2746 0.5606 0.7832
snowman02.jpg
25 -28.9150 -17.9273 92.1266 0.6449 -0.5716 -0.5074 0.6581 0.6846
25 -32.4248 -20.1392 94.6143 0.1021 -0.9800 -0.1707 0.6277 0.7164
25 -37.7969 -12.6655 71.3637 0.9164 -0.3377 -0.2150 0.5757 0.4960
snowman02.jpg
25 -43.4040 -16.3164 72.7589 0.0808 -0.9893 0.1214 0.5010 0.5390
25 -37.7969 -12.6655 71.3637 0.9164 -0.3377 -0.2150 0.5757 0.4960
25 -32.4248 -20.1392 94.6143 0.1021 -0.9800 -0.1707 0.6277 0.7164
snowman02.jpg
25 -30.1505 -10.4428 89.4229 0.6548 0.3504 -0.6696 0.6805 0.5988
25 -28.9150 -17.9273 92.1266 0.6449 -0.5716 -0.5074 0.6581 0.6846
25 -35.9596 -6.1501 80.7007 0.7602 0.6112 -0.2204 0.6422 0.5375
snowman02.jpg
25 -37.7969 -12.6655 71.3637 0.9164 -0.3377 -0.2150 0.5757 0.4960
25 -35.9596 -6.1501 80.7007 0.7602 0.6112 -0.2204 0.6422 0.5375
25 -28.9150 -17.9273 92.1266 0.6449 -0.5716 -0.5074 0.6581 0.6846
snowman02.jpg
2 0.2908 27.1269 77.9565 -0.0324 0.9333 -0.3576 0.9927 0.3646
2 -9.5164 26.6572 85.3722 -0.5057 0.8171 0.2769 0.9093 0.4390
17 -1.9068 30.2681 99.7492 -0.0265 0.9907 0.1334 0.9927 0.4775
snowman02.jpg
2 -0.0530 4.2060 65.3511 0.5425 -0.6518 -0.5300 0.0044 0.7632
2 -0.2724 -1.9910 84.3937 -0.0447 -0.9774 0.2067 0.0028 0.9321
2 -14.0316 3.0607 83.0964 -0.4696 -0.7493 0.4669 0.1282 0.9313
snowman02.jpg
10 -22.9451 -2.7410 88.3327 0.2743 -0.3450 0.8976 0.1304 0.8429
2 -0.0530 4.2060 65.3511 0.5425 -0.6518 -0.5300 0.0044 0.7632
2 -14.0316 3.0607 83.0964 -0.4696 -0.7493 0.4669 0.1282 0.9313
snowman02.jpg
2 -14.0316 3.0607 83.0964 -0.4696 -0.7493 0.4669 0.1282 0.9313
2 -19.9636 20.2850 80.2012 -0.8296 0.5050 0.2382 0.1898 0.9102
10 -30.3602 3.8768 83.7019 -0.5943 0.1535 0.7895 0.2292 0.8404
snowman02.jpg
10 -30.3602 3.8768 83.7019 -0.5943 0.1535 0.7895 0.2292 0.8404
10 -22.9451 -2.7410 88.3327 0.2743 -0.3450 0.8976 0.1304 0.8429
2 -14.0316 3.0607 83.0964 -0.4696 -0.7493 0.4669 0.1282 0.9313
snowman02.jpg
11 -29.7136 -11.6563 28.9085 -0.9412 0.0617 -0.3321 0.2572 0.2691
11 -19.5935 -14.8400 19.1418 -0.5619 -0.8258 0.0480 0.1685 0.1691
11 -22.2093 -19.9365 28.1845 -0.3099 -0.8004 -0.5131 0.1548 0.2604
snowman02.jpg
11 -22.5673 -6.1845 17.4534 -0.9325 0.3324 0.1414 0.2365 0.1462
11 -19.5935 -14.8400 19.1418 -0.5619 -0.8258 0.0480 0.1685 0.1691
11 -29.7136 -11.6563 28.9085 -0.9412 0.0617 -0.3321 0.2572 0.2691
snowman02.jpg
11 -21.4151 -2.1608 38.6050 -0.4955 0.7352 0.4625 0.2131 0.3133
11 -22.5673 -6.1845 17.4534 -0.9325 0.3324 0.1414 0.2365 0.1462
11 -29.7136 -11.6563 28.9085 -0.9412 0.0617 -0.3321 0.2572 0.2691
snowman02.jpg
12 -18.1974 2.4013 1.7653 -0.2908 0.9439 -0.1568 0.2304 0.0089
11 -22.5673 -6.1845 17.4534 -0.9325 0.3324 0.1414 0.2365 0.1462
11 -21.4151 -2.1608 38.6050 -0.4955 0.7352 0.4625 0.2131 0.3133
snowman02.jpg
11 -12.3872 -7.2167 40.6866 0.6589 0.3884 0.6442 0.1077 0.3186
12 -18.1974 2.4013 1.7653 -0.2908 0.9439 -0.1568 0.2304 0.0089
11 -21.4151 -2.1608 38.6050 -0.4955 0.7352 0.4625 0.2131 0.3133
snowman02.jpg
12 -8.5745 -0.2570 2.0661 0.8976 0.2748 -0.3447 0.1309 0.0117
12 -18.1974 2.4013 1.7653 -0.2908 0.9439 -0.1568 0.2304 0.0089
11 -12.3872 -7.2167 40.6866 0.6589 0.3884 0.6442 0.1077 0.3186
snowman02.jpg
11 -15.0207 -19.0513 30.7879 0.7174 -0.6921 -0.0799 0.0681 0.2563
12 -8.5745 -0.2570 2.0661 0.8976 0.2748 -0.3447 0.1309 0.0117
11 -12.3872 -7.2167 40.6866 0.6589 0.3884 0.6442 0.1077 0.3186
snowman02.jpg
11 -12.3020 -14.1891 17.9347 0.5211 -0.7190 0.4599 0.1092 0.1405
12 -8.5745 -0.2570 2.0661 0.8976 0.2748 -0.3447 0.1309 0.0117
11 -15.0207 -19.0513 30.7879 0.7174 -0.6921 -0.0799 0.0681 0.2563
snowman02.jpg
11 -22.2093 -19.9365 28.1845 -0.3099 -0.8004 -0.5131 0.1548 0.2604
11 -12.3020 -14.1891 17.9347 0.5211 -0.7190 0.4599 0.1092 0.1405
11 -15.0207 -19.0513 30.7879 0.7174 -0.6921 -0.0799 0.0681 0.2563
snowman02.jpg
11 -19.5935 -14.8400 19.1418 -0.5619 -0.8258 0.0480 0.1685 0.1691
11 -12.3020 -14.1891 17.9347 0.5211 -0.7190 0.4599 0.1092 0.1405
11 -22.2093 -19.9365 28.1845 -0.3099 -0.8004 -0.5131 0.1548 0.2604
snowman02.jpg
11 -32.5982 -18.3878 41.2130 -0.9009 -0.0559 -0.4303 0.2212 0.3913
11 -22.2093 -19.9365 28.1845 -0.3099 -0.8004 -0.5131 0.1548 0.2604
11 -25.3622 -23.4317 34.7602 -0.2454 -0.7656 -0.5946 0.1568 0.3293
snowman02.jpg
11 -29.7136 -11.6563 28.9085 -0.9412 0.0617 -0.3321 0.2572 0.2691
11 -22.2093 -19.9365 28.1845 -0.3099 -0.8004 -0.5131 0.1548 0.2604
11 -32.5982 -18.3878 41.2130 -0.9009 -0.0559 -0.4303 0.2212 0.3913
snowman02.jpg
10 -30.4800 -14.2623 40.8751 -0.7189 0.6920 0.0650 0.2133 0.4572
11 -29.7136 -11.6563 28.9085 -0.9412 0.0617 -0.3321 0.2572 0.2691
11 -32.5982 -18.3878 41.2130 -0.9009 -0.0559 -0.4303 0.2212 0.3913
snowman02.jpg
11 -21.4151 -2.1608 38.6050 -0.4955 0.7352 0.4625 0.2131 0.3133
11 -29.7136 -11.6563 28.9085 -0.9412 0.0617 -0.3321 0.2572 0.2691
10 -30.4800 -14.2623 40.8751 -0.7189 0.6920 0.0650 0.2133 0.4572
snowman02.jpg
10 -21.2623 -16.8930 43.1331 0.9290 0.1730 0.3270 0.1161 0.4709
11 -21.4151 -2.1608 38.6050 -0.4955 0.7352 0.4625 0.2131 0.3133
10 -30.4800 -14.2623 40.8751 -0.7189 0.6920 0.0650 0.2133 0.4572
snowman02.jpg
11 -12.3872 -7.2167 40.6866 0.6589 0.3884 0.6442 0.1077 0.3186
11 -21.4151 -2.1608 38.6050 -0.4955 0.7352 0.4625 0.2131 0.3133
10 -21.2623 -16.8930 43.1331 0.9290 0.1730 0.3270 0.1161 0.4709
snowman02.jpg
11 -21.4617 -24.4714 44.0122 0.7191 -0.6460 0.2562 0.0699 0.3995
11 -12.3872 -7.2167 40.6866 0.6589 0.3884 0.6442 0.1077 0.3186
10 -21.2623 -16.8930 43.1331 0.9290 0.1730 0.3270 0.1161 0.4709
snowman02.jpg
11 -15.0207 -19.0513 30.7879 0.7174 -0.6921 -0.0799 0.0681 0.2563
11 -12.3872 -7.2167 40.6866 0.6589 0.3884 0.6442 0.1077 0.3186
11 -21.4617 -24.4714 44.0122 0.7191 -0.6460 0.2562 0.0699 0.3995
snowman02.jpg
11 -25.3622 -23.4317 34.7602 -0.2454 -0.7656 -0.5946 0.1568 0.3293
11 -15.0207 -19.0513 30.7879 0.7174 -0.6921 -0.0799 0.0681 0.2563
11 -21.4617 -24.4714 44.0122 0.7191 -0.6460 0.2562 0.0699 0.3995
snowman02.jpg
11 -22.2093 -19.9365 28.1845 -0.3099 -0.8004 -0.5131 0.1548 0.2604
11 -15.0207 -19.0513 30.7879 0.7174 -0.6921 -0.0799 0.0681 0.2563
11 -25.3622 -23.4317 34.7602 -0.2454 -0.7656 -0.5946 0.1568 0.3293
snowman02.jpg
11 -35.3438 -21.8339 45.2526 -0.9536 0.0898 -0.2873 0.2236 0.4380
11 -25.3622 -23.4317 34.7602 -0.2454 -0.7656 -0.5946 0.1568 0.3293
11 -30.0904 -29.7063 43.4560 -0.2636 -0.9579 -0.1140 0.1444 0.4249
snowman02.jpg
11 -32.5982 -18.3878 41.2130 -0.9009 -0.0559 -0.4303 0.2212 0.3913
11 -25.3622 -23.4317 34.7602 -0.2454 -0.7656 -0.5946 0.1568 0.3293
11 -35.3438 -21.8339 45.2526 -0.9536 0.0898 -0.2873 0.2236 0.4380
snowman02.jpg
10 -30.4800 -14.2623 40.8751 -0.7189 0.6920 0.0650 0.2133 0.4572
11 -32.5982 -18.3878 41.2130 -0.9009 -0.0559 -0.4303 0.2212 0.3913
11 -35.3438 -21.8339 45.2526 -0.9536 0.0898 -0.2873 0.2236 0.4380
snowman02.jpg
11 -21.4617 -24.4714 44.0122 0.7191 -0.6460 0.2562 0.0699 0.3995
10 -21.2623 -16.8930 43.1331 0.9290 0.1730 0.3270 0.1161 0.4709
11 -24.7500 -27.7231 48.2089 0.6115 -0.7745 0.1617 0.0777 0.4484
snowman02.jpg
11 -30.0904 -29.7063 43.4560 -0.2636 -0.9579 -0.1140 0.1444 0.4249
11 -21.4617 -24.4714 44.0122 0.7191 -0.6460 0.2562 0.0699 0.3995
11 -24.7500 -27.7231 48.2089 0.6115 -0.7745 0.1617 0.0777 0.4484
snowman02.jpg
11 -25.3622 -23.4317 34.7602 -0.2454 -0.7656 -0.5946 0.1568 0.3293
11 -21.4617 -24.4714 44.0122 0.7191 -0.6460 0.2562 0.0699 0.3995
11 -30.0904 -29.7063 43.4560 -0.2636 -0.9579 -0.1140 0.1444 0.4249
snowman02.jpg
10 -35.2507 -18.4030 55.0546 -0.9976 -0.0674 -0.0132 0.2240 0.5161
11 -30.0904 -29.7063 43.4560 -0.2636 -0.9579 -0.1140 0.1444 0.4249
10 -28.8627 -25.5828 58.7075 -0.3366 -0.8310 0.4429 0.1337 0.5073
snowman02.jpg
11 -35.3438 -21.8339 45.2526 -0.9536 0.0898 -0.2873 0.2236 0.4380
11 -30.0904 -29.7063 43.4560 -0.2636 -0.9579 -0.1140 0.1444 0.4249
10 -35.2507 -18.4030 55.0546 -0.9976 -0.0674 -0.0132 0.2240 0.5161
snowman02.jpg
10 -28.3530 -11.6183 45.0965 -0.3870 0.6756 -0.6275 0.1987 0.5034
11 -35.3438 -21.8339 45.2526 -0.9536 0.0898 -0.2873 0.2236 0.4380
10 -35.2507 -18.4030 55.0546 -0.9976 -0.0674 -0.0132 0.2240 0.5161
snowman02.jpg
10 -30.4800 -14.2623 40.8751 -0.7189 0.6920 0.0650 0.2133 0.4572
11 -35.3438 -21.8339 45.2526 -0.9536 0.0898 -0.2873 0.2236 0.4380
10 -28.3530 -11.6183 45.0965 -0.3870 0.6756 -0.6275 0.1987 0.5034
snowman02.jpg
10 -21.2623 -16.8930 43.1331 0.9290 0.1730 0.3270 0.1161 0.4709
10 -30.4800 -14.2623 40.8751 -0.7189 0.6920 0.0650 0.2133 0.4572
10 -28.3530 -11.6183 45.0965 -0.3870 0.6756 -0.6275 0.1987 0.5034
snowman02.jpg
11 -24.7500 -27.7231 48.2089 0.6115 -0.7745 0.1617 0.0777 0.4484
10 -21.2623 -16.8930 43.1331 0.9290 0.1730 0.3270 0.1161 0.4709
10 -21.0845 -25.0226 56.2431 0.5366 -0.8165 0.2130 0.0675 0.5073
snowman02.jpg
10 -28.8627 -25.5828 58.7075 -0.3366 -0.8310 0.4429 0.1337 0.5073
11 -24.7500 -27.7231 48.2089 0.6115 -0.7745 0.1617 0.0777 0.4484
10 -21.0845 -25.0226 56.2431 0.5366 -0.8165 0.2130 0.0675 0.5073
snowman02.jpg
11 -30.0904 -29.7063 43.4560 -0.2636 -0.9579 -0.1140 0.1444 0.4249
11 -24.7500 -27.7231 48.2089 0.6115 -0.7745 0.1617 0.0777 0.4484
10 -28.8627 -25.5828 58.7075 -0.3366 -0.8310 0.4429 0.1337 0.5073
snowman02.jpg
10 -35.7874 -7.7218 66.1473 -0.9913 -0.0097 0.1310 0.2561 0.6499
10 -28.8627 -25.5828 58.7075 -0.3366 -0.8310 0.4429 0.1337 0.5073
10 -26.7419 -17.1565 69.1056 -0.3479 -0.7342 0.5830 0.1337 0.6276
snowman02.jpg
10 -35.2507 -18.4030 55.0546 -0.9976 -0.0674 -0.0132 0.2240 0.5161
10 -28.8627 -25.5828 58.7075 -0.3366 -0.8310 0.4429 0.1337 0.5073
10 -35.7874 -7.7218 66.1473 -0.9913 -0.0097 0.1310 0.2561 0.6499
snowman02.jpg
10 -24.2806 3.1809 51.6855 -0.3572 0.5227 -0.7741 0.1821 0.6329
10 -35.2507 -18.4030 55.0546 -0.9976 -0.0674 -0.0132 0.2240 0.5161
10 -35.7874 -7.7218 66.1473 -0.9913 -0.0097 0.1310 0.2561 0.6499
snowman02.jpg
10 -28.3530 -11.6183 45.0965 -0.3870 0.6756 -0.6275 0.1987 0.5034
10 -35.2507 -18.4030 55.0546 -0.9976 -0.0674 -0.0132 0.2240 0.5161
10 -24.2806 3.1809 51.6855 -0.3572 0.5227 -0.7741 0.1821 0.6329
snowman02.jpg
10 -10.8240 -3.2998 53.0551 0.7473 0.0319 -0.6637 0.0857 0.6467
10 -28.3530 -11.6183 45.0965 -0.3870 0.6756 -0.6275 0.1987 0.5034
10 -24.2806 3.1809 51.6855 -0.3572 0.5227 -0.7741 0.1821 0.6329
snowman02.jpg
10 -21.2623 -16.8930 43.1331 0.9290 0.1730 0.3270 0.1161 0.4709
10 -28.3530 -11.6183 45.0965 -0.3870 0.6756 -0.6275 0.1987 0.5034
10 -10.8240 -3.2998 53.0551 0.7473 0.0319 -0.6637 0.0857 0.6467
snowman02.jpg
10 -15.2292 -17.5212 68.1125 0.6036 -0.7635 0.2297 0.0280 0.6376
10 -21.2623 -16.8930 43.1331 0.9290 0.1730 0.3270 0.1161 0.4709
10 -10.8240 -3.2998 53.0551 0.7473 0.0319 -0.6637 0.0857 0.6467
snowman02.jpg
10 -21.0845 -25.0226 56.2431 0.5366 -0.8165 0.2130 0.0675 0.5073
10 -21.2623 -16.8930 43.1331 0.9290 0.1730 0.3270 0.1161 0.4709
10 -15.2292 -17.5212 68.1125 0.6036 -0.7635 0.2297 0.0280 0.6376
snowman02.jpg
10 -26.7419 -17.1565 69.1056 -0.3479 -0.7342 0.5830 0.1337 0.6276
10 -21.0845 -25.0226 56.2431 0.5366 -0.8165 0.2130 0.0675 0.5073
10 -15.2292 -17.5212 68.1125 0.6036 -0.7635 0.2297 0.0280 0.6376
snowman02.jpg
10 -28.8627 -25.5828 58.7075 -0.3366 -0.8310 0.4429 0.1337 0.5073
10 -21.0845 -25.0226 56.2431 0.5366 -0.8165 0.2130 0.0675 0.5073
10 -26.7419 -17.1565 69.1056 -0.3479 -0.7342 0.5830 0.1337 0.6276
snowman02.jpg
10 -33.7349 -0.7066 75.3845 -0.9713 0.0559 0.2313 0.2528 0.7543
10 -26.7419 -17.1565 69.1056 -0.3479 -0.7342 0.5830 0.1337 0.6276
10 -25.0339 -8.9775 81.8410 -0.3364 -0.6892 0.6418 0.1337 0.7608
snowman02.jpg
10 -35.7874 -7.7218 66.1473 -0.9913 -0.0097 0.1310 0.2561 0.6499
10 -26.7419 -17.1565 69.1056 -0.3479 -0.7342 0.5830 0.1337 0.6276
10 -33.7349 -0.7066 75.3845 -0.9713 0.0559 0.2313 0.2528 0.7543
snowman02.jpg
10 -19.1265 15.0352 59.1112 -0.5479 0.6593 -0.5148 0.1710 0.7593
10 -35.7874 -7.7218 66.1473 -0.9913 -0.0097 0.1310 0.2561 0.6499
10 -33.7349 -0.7066 75.3845 -0.9713 0.0559 0.2313 0.2528 0.7543
snowman02.jpg
10 -24.2806 3.1809 51.6855 -0.3572 0.5227 -0.7741 0.1821 0.6329
10 -35.7874 -7.7218 66.1473 -0.9913 -0.0097 0.1310 0.2561 0.6499
10 -19.1265 15.0352 59.1112 -0.5479 0.6593 -0.5148 0.1710 0.7593
snowman02.jpg
10 -7.2682 10.7945 61.3313 0.5178 0.2652 -0.8133 0.0711 0.7747
10 -24.2806 3.1809 51.6855 -0.3572 0.5227 -0.7741 0.1821 0.6329
10 -19.1265 15.0352 59.1112 -0.5479 0.6593 -0.5148 0.1710 0.7593
snowman02.jpg
10 -10.8240 -3.2998 53.0551 0.7473 0.0319 -0.6637 0.0857 0.6467
10 -24.2806 3.1809 51.6855 -0.3572 0.5227 -0.7741 0.1821 0.6329
10 -7.2682 10.7945 61.3313 0.5178 0.2652 -0.8133 0.0711 0.7747
snowman02.jpg
10 -11.2753 -11.1437 74.1536 0.7285 -0.6527 0.2081 0.0087 0.7206
10 -10.8240 -3.2998 53.0551 0.7473 0.0319 -0.6637 0.0857 0.6467
10 -7.2682 10.7945 61.3313 0.5178 0.2652 -0.8133 0.0711 0.7747
snowman02.jpg
10 -15.2292 -17.5212 68.1125 0.6036 -0.7635 0.2297 0.0280 0.6376
10 -10.8240 -3.2998 53.0551 0.7473 0.0319 -0.6637 0.0857 0.6467
10 -11.2753 -11.1437 74.1536 0.7285 -0.6527 0.2081 0.0087 0.7206
snowman02.jpg
10 -25.0339 -8.9775 81.8410 -0.3364 -0.6892 0.6418 0.1337 0.7608
10 -15.2292 -17.5212 68.1125 0.6036 -0.7635 0.2297 0.0280 0.6376
10 -11.2753 -11.1437 74.1536 0.7285 -0.6527 0.2081 0.0087 0.7206
snowman02.jpg
10 -26.7419 -17.1565 69.1056 -0.3479 -0.7342 0.5830 0.1337 0.6276
10 -15.2292 -17.5212 68.1125 0.6036 -0.7635 0.2297 0.0280 0.6376
10 -25.0339 -8.9775 81.8410 -0.3364 -0.6892 0.6418 0.1337 0.7608
snowman02.jpg
10 -30.3602 3.8768 83.7019 -0.5943 0.1535 0.7895 0.2292 0.8404
10 -25.0339 -8.9775 81.8410 -0.3364 -0.6892 0.6418 0.1337 0.7608
10 -22.9451 -2.7410 88.3327 0.2743 -0.3450 0.8976 0.1304 0.8429
snowman02.jpg
10 -33.7349 -0.7066 75.3845 -0.9713 0.0559 0.2313 0.2528 0.7543
10 -25.0339 -8.9775 81.8410 -0.3364 -0.6892 0.6418 0.1337 0.7608
10 -30.3602 3.8768 83.7019 -0.5943 0.1535 0.7895 0.2292 0.8404
snowman02.jpg
2 -19.9636 20.2850 80.2012 -0.8296 0.5050 0.2382 0.1898 0.9102
10 -33.7349 -0.7066 75.3845 -0.9713 0.0559 0.2313 0.2528 0.7543
10 -30.3602 3.8768 83.7019 -0.5943 0.1535 0.7895 0.2292 0.8404
snowman02.jpg
10 -19.1265 15.0352 59.1112 -0.5479 0.6593 -0.5148 0.1710 0.7593
10 -33.7349 -0.7066 75.3845 -0.9713 0.0559 0.2313 0.2528 0.7543
2 -19.9636 20.2850 80.2012 -0.8296 0.5050 0.2382 0.1898 0.9102
snowman02.jpg
2 -10.1933 33.3226 76.4093 -0.0948 0.9751 -0.2007 0.0958 0.8691
10 -19.1265 15.0352 59.1112 -0.5479 0.6593 -0.5148 0.1710 0.7593
2 -19.9636 20.2850 80.2012 -0.8296 0.5050 0.2382 0.1898 0.9102
snowman02.jpg
10 -7.2682 10.7945 61.3313 0.5178 0.2652 -0.8133 0.0711 0.7747
10 -19.1265 15.0352 59.1112 -0.5479 0.6593 -0.5148 0.1710 0.7593
2 -10.1933 33.3226 76.4093 -0.0948 0.9751 -0.2007 0.0958 0.8691
snowman02.jpg
10 -11.2753 -11.1437 74.1536 0.7285 -0.6527 0.2081 0.0087 0.7206
10 -7.2682 10.7945 61.3313 0.5178 0.2652 -0.8133 0.0711 0.7747
2 -0.0530 4.2060 65.3511 0.5425 -0.6518 -0.5300 0.0044 0.7632
snowman02.jpg
10 -22.9451 -2.7410 88.3327 0.2743 -0.3450 0.8976 0.1304 0.8429
10 -11.2753 -11.1437 74.1536 0.7285 -0.6527 0.2081 0.0087 0.7206
2 -0.0530 4.2060 65.3511 0.5425 -0.6518 -0.5300 0.0044 0.7632
snowman02.jpg
10 -25.0339 -8.9775 81.8410 -0.3364 -0.6892 0.6418 0.1337 0.7608
10 -11.2753 -11.1437 74.1536 0.7285 -0.6527 0.2081 0.0087 0.7206
10 -22.9451 -2.7410 88.3327 0.2743 -0.3450 0.8976 0.1304 0.8429
snowman02.jpg
20 1.6095 -5.0184 127.1265 -0.1251 0.1122 0.9858 0.6263 0.8393
18 -16.3069 -20.1960 129.3670 -0.0369 -0.8113 0.5835 0.5837 0.7775
20 1.6095 -10.7621 137.1076 0.0468 0.5041 0.8624 0.6148 0.8780
snowman02.jpg
20 -10.2224 -16.5269 131.0466 -0.8260 -0.3233 0.4618 0.5611 0.8392
20 1.6095 -10.7621 137.1076 0.0468 0.5041 0.8624 0.6148 0.8780
18 -16.3069 -20.1960 129.3670 -0.0369 -0.8113 0.5835 0.5837 0.7775
snowman02.jpg
18 -16.3069 -20.1960 129.3670 -0.0369 -0.8113 0.5835 0.5837 0.7775
18 -14.2221 -20.0350 117.8764 -0.1824 -0.9802 0.0775 0.5120 0.7194
20 -10.2224 -16.5269 131.0466 -0.8260 -0.3233 0.4618 0.5611 0.8392
snowman02.jpg
20 -7.8300 -32.5074 122.7094 -0.8701 -0.1856 -0.4566 0.3865 0.7986
20 -10.2224 -16.5269 131.0466 -0.8260 -0.3233 0.4618 0.5611 0.8392
18 -14.2221 -20.0350 117.8764 -0.1824 -0.9802 0.0775 0.5120 0.7194
snowman02.jpg
18 -14.2221 -20.0350 117.8764 -0.1824 -0.9802 0.0775 0.5120 0.7194
18 2.1401 -20.2957 110.0976 0.0964 -0.9483 -0.3023 0.4431 0.6829
20 -7.8300 -32.5074 122.7094 -0.8701 -0.1856 -0.4566 0.3865 0.7986
snowman02.jpg
18 2.4676 -28.3238 113.3602 0.0324 -0.2805 -0.9593 0.4224 0.7475
20 -7.8300 -32.5074 122.7094 -0.8701 -0.1856 -0.4566 0.3865 0.7986
18 2.1401 -20.2957 110.0976 0.0964 -0.9483 -0.3023 0.4431 0.6829
snowman02.jpg
25 -48.6842 -5.9430 78.0936 -0.9026 0.3139 0.2947 0.5085 0.5752
25 -45.6460 -1.8828 78.6889 -0.2249 0.9522 0.2068 0.5490 0.5675
25 -50.6131 -5.2670 72.2329 -0.9608 0.1746 0.2153 0.4814 0.5265
snowman02.jpg
25 -48.5429 -1.4207 71.5323 -0.3535 0.9348 -0.0354 0.5103 0.5097
25 -50.6131 -5.2670 72.2329 -0.9608 0.1746 0.2153 0.4814 0.5265
25 -45.6460 -1.8828 78.6889 -0.2249 0.9522 0.2068 0.5490 0.5675
snowman02.jpg
25 -50.6131 -5.2670 72.2329 -0.9608 0.1746 0.2153 0.4814 0.5265
25 -48.9858 -12.5823 71.4238 -0.8456 -0.4491 0.2886 0.4663 0.5302
25 -48.6842 -5.9430 78.0936 -0.9026 0.3139 0.2947 0.5085 0.5752
snowman02.jpg
25 -45.6460 -1.8828 78.6889 -0.2249 0.9522 0.2068 0.5490 0.5675
25 -35.9596 -6.1501 80.7007 0.7602 0.6112 -0.2204 0.6422 0.5375
25 -48.5429 -1.4207 71.5323 -0.3535 0.9348 -0.0354 0.5103 0.5097
snowman02.jpg
25 -40.2289 -4.4589 67.8817 0.6841 0.7039 -0.1912 0.6070 0.4355
25 -48.5429 -1.4207 71.5323 -0.3535 0.9348 -0.0354 0.5103 0.5097
25 -35.9596 -6.1501 80.7007 0.7602 0.6112 -0.2204 0.6422 0.5375
snowman02.jpg
25 -35.9596 -6.1501 80.7007 0.7602 0.6112 -0.2204 0.6422 0.5375
25 -37.7969 -12.6655 71.3637 0.9164 -0.3377 -0.2150 0.5757 0.4960
25 -40.2289 -4.4589 67.8817 0.6841 0.7039 -0.1912 0.6070 0.4355
snowman02.jpg
25 -50.6131 -5.2670 72.2329 -0.9608 0.1746 0.2153 0.4814 0.5265
25 -48.5429 -1.4207 71.5323 -0.3535 0.9348 -0.0354 0.5103 0.5097
26 -50.9486 -9.8933 59.0268 -0.9823 0.0878 -0.1652 0.4764 0.4554
snowman02.jpg
26 -48.2947 -4.4588 55.9046 -0.3255 0.7522 -0.5729 0.5171 0.4123
26 -50.9486 -9.8933 59.0268 -0.9823 0.0878 -0.1652 0.4764 0.4554
25 -48.5429 -1.4207 71.5323 -0.3535 0.9348 -0.0354 0.5103 0.5097
snowman02.jpg
25 -48.9858 -12.5823 71.4238 -0.8456 -0.4491 0.2886 0.4663 0.5302
25 -50.6131 -5.2670 72.2329 -0.9608 0.1746 0.2153 0.4814 0.5265
26 -50.4317 -19.3179 62.5961 -0.8243 -0.5035 0.2590 0.4107 0.4716
snowman02.jpg
26 -50.9486 -9.8933 59.0268 -0.9823 0.0878 -0.1652 0.4764 0.4554
26 -50.4317 -19.3179 62.5961 -0.8243 -0.5035 0.2590 0.4107 0.4716
25 -50.6131 -5.2670 72.2329 -0.9608 0.1746 0.2153 0.4814 0.5265
snowman02.jpg
25 -48.5429 -1.4207 71.5323 -0.3535 0.9348 -0.0354 0.5103 0.5097
25 -40.2289 -4.4589 67.8817 0.6841 0.7039 -0.1912 0.6070 0.4355
26 -48.2947 -4.4588 55.9046 -0.3255 0.7522 -0.5729 0.5171 0.4123
snowman02.jpg
26 -39.2750 -9.6137 57.0419 0.8463 0.4102 -0.3400 0.5832 0.3758
26 -48.2947 -4.4588 55.9046 -0.3255 0.7522 -0.5729 0.5171 0.4123
25 -40.2289 -4.4589 67.8817 0.6841 0.7039 -0.1912 0.6070 0.4355
snowman02.jpg
25 -43.4040 -16.3164 72.7589 0.0808 -0.9893 0.1214 0.5010 0.5390
25 -48.9858 -12.5823 71.4238 -0.8456 -0.4491 0.2886 0.4663 0.5302
26 -44.8428 -20.7348 65.7175 0.0569 -0.7738 0.6309 0.4652 0.4465
snowman02.jpg
26 -50.4317 -19.3179 62.5961 -0.8243 -0.5035 0.2590 0.4107 0.4716
26 -44.8428 -20.7348 65.7175 0.0569 -0.7738 0.6309 0.4652 0.4465
25 -48.9858 -12.5823 71.4238 -0.8456 -0.4491 0.2886 0.4663 0.5302
snowman02.jpg
25 -37.7969 -12.6655 71.3637 0.9164 -0.3377 -0.2150 0.5757 0.4960
25 -43.4040 -16.3164 72.7589 0.0808 -0.9893 0.1214 0.5010 0.5390
26 -38.8737 -16.2439 64.4489 0.9092 -0.3553 0.2173 0.5260 0.3997
snowman02.jpg
26 -44.8428 -20.7348 65.7175 0.0569 -0.7738 0.6309 0.4652 0.4465
26 -38.8737 -16.2439 64.4489 0.9092 -0.3553 0.2173 0.5260 0.3997
25 -43.4040 -16.3164 72.7589 0.0808 -0.9893 0.1214 0.5010 0.5390
snowman02.jpg
25 -40.2289 -4.4589 67.8817 0.6841 0.7039 -0.1912 0.6070 0.4355
25 -37.7969 -12.6655 71.3637 0.9164 -0.3377 -0.2150 0.5757 0.4960
26 -39.2750 -9.6137 57.0419 0.8463 0.4102 -0.3400 0.5832 0.3758
snowman02.jpg
26 -38.8737 -16.2439 64.4489 0.9092 -0.3553 0.2173 0.5260 0.3997
26 -39.2750 -9.6137 57.0419 0.8463 0.4102 -0.3400 0.5832 0.3758
25 -37.7969 -12.6655 71.3637 0.9164 -0.3377 -0.2150 0.5757 0.4960
snowman02.jpg
26 -50.9486 -9.8933 59.0268 -0.9823 0.0878 -0.1652 0.4764 0.4554
26 -48.2947 -4.4588 55.9046 -0.3255 0.7522 -0.5729 0.5171 0.4123
26 -46.8175 -23.0175 47.6162 -0.9570 -0.0257 -0.2888 0.3991 0.3376
snowman02.jpg
26 -44.1069 -18.5056 45.8040 -0.1235 0.7865 -0.6052 0.4666 0.3253
26 -46.8175 -23.0175 47.6162 -0.9570 -0.0257 -0.2888 0.3991 0.3376
26 -48.2947 -4.4588 55.9046 -0.3255 0.7522 -0.5729 0.5171 0.4123
snowman02.jpg
26 -50.4317 -19.3179 62.5961 -0.8243 -0.5035 0.2590 0.4107 0.4716
26 -50.9486 -9.8933 59.0268 -0.9823 0.0878 -0.1652 0.4764 0.4554
26 -45.5237 -27.1339 49.6257 -0.8323 -0.5497 0.0719 0.3870 0.3348
snowman02.jpg
26 -46.8175 -23.0175 47.6162 -0.9570 -0.0257 -0.2888 0.3991 0.3376
26 -45.5237 -27.1339 49.6257 -0.8323 -0.5497 0.0719 0.3870 0.3348
26 -50.9486 -9.8933 59.0268 -0.9823 0.0878 -0.1652 0.4764 0.4554
snowman02.jpg
26 -48.2947 -4.4588 55.9046 -0.3255 0.7522 -0.5729 0.5171 0.4123
26 -39.2750 -9.6137 57.0419 0.8463 0.4102 -0.3400 0.5832 0.3758
26 -44.1069 -18.5056 45.8040 -0.1235 0.7865 -0.6052 0.4666 0.3253
snowman02.jpg
26 -38.3077 -22.1286 48.3321 0.8698 0.4761 -0.1297 0.4888 0.3080
26 -44.1069 -18.5056 45.8040 -0.1235 0.7865 -0.6052 0.4666 0.3253
26 -39.2750 -9.6137 57.0419 0.8463 0.4102 -0.3400 0.5832 0.3758
snowman02.jpg
26 -44.8428 -20.7348 65.7175 0.0569 -0.7738 0.6309 0.4652 0.4465
26 -50.4317 -19.3179 62.5961 -0.8243 -0.5035 0.2590 0.4107 0.4716
26 -39.8774 -29.6648 54.3011 0.0038 -0.7660 0.6428 0.4183 0.3370
snowman02.jpg
26 -45.5237 -27.1339 49.6257 -0.8323 -0.5497 0.0719 0.3870 0.3348
26 -39.8774 -29.6648 54.3011 0.0038 -0.7660 0.6428 0.4183 0.3370
26 -50.4317 -19.3179 62.5961 -0.8243 -0.5035 0.2590 0.4107 0.4716
snowman02.jpg
26 -38.8737 -16.2439 64.4489 0.9092 -0.3553 0.2173 0.5260 0.3997
26 -44.8428 -20.7348 65.7175 0.0569 -0.7738 0.6309 0.4652 0.4465
26 -37.0854 -27.4027 53.3118 0.8879 -0.0776 0.4534 0.4745 0.3240
snowman02.jpg
26 -39.8774 -29.6648 54.3011 0.0038 -0.7660 0.6428 0.4183 0.3370
26 -37.0854 -27.4027 53.3118 0.8879 -0.0776 0.4534 0.4745 0.3240
26 -44.8428 -20.7348 65.7175 0.0569 -0.7738 0.6309 0.4652 0.4465
snowman02.jpg
26 -39.2750 -9.6137 57.0419 0.8463 0.4102 -0.3400 0.5832 0.3758
26 -38.8737 -16.2439 64.4489 0.9092 -0.3553 0.2173 0.5260 0.3997
26 -38.3077 -22.1286 48.3321 0.8698 0.4761 -0.1297 0.4888 0.3080
snowman02.jpg
26 -37.0854 -27.4027 53.3118 0.8879 -0.0776 0.4534 0.4745 0.3240
26 -38.3077 -22.1286 48.3321 0.8698 0.4761 -0.1297 0.4888 0.3080
26 -38.8737 -16.2439 64.4489 0.9092 -0.3553 0.2173 0.5260 0.3997
snowman02.jpg
26 -46.8175 -23.0175 47.6162 -0.9570 -0.0257 -0.2888 0.3991 0.3376
26 -44.1069 -18.5056 45.8040 -0.1235 0.7865 -0.6052 0.4666 0.3253
26 -44.9569 -22.7892 39.0146 -0.8284 0.4261 -0.3636 0.3981 0.2669
snowman02.jpg
26 -41.0972 -21.1444 37.8249 0.4153 0.8316 -0.3688 0.4575 0.2460
26 -44.9569 -22.7892 39.0146 -0.8284 0.4261 -0.3636 0.3981 0.2669
26 -44.1069 -18.5056 45.8040 -0.1235 0.7865 -0.6052 0.4666 0.3253
snowman02.jpg
26 -45.5237 -27.1339 49.6257 -0.8323 -0.5497 0.0719 0.3870 0.3348
26 -46.8175 -23.0175 47.6162 -0.9570 -0.0257 -0.2888 0.3991 0.3376
26 -43.1349 -31.0119 42.7985 -0.8978 -0.4359 0.0628 0.3684 0.2631
snowman02.jpg
26 -44.9569 -22.7892 39.0146 -0.8284 0.4261 -0.3636 0.3981 0.2669
26 -43.1349 -31.0119 42.7985 -0.8978 -0.4359 0.0628 0.3684 0.2631
26 -46.8175 -23.0175 47.6162 -0.9570 -0.0257 -0.2888 0.3991 0.3376
snowman02.jpg
26 -44.1069 -18.5056 45.8040 -0.1235 0.7865 -0.6052 0.4666 0.3253
26 -38.3077 -22.1286 48.3321 0.8698 0.4761 -0.1297 0.4888 0.3080
26 -41.0972 -21.1444 37.8249 0.4153 0.8316 -0.3688 0.4575 0.2460
snowman02.jpg
26 -35.8181 -26.0243 42.8989 0.6804 0.7148 -0.1613 0.4732 0.2460
26 -41.0972 -21.1444 37.8249 0.4153 0.8316 -0.3688 0.4575 0.2460
26 -38.3077 -22.1286 48.3321 0.8698 0.4761 -0.1297 0.4888 0.3080
snowman02.jpg
26 -39.8774 -29.6648 54.3011 0.0038 -0.7660 0.6428 0.4183 0.3370
26 -45.5237 -27.1339 49.6257 -0.8323 -0.5497 0.0719 0.3870 0.3348
26 -36.9272 -34.7600 48.5138 -0.2385 -0.8047 0.5437 0.3981 0.2669
snowman02.jpg
26 -43.1349 -31.0119 42.7985 -0.8978 -0.4359 0.0628 0.3684 0.2631
26 -36.9272 -34.7600 48.5138 -0.2385 -0.8047 0.5437 0.3981 0.2669
26 -45.5237 -27.1339 49.6257 -0.8323 -0.5497 0.0719 0.3870 0.3348
snowman02.jpg
26 -38.3077 -22.1286 48.3321 0.8698 0.4761 -0.1297 0.4888 0.3080
26 -37.0854 -27.4027 53.3118 0.8879 -0.0776 0.4534 0.4745 0.3240
26 -35.8181 -26.0243 42.8989 0.6804 0.7148 -0.1613 0.4732 0.2460
snowman02.jpg
27 -36.8609 -39.9324 41.8885 -0.0190 -0.8585 0.5125 0.3821 0.1800
28 -30.2298 -41.0116 34.0001 0.7797 -0.0229 0.6257 0.4641 0.0919
27 -32.2921 -37.9215 40.6815 0.7933 -0.5378 0.2855 0.4547 0.1800
snowman02.jpg
28 -30.2298 -41.0116 34.0001 0.7797 -0.0229 0.6257 0.4641 0.0919
27 -36.8609 -39.9324 41.8885 -0.0190 -0.8585 0.5125 0.3821 0.1800
28 -32.7670 -44.9504 31.1811 0.0425 -0.9926 0.1135 0.3931 0.0710
snowman02.jpg
27 -42.3499 -34.8765 37.1747 -0.8258 -0.5598 0.0687 0.3657 0.1761
28 -32.7670 -44.9504 31.1811 0.0425 -0.9926 0.1135 0.3931 0.0710
27 -36.8609 -39.9324 41.8885 -0.0190 -0.8585 0.5125 0.3821 0.1800
snowman02.jpg
28 -32.7670 -44.9504 31.1811 0.0425 -0.9926 0.1135 0.3931 0.0710
27 -42.3499 -34.8765 37.1747 -0.8258 -0.5598 0.0687 0.3657 0.1761
28 -36.5357 -39.1288 26.7179 -0.5375 -0.6794 -0.4995 0.3943 0.0716
snowman02.jpg
27 -32.2921 -37.9215 40.6815 0.7933 -0.5378 0.2855 0.4547 0.1800
28 -34.1321 -35.3972 29.3886 0.6805 0.6735 0.2887 0.4629 0.0913
27 -35.3661 -31.5346 35.6662 0.7695 0.3566 -0.5297 0.4634 0.1800
snowman02.jpg
28 -34.1321 -35.3972 29.3886 0.6805 0.6735 0.2887 0.4629 0.0913
27 -32.2921 -37.9215 40.6815 0.7933 -0.5378 0.2855 0.4547 0.1800
28 -30.2298 -41.0116 34.0001 0.7797 -0.0229 0.6257 0.4641 0.0919
snowman02.jpg
27 -40.1214 -25.8876 31.0951 -0.0194 0.8170 -0.5763 0.4547 0.1800
28 -40.0111 -33.7444 22.6017 -0.5416 0.0268 -0.8402 0.3955 0.0721
27 -44.6902 -27.8985 32.3021 -0.9582 -0.0304 -0.2843 0.3821 0.1800
snowman02.jpg
28 -40.0111 -33.7444 22.6017 -0.5416 0.0268 -0.8402 0.3955 0.0721
27 -40.1214 -25.8876 31.0951 -0.0194 0.8170 -0.5763 0.4547 0.1800
28 -37.7410 -30.2202 25.1240 0.2609 0.8897 -0.3747 0.4617 0.0908
snowman02.jpg
27 -44.6902 -27.8985 32.3021 -0.9582 -0.0304 -0.2843 0.3821 0.1800
28 -36.5357 -39.1288 26.7179 -0.5375 -0.6794 -0.4995 0.3943 0.0716
27 -42.3499 -34.8765 37.1747 -0.8258 -0.5598 0.0687 0.3657 0.1761
snowman02.jpg
28 -36.5357 -39.1288 26.7179 -0.5375 -0.6794 -0.4995 0.3943 0.0716
27 -44.6902 -27.8985 32.3021 -0.9582 -0.0304 -0.2843 0.3821 0.1800
28 -40.0111 -33.7444 22.6017 -0.5416 0.0268 -0.8402 0.3955 0.0721
snowman02.jpg
27 -35.3661 -31.5346 35.6662 0.7695 0.3566 -0.5297 0.4634 0.1800
28 -37.7410 -30.2202 25.1240 0.2609 0.8897 -0.3747 0.4617 0.0908
27 -40.1214 -25.8876 31.0951 -0.0194 0.8170 -0.5763 0.4547 0.1800
snowman02.jpg
28 -37.7410 -30.2202 25.1240 0.2609 0.8897 -0.3747 0.4617 0.0908
27 -35.3661 -31.5346 35.6662 0.7695 0.3566 -0.5297 0.4634 0.1800
28 -34.1321 -35.3972 29.3886 0.6805 0.6735 0.2887 0.4629 0.0913
snowman02.jpg
28 -37.7410 -30.2202 25.1240 0.2609 0.8897 -0.3747 0.4617 0.0908
28 -29.3734 -32.6956 19.2997 0.0601 0.3266 -0.9432 0.4936 0.0042
28 -40.0111 -33.7444 22.6017 -0.5416 0.0268 -0.8402 0.3955 0.0721
snowman02.jpg
28 -29.3734 -32.6956 19.2997 0.0601 0.3266 -0.9432 0.4936 0.0042
28 -37.7410 -30.2202 25.1240 0.2609 0.8897 -0.3747 0.4617 0.0908
28 -28.7949 -31.0957 20.8268 0.6458 0.7498 -0.1443 0.5096 0.0174
snowman02.jpg
28 -40.0111 -33.7444 22.6017 -0.5416 0.0268 -0.8402 0.3955 0.0721
28 -26.9183 -36.4281 22.1793 0.4613 -0.3304 -0.8234 0.4931 0.0038
28 -36.5357 -39.1288 26.7179 -0.5375 -0.6794 -0.4995 0.3943 0.0716
snowman02.jpg
28 -26.9183 -36.4281 22.1793 0.4613 -0.3304 -0.8234 0.4931 0.0038
28 -40.0111 -33.7444 22.6017 -0.5416 0.0268 -0.8402 0.3955 0.0721
28 -29.3734 -32.6956 19.2997 0.0601 0.3266 -0.9432 0.4936 0.0042
snowman02.jpg
28 -34.1321 -35.3972 29.3886 0.6805 0.6735 0.2887 0.4629 0.0913
28 -28.7949 -31.0957 20.8268 0.6458 0.7498 -0.1443 0.5096 0.0174
28 -37.7410 -30.2202 25.1240 0.2609 0.8897 -0.3747 0.4617 0.0908
snowman02.jpg
28 -28.7949 -31.0957 20.8268 0.6458 0.7498 -0.1443 0.5096 0.0174
28 -34.1321 -35.3972 29.3886 0.6805 0.6735 0.2887 0.4629 0.0913
28 -26.3057 -34.7341 23.7962 0.8012 0.5957 0.0565 0.5101 0.0178
snowman02.jpg
28 -36.5357 -39.1288 26.7179 -0.5375 -0.6794 -0.4995 0.3943 0.0716
28 -24.3471 -40.3337 25.1963 0.6143 -0.4907 -0.6180 0.4926 0.0034
28 -32.7670 -44.9504 31.1811 0.0425 -0.9926 0.1135 0.3931 0.0710
snowman02.jpg
28 -24.3471 -40.3337 25.1963 0.6143 -0.4907 -0.6180 0.4926 0.0034
28 -36.5357 -39.1288 26.7179 -0.5375 -0.6794 -0.4995 0.3943 0.0716
28 -26.9183 -36.4281 22.1793 0.4613 -0.3304 -0.8234 0.4931 0.0038
snowman02.jpg
28 -32.7670 -44.9504 31.1811 0.0425 -0.9926 0.1135 0.3931 0.0710
28 -23.7005 -38.5456 26.9031 0.9339 -0.1539 0.3226 0.5105 0.0182
28 -30.2298 -41.0116 34.0001 0.7797 -0.0229 0.6257 0.4641 0.0919
snowman02.jpg
28 -23.7005 -38.5456 26.9031 0.9339 -0.1539 0.3226 0.5105 0.0182
28 -32.7670 -44.9504 31.1811 0.0425 -0.9926 0.1135 0.3931 0.0710
28 -24.3471 -40.3337 25.1963 0.6143 -0.4907 -0.6180 0.4926 0.0034
snowman02.jpg
28 -30.2298 -41.0116 34.0001 0.7797 -0.0229 0.6257 0.4641 0.0919
28 -26.3057 -34.7341 23.7962 0.8012 0.5957 0.0565 0.5101 0.0178
28 -34.1321 -35.3972 29.3886 0.6805 0.6735 0.2887 0.4629 0.0913
snowman02.jpg
28 -26.3057 -34.7341 23.7962 0.8012 0.5957 0.0565 0.5101 0.0178
28 -30.2298 -41.0116 34.0001 0.7797 -0.0229 0.6257 0.4641 0.0919
28 -23.7005 -38.5456 26.9031 0.9339 -0.1539 0.3226 0.5105 0.0182
snowman02.jpg
26 -36.9272 -34.7600 48.5138 -0.2385 -0.8047 0.5437 0.3981 0.2669
26 -33.0675 -33.1152 47.3240 0.7226 -0.0896 0.6855 0.4575 0.2460
26 -39.8774 -29.6648 54.3011 0.0038 -0.7660 0.6428 0.4183 0.3370
snowman02.jpg
26 -39.8774 -29.6648 54.3011 0.0038 -0.7660 0.6428 0.4183 0.3370
26 -33.0675 -33.1152 47.3240 0.7226 -0.0896 0.6855 0.4575 0.2460
26 -37.0854 -27.4027 53.3118 0.8879 -0.0776 0.4534 0.4745 0.3240
snowman02.jpg
26 -33.0675 -33.1152 47.3240 0.7226 -0.0896 0.6855 0.4575 0.2460
26 -35.8181 -26.0243 42.8989 0.6804 0.7148 -0.1613 0.4732 0.2460
26 -37.0854 -27.4027 53.3118 0.8879 -0.0776 0.4534 0.4745 0.3240
snowman02.jpg
27 -32.2921 -37.9215 40.6815 0.7933 -0.5378 0.2855 0.4547 0.1800
27 -26.9051 -32.2258 41.1070 0.7776 0.0042 0.6287 0.5101 0.2065
26 -33.0675 -33.1152 47.3240 0.7226 -0.0896 0.6855 0.4575 0.2460
snowman02.jpg
27 -26.9051 -32.2258 41.1070 0.7776 0.0042 0.6287 0.5101 0.2065
27 -32.2921 -37.9215 40.6815 0.7933 -0.5378 0.2855 0.4547 0.1800
27 -28.2503 -34.8774 38.8769 0.2831 -0.9489 -0.1395 0.4945 0.1767
snowman02.jpg
26 -35.8181 -26.0243 42.8989 0.6804 0.7148 -0.1613 0.4732 0.2460
27 -29.8398 -31.7747 36.1800 -0.3354 0.0239 -0.9418 0.4985 0.1749
27 -35.3661 -31.5346 35.6662 0.7695 0.3566 -0.5297 0.4634 0.1800
snowman02.jpg
27 -29.8398 -31.7747 36.1800 -0.3354 0.0239 -0.9418 0.4985 0.1749
26 -35.8181 -26.0243 42.8989 0.6804 0.7148 -0.1613 0.4732 0.2460
27 -28.1725 -29.0837 38.1962 0.2335 0.9627 -0.1364 0.5173 0.2032
snowman02.jpg
27 -35.3661 -31.5346 35.6662 0.7695 0.3566 -0.5297 0.4634 0.1800
27 -28.2503 -34.8774 38.8769 0.2831 -0.9489 -0.1395 0.4945 0.1767
27 -32.2921 -37.9215 40.6815 0.7933 -0.5378 0.2855 0.4547 0.1800
snowman02.jpg
27 -28.2503 -34.8774 38.8769 0.2831 -0.9489 -0.1395 0.4945 0.1767
27 -35.3661 -31.5346 35.6662 0.7695 0.3566 -0.5297 0.4634 0.1800
27 -29.8398 -31.7747 36.1800 -0.3354 0.0239 -0.9418 0.4985 0.1749
snowman02.jpg
26 -33.0675 -33.1152 47.3240 0.7226 -0.0896 0.6855 0.4575 0.2460
27 -28.1725 -29.0837 38.1962 0.2335 0.9627 -0.1364 0.5173 0.2032
26 -35.8181 -26.0243 42.8989 0.6804 0.7148 -0.1613 0.4732 0.2460
snowman02.jpg
27 -28.1725 -29.0837 38.1962 0.2335 0.9627 -0.1364 0.5173 0.2032
26 -33.0675 -33.1152 47.3240 0.7226 -0.0896 0.6855 0.4575 0.2460
27 -26.9051 -32.2258 41.1070 0.7776 0.0042 0.6287 0.5101 0.2065
snowman02.jpg
27 -28.1725 -29.0837 38.1962 0.2335 0.9627 -0.1364 0.5173 0.2032
27 -24.0386 -33.2486 32.3476 -0.0973 0.2322 -0.9678 0.5486 0.1365
27 -29.8398 -31.7747 36.1800 -0.3354 0.0239 -0.9418 0.4985 0.1749
snowman02.jpg
27 -24.0386 -33.2486 32.3476 -0.0973 0.2322 -0.9678 0.5486 0.1365
27 -28.1725 -29.0837 38.1962 0.2335 0.9627 -0.1364 0.5173 0.2032
27 -22.9560 -31.5012 33.6569 0.8033 0.5345 -0.2626 0.5609 0.1549
snowman02.jpg
27 -29.8398 -31.7747 36.1800 -0.3354 0.0239 -0.9418 0.4985 0.1749
27 -23.0065 -35.2633 34.0989 0.3909 -0.7677 -0.5077 0.5460 0.1377
27 -28.2503 -34.8774 38.8769 0.2831 -0.9489 -0.1395 0.4945 0.1767
snowman02.jpg
27 -23.0065 -35.2633 34.0989 0.3909 -0.7677 -0.5077 0.5460 0.1377
27 -29.8398 -31.7747 36.1800 -0.3354 0.0239 -0.9418 0.4985 0.1749
27 -24.0386 -33.2486 32.3476 -0.0973 0.2322 -0.9678 0.5486 0.1365
snowman02.jpg
27 -28.2503 -34.8774 38.8769 0.2831 -0.9489 -0.1395 0.4945 0.1767
27 -22.1330 -33.5415 35.5470 0.8771 -0.2938 0.3800 0.5562 0.1570
27 -26.9051 -32.2258 41.1070 0.7776 0.0042 0.6287 0.5101 0.2065
snowman02.jpg
27 -22.1330 -33.5415 35.5470 0.8771 -0.2938 0.3800 0.5562 0.1570
27 -28.2503 -34.8774 38.8769 0.2831 -0.9489 -0.1395 0.4945 0.1767
27 -23.0065 -35.2633 34.0989 0.3909 -0.7677 -0.5077 0.5460 0.1377
snowman02.jpg
27 -26.9051 -32.2258 41.1070 0.7776 0.0042 0.6287 0.5101 0.2065
27 -22.9560 -31.5012 33.6569 0.8033 0.5345 -0.2626 0.5609 0.1549
27 -28.1725 -29.0837 38.1962 0.2335 0.9627 -0.1364 0.5173 0.2032
snowman02.jpg
27 -22.9560 -31.5012 33.6569 0.8033 0.5345 -0.2626 0.5609 0.1549
27 -26.9051 -32.2258 41.1070 0.7776 0.0042 0.6287 0.5101 0.2065
27 -22.1330 -33.5415 35.5470 0.8771 -0.2938 0.3800 0.5562 0.1570
snowman02.jpg
12 -29.5034 -14.1386 4.8663 -0.9652 0.2117 -0.1538 0.2800 0.0336
11 -22.5673 -6.1845 17.4534 -0.9325 0.3324 0.1414 0.2365 0.1462
12 -26.3434 -5.4734 2.8385 -0.4787 0.1488 -0.8653 0.2800 0.0169
snowman02.jpg
11 -22.5673 -6.1845 17.4534 -0.9325 0.3324 0.1414 0.2365 0.1462
12 -29.5034 -14.1386 4.8663 -0.9652 0.2117 -0.1538 0.2800 0.0336
12 -26.3593 -15.1309 12.7191 -0.6811 -0.1611 0.7143 0.2470 0.1035
snowman02.jpg
12 -12.5408 -22.5828 10.1879 0.6646 -0.7431 0.0781 0.0917 0.0806
11 -12.3020 -14.1891 17.9347 0.5211 -0.7190 0.4599 0.1092 0.1405
12 -15.0598 -19.2760 13.5034 0.2885 -0.5295 0.7977 0.1267 0.1105
snowman02.jpg
11 -12.3020 -14.1891 17.9347 0.5211 -0.7190 0.4599 0.1092 0.1405
12 -12.5408 -22.5828 10.1879 0.6646 -0.7431 0.0781 0.0917 0.0806
12 -8.2248 -12.9948 12.4713 0.8394 -0.1334 0.5269 0.0840 0.1025
snowman02.jpg
12 -35.1540 -31.4610 2.5332 -0.8299 -0.4505 -0.3292 0.2737 0.0102
12 -26.7392 -34.9313 6.5955 -0.4930 -0.5743 0.6536 0.1828 0.0463
12 -33.3896 -30.7811 5.1409 -0.7530 -0.1306 0.6449 0.2595 0.0335
snowman02.jpg
12 -26.7392 -34.9313 6.5955 -0.4930 -0.5743 0.6536 0.1828 0.0463
12 -35.1540 -31.4610 2.5332 -0.8299 -0.4505 -0.3292 0.2737 0.0102
12 -27.5469 -35.8162 2.5000 -0.2568 -0.6622 -0.7039 0.1874 0.0097
snowman02.jpg
12 -27.5469 -35.8162 2.5000 -0.2568 -0.6622 -0.7039 0.1874 0.0097
12 -23.7679 -36.6962 7.3440 -0.2200 -0.7305 0.6465 0.1488 0.0528
12 -26.7392 -34.9313 6.5955 -0.4930 -0.5743 0.6536 0.1828 0.0463
snowman02.jpg
12 -23.7679 -36.6962 7.3440 -0.2200 -0.7305 0.6465 0.1488 0.0528
12 -27.5469 -35.8162 2.5000 -0.2568 -0.6622 -0.7039 0.1874 0.0097
12 -22.4154 -38.2738 2.8466 0.4642 -0.8796 0.1045 0.1307 0.0127
snowman02.jpg
12 -26.3593 -15.1309 12.7191 -0.6811 -0.1611 0.7143 0.2470 0.1035
11 -19.5935 -14.8400 19.1418 -0.5619 -0.8258 0.0480 0.1685 0.1691
11 -22.5673 -6.1845 17.4534 -0.9325 0.3324 0.1414 0.2365 0.1462
snowman02.jpg
11 -19.5935 -14.8400 19.1418 -0.5619 -0.8258 0.0480 0.1685 0.1691
12 -26.3593 -15.1309 12.7191 -0.6811 -0.1611 0.7143 0.2470 0.1035
12 -19.2495 -18.1222 14.5596 -0.1009 -0.5285 0.8429 0.1700 0.1198
snowman02.jpg
12 -19.2495 -18.1222 14.5596 -0.1009 -0.5285 0.8429 0.1700 0.1198
11 -12.3020 -14.1891 17.9347 0.5211 -0.7190 0.4599 0.1092 0.1405
11 -19.5935 -14.8400 19.1418 -0.5619 -0.8258 0.0480 0.1685 0.1691
snowman02.jpg
11 -12.3020 -14.1891 17.9347 0.5211 -0.7190 0.4599 0.1092 0.1405
12 -19.2495 -18.1222 14.5596 -0.1009 -0.5285 0.8429 0.1700 0.1198
12 -15.0598 -19.2760 13.5034 0.2885 -0.5295 0.7977 0.1267 0.1105
snowman02.jpg
12 -26.3434 -5.4734 2.8385 -0.4787 0.1488 -0.8653 0.2800 0.0169
12 -18.8990 -18.0474 4.6882 -0.0747 -0.3811 -0.9215 0.1670 0.0320
12 -29.5034 -14.1386 4.8663 -0.9652 0.2117 -0.1538 0.2800 0.0336
snowman02.jpg
12 -18.8990 -18.0474 4.6882 -0.0747 -0.3811 -0.9215 0.1670 0.0320
12 -26.3434 -5.4734 2.8385 -0.4787 0.1488 -0.8653 0.2800 0.0169
12 -15.8736 -9.7459 1.8206 -0.1649 -0.0981 -0.9814 0.1670 0.0078
snowman02.jpg
12 -6.7583 -25.1789 1.1851 0.6651 -0.3996 -0.6309 0.0285 0.0005
12 -7.6976 -27.0290 3.9077 -0.0501 -0.9662 0.2528 0.0310 0.0244
12 -8.8905 -26.7840 1.9296 -0.3784 -0.5083 -0.7736 0.0430 0.0068
snowman02.jpg
12 -7.6976 -27.0290 3.9077 -0.0501 -0.9662 0.2528 0.0310 0.0244
12 -6.7583 -25.1789 1.1851 0.6651 -0.3996 -0.6309 0.0285 0.0005
12 -5.3432 -25.3786 3.2146 0.8933 -0.4029 0.1993 0.0145 0.0186
snowman02.jpg
12 -15.0598 -19.2760 13.5034 0.2885 -0.5295 0.7977 0.1267 0.1105
12 -16.4938 -30.1677 7.3167 0.8869 -0.3550 -0.2957 0.1029 0.0538
12 -12.5408 -22.5828 10.1879 0.6646 -0.7431 0.0781 0.0917 0.0806
snowman02.jpg
12 -16.4938 -30.1677 7.3167 0.8869 -0.3550 -0.2957 0.1029 0.0538
12 -15.0598 -19.2760 13.5034 0.2885 -0.5295 0.7977 0.1267 0.1105
12 -18.7913 -28.4750 11.6452 0.3296 -0.4873 0.8086 0.1302 0.0925
snowman02.jpg
12 -19.2495 -18.1222 14.5596 -0.1009 -0.5285 0.8429 0.1700 0.1198
12 -18.7913 -28.4750 11.6452 0.3296 -0.4873 0.8086 0.1302 0.0925
12 -15.0598 -19.2760 13.5034 0.2885 -0.5295 0.7977 0.1267 0.1105
snowman02.jpg
12 -18.7913 -28.4750 11.6452 0.3296 -0.4873 0.8086 0.1302 0.0925
12 -19.2495 -18.1222 14.5596 -0.1009 -0.5285 0.8429 0.1700 0.1198
12 -22.7527 -26.6678 11.5896 -0.3137 -0.2808 0.9071 0.1737 0.0920
snowman02.jpg
12 -12.5408 -22.5828 10.1879 0.6646 -0.7431 0.0781 0.0917 0.0806
12 -24.4870 -27.0883 4.1899 0.2535 0.0506 -0.9660 0.1885 0.0261
12 -18.8990 -18.0474 4.6882 -0.0747 -0.3811 -0.9215 0.1670 0.0320
snowman02.jpg
12 -24.4870 -27.0883 4.1899 0.2535 0.0506 -0.9660 0.1885 0.0261
12 -12.5408 -22.5828 10.1879 0.6646 -0.7431 0.0781 0.0917 0.0806
12 -16.4938 -30.1677 7.3167 0.8869 -0.3550 -0.2957 0.1029 0.0538
snowman02.jpg
12 -29.5034 -14.1386 4.8663 -0.9652 0.2117 -0.1538 0.2800 0.0336
12 -29.3936 -22.8834 9.5911 -0.7230 -0.0331 0.6901 0.2490 0.0744
12 -26.3593 -15.1309 12.7191 -0.6811 -0.1611 0.7143 0.2470 0.1035
snowman02.jpg
12 -29.3936 -22.8834 9.5911 -0.7230 -0.0331 0.6901 0.2490 0.0744
12 -29.5034 -14.1386 4.8663 -0.9652 0.2117 -0.1538 0.2800 0.0336
12 -31.5934 -23.2400 4.3152 -0.7849 0.3018 -0.5412 0.2684 0.0273
snowman02.jpg
12 -26.3593 -15.1309 12.7191 -0.6811 -0.1611 0.7143 0.2470 0.1035
12 -22.7527 -26.6678 11.5896 -0.3137 -0.2808 0.9071 0.1737 0.0920
12 -19.2495 -18.1222 14.5596 -0.1009 -0.5285 0.8429 0.1700 0.1198
snowman02.jpg
12 -22.7527 -26.6678 11.5896 -0.3137 -0.2808 0.9071 0.1737 0.0920
12 -26.3593 -15.1309 12.7191 -0.6811 -0.1611 0.7143 0.2470 0.1035
12 -29.3936 -22.8834 9.5911 -0.7230 -0.0331 0.6901 0.2490 0.0744
snowman02.jpg
12 -18.8990 -18.0474 4.6882 -0.0747 -0.3811 -0.9215 0.1670 0.0320
12 -31.5934 -23.2400 4.3152 -0.7849 0.3018 -0.5412 0.2684 0.0273
12 -29.5034 -14.1386 4.8663 -0.9652 0.2117 -0.1538 0.2800 0.0336
snowman02.jpg
12 -31.5934 -23.2400 4.3152 -0.7849 0.3018 -0.5412 0.2684 0.0273
12 -18.8990 -18.0474 4.6882 -0.0747 -0.3811 -0.9215 0.1670 0.0320
12 -24.4870 -27.0883 4.1899 0.2535 0.0506 -0.9660 0.1885 0.0261
snowman02.jpg
12 -31.5934 -23.2400 4.3152 -0.7849 0.3018 -0.5412 0.2684 0.0273
12 -33.3896 -30.7811 5.1409 -0.7530 -0.1306 0.6449 0.2595 0.0335
12 -29.3936 -22.8834 9.5911 -0.7230 -0.0331 0.6901 0.2490 0.0744
snowman02.jpg
12 -33.3896 -30.7811 5.1409 -0.7530 -0.1306 0.6449 0.2595 0.0335
12 -31.5934 -23.2400 4.3152 -0.7849 0.3018 -0.5412 0.2684 0.0273
12 -35.1540 -31.4610 2.5332 -0.8299 -0.4505 -0.3292 0.2737 0.0102
snowman02.jpg
12 -29.3936 -22.8834 9.5911 -0.7230 -0.0331 0.6901 0.2490 0.0744
12 -26.7392 -34.9313 6.5955 -0.4930 -0.5743 0.6536 0.1828 0.0463
12 -22.7527 -26.6678 11.5896 -0.3137 -0.2808 0.9071 0.1737 0.0920
snowman02.jpg
12 -26.7392 -34.9313 6.5955 -0.4930 -0.5743 0.6536 0.1828 0.0463
12 -29.3936 -22.8834 9.5911 -0.7230 -0.0331 0.6901 0.2490 0.0744
12 -33.3896 -30.7811 5.1409 -0.7530 -0.1306 0.6449 0.2595 0.0335
snowman02.jpg
12 -24.4870 -27.0883 4.1899 0.2535 0.0506 -0.9660 0.1885 0.0261
12 -35.1540 -31.4610 2.5332 -0.8299 -0.4505 -0.3292 0.2737 0.0102
12 -31.5934 -23.2400 4.3152 -0.7849 0.3018 -0.5412 0.2684 0.0273
snowman02.jpg
12 -35.1540 -31.4610 2.5332 -0.8299 -0.4505 -0.3292 0.2737 0.0102
12 -24.4870 -27.0883 4.1899 0.2535 0.0506 -0.9660 0.1885 0.0261
12 -27.5469 -35.8162 2.5000 -0.2568 -0.6622 -0.7039 0.1874 0.0097
snowman02.jpg
12 -22.7527 -26.6678 11.5896 -0.3137 -0.2808 0.9071 0.1737 0.0920
12 -23.7679 -36.6962 7.3440 -0.2200 -0.7305 0.6465 0.1488 0.0528
12 -18.7913 -28.4750 11.6452 0.3296 -0.4873 0.8086 0.1302 0.0925
snowman02.jpg
12 -23.7679 -36.6962 7.3440 -0.2200 -0.7305 0.6465 0.1488 0.0528
12 -22.7527 -26.6678 11.5896 -0.3137 -0.2808 0.9071 0.1737 0.0920
12 -26.7392 -34.9313 6.5955 -0.4930 -0.5743 0.6536 0.1828 0.0463
snowman02.jpg
12 -18.7913 -28.4750 11.6452 0.3296 -0.4873 0.8086 0.1302 0.0925
12 -22.4154 -38.2738 2.8466 0.4642 -0.8796 0.1045 0.1307 0.0127
12 -16.4938 -30.1677 7.3167 0.8869 -0.3550 -0.2957 0.1029 0.0538
snowman02.jpg
12 -22.4154 -38.2738 2.8466 0.4642 -0.8796 0.1045 0.1307 0.0127
12 -18.7913 -28.4750 11.6452 0.3296 -0.4873 0.8086 0.1302 0.0925
12 -23.7679 -36.6962 7.3440 -0.2200 -0.7305 0.6465 0.1488 0.0528
snowman02.jpg
12 -16.4938 -30.1677 7.3167 0.8869 -0.3550 -0.2957 0.1029 0.0538
12 -27.5469 -35.8162 2.5000 -0.2568 -0.6622 -0.7039 0.1874 0.0097
12 -24.4870 -27.0883 4.1899 0.2535 0.0506 -0.9660 0.1885 0.0261
snowman02.jpg
12 -27.5469 -35.8162 2.5000 -0.2568 -0.6622 -0.7039 0.1874 0.0097
12 -16.4938 -30.1677 7.3167 0.8869 -0.3550 -0.2957 0.1029 0.0538
12 -22.4154 -38.2738 2.8466 0.4642 -0.8796 0.1045 0.1307 0.0127
snowman02.jpg
12 -15.8736 -9.7459 1.8206 -0.1649 -0.0981 -0.9814 0.1670 0.0078
12 -12.2072 -20.5558 2.7839 -0.6635 -0.5556 -0.5011 0.0955 0.0151
12 -18.8990 -18.0474 4.6882 -0.0747 -0.3811 -0.9215 0.1670 0.0320
snowman02.jpg
12 -12.2072 -20.5558 2.7839 -0.6635 -0.5556 -0.5011 0.0955 0.0151
12 -15.8736 -9.7459 1.8206 -0.1649 -0.0981 -0.9814 0.1670 0.0078
12 -6.1034 -18.2714 1.2230 0.2875 -0.0063 -0.9578 0.0460 0.0018
snowman02.jpg
12 -18.8990 -18.0474 4.6882 -0.0747 -0.3811 -0.9215 0.1670 0.0320
12 -9.3804 -21.2561 7.9762 0.3075 -0.7857 0.5367 0.0666 0.0613
12 -12.5408 -22.5828 10.1879 0.6646 -0.7431 0.0781 0.0917 0.0806
snowman02.jpg
12 -9.3804 -21.2561 7.9762 0.3075 -0.7857 0.5367 0.0666 0.0613
12 -18.8990 -18.0474 4.6882 -0.0747 -0.3811 -0.9215 0.1670 0.0320
12 -12.2072 -20.5558 2.7839 -0.6635 -0.5556 -0.5011 0.0955 0.0151
snowman02.jpg
12 -6.1034 -18.2714 1.2230 0.2875 -0.0063 -0.9578 0.0460 0.0018
12 -8.8905 -26.7840 1.9296 -0.3784 -0.5083 -0.7736 0.0430 0.0068
12 -12.2072 -20.5558 2.7839 -0.6635 -0.5556 -0.5011 0.0955 0.0151
snowman02.jpg
12 -8.8905 -26.7840 1.9296 -0.3784 -0.5083 -0.7736 0.0430 0.0068
12 -6.1034 -18.2714 1.2230 0.2875 -0.0063 -0.9578 0.0460 0.0018
12 -6.7583 -25.1789 1.1851 0.6651 -0.3996 -0.6309 0.0285 0.0005
snowman02.jpg
12 -12.2072 -20.5558 2.7839 -0.6635 -0.5556 -0.5011 0.0955 0.0151
12 -7.6976 -27.0290 3.9077 -0.0501 -0.9662 0.2528 0.0310 0.0244
12 -9.3804 -21.2561 7.9762 0.3075 -0.7857 0.5367 0.0666 0.0613
snowman02.jpg
12 -7.6976 -27.0290 3.9077 -0.0501 -0.9662 0.2528 0.0310 0.0244
12 -12.2072 -20.5558 2.7839 -0.6635 -0.5556 -0.5011 0.0955 0.0151
12 -8.8905 -26.7840 1.9296 -0.3784 -0.5083 -0.7736 0.0430 0.0068
snowman02.jpg
12 -9.3804 -21.2561 7.9762 0.3075 -0.7857 0.5367 0.0666 0.0613
12 -5.3432 -25.3786 3.2146 0.8933 -0.4029 0.1993 0.0145 0.0186
12 -6.0728 -17.7763 5.4581 0.9876 -0.0134 0.1562 0.0474 0.0396
snowman02.jpg
12 -5.3432 -25.3786 3.2146 0.8933 -0.4029 0.1993 0.0145 0.0186
12 -9.3804 -21.2561 7.9762 0.3075 -0.7857 0.5367 0.0666 0.0613
12 -7.6976 -27.0290 3.9077 -0.0501 -0.9662 0.2528 0.0310 0.0244
snowman02.jpg
12 -6.0728 -17.7763 5.4581 0.9876 -0.0134 0.1562 0.0474 0.0396
12 -6.7583 -25.1789 1.1851 0.6651 -0.3996 -0.6309 0.0285 0.0005
12 -6.1034 -18.2714 1.2230 0.2875 -0.0063 -0.9578 0.0460 0.0018
snowman02.jpg
12 -6.7583 -25.1789 1.1851 0.6651 -0.3996 -0.6309 0.0285 0.0005
12 -6.0728 -17.7763 5.4581 0.9876 -0.0134 0.1562 0.0474 0.0396
12 -5.3432 -25.3786 3.2146 0.8933 -0.4029 0.1993 0.0145 0.0186
snowman02.jpg
12 -18.1974 2.4013 1.7653 -0.2908 0.9439 -0.1568 0.2304 0.0089
12 -26.3434 -5.4734 2.8385 -0.4787 0.1488 -0.8653 0.2800 0.0169
11 -22.5673 -6.1845 17.4534 -0.9325 0.3324 0.1414 0.2365 0.1462
snowman02.jpg
12 -8.2248 -12.9948 12.4713 0.8394 -0.1334 0.5269 0.0840 0.1025
12 -8.5745 -0.2570 2.0661 0.8976 0.2748 -0.3447 0.1309 0.0117
11 -12.3020 -14.1891 17.9347 0.5211 -0.7190 0.4599 0.1092 0.1405
snowman02.jpg
12 -8.5745 -0.2570 2.0661 0.8976 0.2748 -0.3447 0.1309 0.0117
12 -26.3434 -5.4734 2.8385 -0.4787 0.1488 -0.8653 0.2800 0.0169
12 -18.1974 2.4013 1.7653 -0.2908 0.9439 -0.1568 0.2304 0.0089
snowman02.jpg
12 -26.3434 -5.4734 2.8385 -0.4787 0.1488 -0.8653 0.2800 0.0169
12 -8.5745 -0.2570 2.0661 0.8976 0.2748 -0.3447 0.1309 0.0117
12 -15.8736 -9.7459 1.8206 -0.1649 -0.0981 -0.9814 0.1670 0.0078
snowman02.jpg
12 -6.0728 -17.7763 5.4581 0.9876 -0.0134 0.1562 0.0474 0.0396
12 -8.5745 -0.2570 2.0661 0.8976 0.2748 -0.3447 0.1309 0.0117
12 -8.2248 -12.9948 12.4713 0.8394 -0.1334 0.5269 0.0840 0.1025
snowman02.jpg
12 -6.0728 -17.7763 5.4581 0.9876 -0.0134 0.1562 0.0474 0.0396
12 -6.1034 -18.2714 1.2230 0.2875 -0.0063 -0.9578 0.0460 0.0018
12 -8.5745 -0.2570 2.0661 0.8976 0.2748 -0.3447 0.1309 0.0117
snowman02.jpg
12 -6.1034 -18.2714 1.2230 0.2875 -0.0063 -0.9578 0.0460 0.0018
12 -15.8736 -9.7459 1.8206 -0.1649 -0.0981 -0.9814 0.1670 0.0078
12 -8.5745 -0.2570 2.0661 0.8976 0.2748 -0.3447 0.1309 0.0117
snowman02.jpg
12 -12.5408 -22.5828 10.1879 0.6646 -0.7431 0.0781 0.0917 0.0806
12 -9.3804 -21.2561 7.9762 0.3075 -0.7857 0.5367 0.0666 0.0613
12 -8.2248 -12.9948 12.4713 0.8394 -0.1334 0.5269 0.0840 0.1025
snowman02.jpg
12 -9.3804 -21.2561 7.9762 0.3075 -0.7857 0.5367 0.0666 0.0613
12 -6.0728 -17.7763 5.4581 0.9876 -0.0134 0.1562 0.0474 0.0396
12 -8.2248 -12.9948 12.4713 0.8394 -0.1334 0.5269 0.0840 0.1025
snowman02.jpg
2 -10.1933 33.3226 76.4093 -0.0948 0.9751 -0.2007 0.0958 0.8691
2 0.2908 27.1269 77.9565 -0.0324 0.9333 -0.3576 0.0028 0.8747
10 -7.2682 10.7945 61.3313 0.5178 0.2652 -0.8133 0.0711 0.7747
snowman02.jpg
2 0.2908 27.1269 77.9565 -0.0324 0.9333 -0.3576 0.0028 0.8747
2 10.8844 33.3227 78.2534 0.0403 0.9676 0.2494 0.0947 0.8691
3 8.7112 29.1061 65.4945 -0.5607 0.7056 -0.4333 0.0701 0.7747
snowman02.jpg
10 -7.2682 10.7945 61.3313 0.5178 0.2652 -0.8133 0.0711 0.7747
2 0.2908 27.1269 77.9565 -0.0324 0.9333 -0.3576 0.0028 0.8747
2 -0.0530 4.2060 65.3511 0.5425 -0.6518 -0.5300 0.0044 0.7632
snowman02.jpg
2 0.2908 27.1269 77.9565 -0.0324 0.9333 -0.3576 0.0028 0.8747
3 8.7112 29.1061 65.4945 -0.5607 0.7056 -0.4333 0.0701 0.7747
2 2.8182 4.2060 65.6022 -0.4996 -0.6578 -0.5637 0.0034 0.7632
snowman02.jpg
2 0.2908 27.1269 77.9565 -0.0324 0.9333 -0.3576 0.0028 0.8747
2 2.8182 4.2060 65.6022 -0.4996 -0.6578 -0.5637 0.0034 0.7632
2 -0.0530 4.2060 65.3511 0.5425 -0.6518 -0.5300 0.0044 0.7632
snowman02.jpg
20 9.0542 -22.6474 138.2260 0.8497 0.2918 0.4392 0.5229 0.9027
20 12.2837 -28.3840 131.8478 0.9859 0.0694 0.1521 0.4690 0.8614
20 13.4414 -16.5269 131.0466 0.8206 -0.3452 0.4555 0.5611 0.8392
snowman02.jpg
20 12.2837 -28.3840 131.8478 0.9859 0.0694 0.1521 0.4690 0.8614
20 9.0542 -22.6474 138.2260 0.8497 0.2918 0.4392 0.5229 0.9027
20 10.8308 -31.9020 144.2121 0.8053 0.0330 0.5919 0.4545 0.9372
snowman02.jpg
20 8.3109 -25.6342 143.1657 0.6570 0.3522 0.6666 0.5063 0.9448
20 10.8308 -31.9020 144.2121 0.8053 0.0330 0.5919 0.4545 0.9372
20 9.0542 -22.6474 138.2260 0.8497 0.2918 0.4392 0.5229 0.9027
snowman02.jpg
20 14.2764 -40.2148 131.1815 0.8582 -0.2866 -0.4259 0.3837 0.8714
20 12.2837 -28.3840 131.8478 0.9859 0.0694 0.1521 0.4690 0.8614
20 10.8252 -41.8953 138.9454 0.7649 -0.4157 0.4920 0.3960 0.9344
snowman02.jpg
20 10.8308 -31.9020 144.2121 0.8053 0.0330 0.5919 0.4545 0.9372
20 10.8252 -41.8953 138.9454 0.7649 -0.4157 0.4920 0.3960 0.9344
20 12.2837 -28.3840 131.8478 0.9859 0.0694 0.1521 0.4690 0.8614
snowman02.jpg
22 4.6529 -49.8389 120.4083 0.0861 -0.9929 0.0823 0.3217 0.7914
22 1.4976 -47.8085 114.7223 0.0000 -0.7377 -0.6752 0.3321 0.7401
22 7.4736 -48.0913 120.7165 0.7679 -0.6048 -0.2110 0.3616 0.7876
snowman02.jpg
22 7.4736 -47.6408 118.1618 0.6994 -0.2089 -0.6835 0.3359 0.7711
22 7.4736 -48.0913 120.7165 0.7679 -0.6048 -0.2110 0.3616 0.7876
22 1.4976 -47.8085 114.7223 0.0000 -0.7377 -0.6752 0.3321 0.7401
snowman02.jpg
20 1.4976 -54.9839 134.4519 -0.0000 -0.6941 0.7199 0.2636 0.9176
20 1.4976 -54.8705 127.3098 0.0000 -0.8365 -0.5480 0.2546 0.8624
20 7.4778 -52.9026 132.8584 0.7429 -0.6375 0.2042 0.2777 0.9025
snowman02.jpg
20 7.4778 -53.1245 127.6177 0.7689 -0.6080 -0.1978 0.2687 0.8624
20 7.4778 -52.9026 132.8584 0.7429 -0.6375 0.2042 0.2777 0.9025
20 1.4976 -54.8705 127.3098 0.0000 -0.8365 -0.5480 0.2546 0.8624
snowman02.jpg
20 1.4976 -34.3936 149.0850 -0.0000 0.0054 1.0000 0.4409 0.9953
20 1.4976 -44.0566 144.3204 -0.0000 -0.5895 0.8078 0.3631 0.9787
20 10.8308 -31.9020 144.2121 0.8053 0.0330 0.5919 0.4545 0.9372
snowman02.jpg
20 10.8252 -41.8953 138.9454 0.7649 -0.4157 0.4920 0.3960 0.9344
20 10.8308 -31.9020 144.2121 0.8053 0.0330 0.5919 0.4545 0.9372
20 1.4976 -44.0566 144.3204 -0.0000 -0.5895 0.8078 0.3631 0.9787
snowman02.jpg
20 1.4977 -23.5266 147.7885 0.0013 0.3200 0.9474 0.5293 0.9775
20 1.4976 -34.3936 149.0850 -0.0000 0.0054 1.0000 0.4409 0.9953
20 8.3109 -25.6342 143.1657 0.6570 0.3522 0.6666 0.5063 0.9448
snowman02.jpg
20 10.8308 -31.9020 144.2121 0.8053 0.0330 0.5919 0.4545 0.9372
20 8.3109 -25.6342 143.1657 0.6570 0.3522 0.6666 0.5063 0.9448
20 1.4976 -34.3936 149.0850 -0.0000 0.0054 1.0000 0.4409 0.9953
snowman02.jpg
20 14.2764 -40.2148 131.1815 0.8582 -0.2866 -0.4259 0.3837 0.8714
20 10.8252 -41.8953 138.9454 0.7649 -0.4157 0.4920 0.3960 0.9344
20 8.6177 -47.7174 133.9457 0.7389 -0.5484 0.3915 0.3200 0.9038
snowman02.jpg
20 8.6177 -47.7174 133.9457 0.7389 -0.5484 0.3915 0.3200 0.9038
20 8.6177 -44.6943 129.9604 0.6818 0.0171 -0.7314 0.3382 0.8738
20 14.2764 -40.2148 131.1815 0.8582 -0.2866 -0.4259 0.3837 0.8714
snowman02.jpg
20 10.8252 -41.8953 138.9454 0.7649 -0.4157 0.4920 0.3960 0.9344
20 1.4976 -44.0566 144.3204 -0.0000 -0.5895 0.8078 0.3631 0.9787
20 1.4976 -48.9753 137.5626 -0.0000 -0.6864 0.7273 0.3151 0.9333
snowman02.jpg
20 1.4976 -48.9753 137.5626 -0.0000 -0.6864 0.7273 0.3151 0.9333
20 8.6177 -47.7174 133.9457 0.7389 -0.5484 0.3915 0.3200 0.9038
20 10.8252 -41.8953 138.9454 0.7649 -0.4157 0.4920 0.3960 0.9344
snowman02.jpg
20 8.6177 -47.7174 133.9457 0.7389 -0.5484 0.3915 0.3200 0.9038
20 1.4976 -48.9753 137.5626 -0.0000 -0.6864 0.7273 0.3151 0.9333
20 1.4976 -54.9839 134.4519 -0.0000 -0.6941 0.7199 0.2636 0.9176
snowman02.jpg
20 1.4976 -54.9839 134.4519 -0.0000 -0.6941 0.7199 0.2636 0.9176
20 7.4778 -52.9026 132.8584 0.7429 -0.6375 0.2042 0.2777 0.9025
20 8.6177 -47.7174 133.9457 0.7389 -0.5484 0.3915 0.3200 0.9038
snowman02.jpg
20 8.6177 -44.6943 129.9604 0.6818 0.0171 -0.7314 0.3382 0.8738
20 8.6177 -47.7174 133.9457 0.7389 -0.5484 0.3915 0.3200 0.9038
20 7.4778 -52.9026 132.8584 0.7429 -0.6375 0.2042 0.2777 0.9025
snowman02.jpg
20 7.4778 -52.9026 132.8584 0.7429 -0.6375 0.2042 0.2777 0.9025
20 7.4778 -53.1245 127.6177 0.7689 -0.6080 -0.1978 0.2687 0.8624
20 8.6177 -44.6943 129.9604 0.6818 0.0171 -0.7314 0.3382 0.8738
snowman02.jpg
20 10.8252 -32.5073 122.7094 0.8954 -0.1396 -0.4228 0.3865 0.7986
20 14.2764 -40.2148 131.1815 0.8582 -0.2866 -0.4259 0.3837 0.8714
22 8.6726 -44.0579 121.9444 0.6712 -0.6260 0.3970 0.3656 0.7926
snowman02.jpg
22 8.6726 -44.0579 121.9444 0.6712 -0.6260 0.3970 0.3656 0.7926
22 8.6726 -39.6102 120.7552 0.7711 -0.1079 -0.6275 0.3654 0.7793
20 10.8252 -32.5073 122.7094 0.8954 -0.1396 -0.4228 0.3865 0.7986
snowman02.jpg
18 2.4676 -28.3238 113.3602 0.0324 -0.2805 -0.9593 0.4224 0.7475
20 10.8252 -32.5073 122.7094 0.8954 -0.1396 -0.4228 0.3865 0.7986
22 8.6726 -39.6102 120.7552 0.7711 -0.1079 -0.6275 0.3654 0.7793
snowman02.jpg
22 8.6726 -39.6102 120.7552 0.7711 -0.1079 -0.6275 0.3654 0.7793
22 1.4976 -39.0949 117.8331 -0.0021 0.0643 -0.9979 0.3654 0.7561
18 2.4676 -28.3238 113.3602 0.0324 -0.2805 -0.9593 0.4224 0.7475
snowman02.jpg
22 8.6726 -39.6102 120.7552 0.7711 -0.1079 -0.6275 0.3654 0.7793
22 8.6726 -44.0579 121.9444 0.6712 -0.6260 0.3970 0.3656 0.7926
22 7.4736 -48.0913 120.7165 0.7679 -0.6048 -0.2110 0.3616 0.7876
snowman02.jpg
22 7.4736 -48.0913 120.7165 0.7679 -0.6048 -0.2110 0.3616 0.7876
22 7.4736 -47.6408 118.1618 0.6994 -0.2089 -0.6835 0.3359 0.7711
22 8.6726 -39.6102 120.7552 0.7711 -0.1079 -0.6275 0.3654 0.7793
snowman02.jpg
22 1.4976 -39.0949 117.8331 -0.0021 0.0643 -0.9979 0.3654 0.7561
22 8.6726 -39.6102 120.7552 0.7711 -0.1079 -0.6275 0.3654 0.7793
22 7.4736 -47.6408 118.1618 0.6994 -0.2089 -0.6835 0.3359 0.7711
snowman02.jpg
22 7.4736 -47.6408 118.1618 0.6994 -0.2089 -0.6835 0.3359 0.7711
22 1.4976 -47.8085 114.7223 0.0000 -0.7377 -0.6752 0.3321 0.7401
22 1.4976 -39.0949 117.8331 -0.0021 0.0643 -0.9979 0.3654 0.7561
snowman02.jpg
22 4.6529 -49.8389 120.4083 0.0861 -0.9929 0.0823 0.3217 0.7914
22 7.4736 -48.0913 120.7165 0.7679 -0.6048 -0.2110 0.3616 0.7876
22 5.9018 -49.6072 126.4175 0.6803 -0.6845 0.2621 0.3274 0.8160
snowman02.jpg
22 8.6726 -44.0579 121.9444 0.6712 -0.6260 0.3970 0.3656 0.7926
22 4.6529 -49.8389 120.4083 0.0861 -0.9929 0.0823 0.3217 0.7914
22 5.9018 -49.6072 126.4175 0.6803 -0.6845 0.2621 0.3274 0.8160
snowman02.jpg
22 7.4736 -48.0913 120.7165 0.7679 -0.6048 -0.2110 0.3616 0.7876
22 8.6726 -44.0579 121.9444 0.6712 -0.6260 0.3970 0.3656 0.7926
22 5.9018 -49.6072 126.4175 0.6803 -0.6845 0.2621 0.3274 0.8160
snowman02.jpg
20 7.4778 -53.1245 127.6177 0.7689 -0.6080 -0.1978 0.2687 0.8624
20 1.4976 -54.8705 127.3098 0.0000 -0.8365 -0.5480 0.2546 0.8624
20 6.9936 -50.2720 123.0730 0.4358 -0.2539 -0.8635 0.2831 0.8330
snowman02.jpg
20 8.6177 -44.6943 129.9604 0.6818 0.0171 -0.7314 0.3382 0.8738
20 7.4778 -53.1245 127.6177 0.7689 -0.6080 -0.1978 0.2687 0.8624
20 6.9936 -50.2720 123.0730 0.4358 -0.2539 -0.8635 0.2831 0.8330
snowman02.jpg
20 1.4976 -54.8705 127.3098 0.0000 -0.8365 -0.5480 0.2546 0.8624
20 8.6177 -44.6943 129.9604 0.6818 0.0171 -0.7314 0.3382 0.8738
20 6.9936 -50.2720 123.0730 0.4358 -0.2539 -0.8635 0.2831 0.8330
snowman02.jpg
20 12.2837 -28.3840 131.8478 0.9859 0.0694 0.1521 0.4690 0.8614
20 14.2764 -40.2148 131.1815 0.8582 -0.2866 -0.4259 0.3837 0.8714
20 10.8252 -32.5073 122.7094 0.8954 -0.1396 -0.4228 0.3865 0.7986
snowman02.jpg
20 -6.0589 -22.6474 138.2260 -0.8368 0.3187 0.4451 0.5229 0.9027
20 -10.2224 -16.5269 131.0466 -0.8260 -0.3233 0.4618 0.5611 0.8392
20 -9.2884 -28.3841 131.8478 -0.9860 0.0752 0.1486 0.4690 0.8614
snowman02.jpg
20 -9.2884 -28.3841 131.8478 -0.9860 0.0752 0.1486 0.4690 0.8614
20 -7.8355 -31.9021 144.2121 -0.8053 0.0330 0.5919 0.4545 0.9372
20 -6.0589 -22.6474 138.2260 -0.8368 0.3187 0.4451 0.5229 0.9027
snowman02.jpg
20 -5.3156 -25.6342 143.1657 -0.6469 0.3763 0.6632 0.5063 0.9448
20 -6.0589 -22.6474 138.2260 -0.8368 0.3187 0.4451 0.5229 0.9027
20 -7.8355 -31.9021 144.2121 -0.8053 0.0330 0.5919 0.4545 0.9372
snowman02.jpg
20 -11.2812 -40.2148 131.1815 -0.8410 -0.5216 -0.1436 0.3837 0.8714
20 -7.8300 -41.8953 138.9454 -0.7649 -0.4157 0.4920 0.3960 0.9344
20 -9.2884 -28.3841 131.8478 -0.9860 0.0752 0.1486 0.4690 0.8614
snowman02.jpg
20 -7.8355 -31.9021 144.2121 -0.8053 0.0330 0.5919 0.4545 0.9372
20 -9.2884 -28.3841 131.8478 -0.9860 0.0752 0.1486 0.4690 0.8614
20 -7.8300 -41.8953 138.9454 -0.7649 -0.4157 0.4920 0.3960 0.9344
snowman02.jpg
22 -1.6578 -49.8389 120.4083 -0.0702 -0.9038 0.4221 0.3217 0.7914
22 -4.4784 -48.0913 120.7165 -0.7679 -0.6048 -0.2110 0.3616 0.7876
22 1.4976 -47.8085 114.7223 0.0000 -0.7377 -0.6752 0.3321 0.7401
snowman02.jpg
22 -4.4784 -47.6408 118.1618 -0.6994 -0.2089 -0.6835 0.3359 0.7711
22 1.4976 -47.8085 114.7223 0.0000 -0.7377 -0.6752 0.3321 0.7401
22 -4.4784 -48.0913 120.7165 -0.7679 -0.6048 -0.2110 0.3616 0.7876
snowman02.jpg
20 1.4976 -54.9839 134.4519 -0.0000 -0.6941 0.7199 0.2636 0.9176
20 -4.4827 -52.9026 132.8584 -0.7429 -0.6375 0.2042 0.2777 0.9025
20 1.4976 -54.8705 127.3098 0.0000 -0.8365 -0.5480 0.2546 0.8624
snowman02.jpg
20 -4.4827 -53.1245 127.6177 -0.7689 -0.6080 -0.1978 0.2687 0.8624
20 1.4976 -54.8705 127.3098 0.0000 -0.8365 -0.5480 0.2546 0.8624
20 -4.4827 -52.9026 132.8584 -0.7429 -0.6375 0.2042 0.2777 0.9025
snowman02.jpg
20 1.4976 -34.3936 149.0850 -0.0000 0.0054 1.0000 0.4409 0.9953
20 -7.8355 -31.9021 144.2121 -0.8053 0.0330 0.5919 0.4545 0.9372
20 1.4976 -44.0566 144.3204 -0.0000 -0.5895 0.8078 0.3631 0.9787
snowman02.jpg
20 -7.8300 -41.8953 138.9454 -0.7649 -0.4157 0.4920 0.3960 0.9344
20 1.4976 -44.0566 144.3204 -0.0000 -0.5895 0.8078 0.3631 0.9787
20 -7.8355 -31.9021 144.2121 -0.8053 0.0330 0.5919 0.4545 0.9372
snowman02.jpg
20 1.4977 -23.5266 147.7885 0.0013 0.3200 0.9474 0.5293 0.9775
20 -5.3156 -25.6342 143.1657 -0.6469 0.3763 0.6632 0.5063 0.9448
20 1.4976 -34.3936 149.0850 -0.0000 0.0054 1.0000 0.4409 0.9953
snowman02.jpg
20 -7.8355 -31.9021 144.2121 -0.8053 0.0330 0.5919 0.4545 0.9372
20 1.4976 -34.3936 149.0850 -0.0000 0.0054 1.0000 0.4409 0.9953
20 -5.3156 -25.6342 143.1657 -0.6469 0.3763 0.6632 0.5063 0.9448
snowman02.jpg
20 -11.2812 -40.2148 131.1815 -0.8410 -0.5216 -0.1436 0.3837 0.8714
20 -5.6225 -47.7174 133.9457 -0.7389 -0.5484 0.3915 0.3200 0.9038
20 -7.8300 -41.8953 138.9454 -0.7649 -0.4157 0.4920 0.3960 0.9344
snowman02.jpg
20 -5.6225 -47.7174 133.9457 -0.7389 -0.5484 0.3915 0.3200 0.9038
20 -11.2812 -40.2148 131.1815 -0.8410 -0.5216 -0.1436 0.3837 0.8714
20 -5.6225 -44.6943 129.9604 -0.5756 0.0683 -0.8149 0.3382 0.8738
snowman02.jpg
20 14.2764 -40.2148 131.1815 0.8582 -0.2866 -0.4259 0.3837 0.8714
20 -5.6225 -44.6943 129.9604 -0.5756 0.0683 -0.8149 0.3382 0.8738
20 -11.2812 -40.2148 131.1815 -0.8410 -0.5216 -0.1436 0.3837 0.8714
snowman02.jpg
20 -5.6225 -44.6943 129.9604 -0.5756 0.0683 -0.8149 0.3382 0.8738
20 14.2764 -40.2148 131.1815 0.8582 -0.2866 -0.4259 0.3837 0.8714
20 8.6177 -44.6943 129.9604 0.6818 0.0171 -0.7314 0.3382 0.8738
snowman02.jpg
20 -7.8300 -41.8953 138.9454 -0.7649 -0.4157 0.4920 0.3960 0.9344
20 1.4976 -48.9753 137.5626 -0.0000 -0.6864 0.7273 0.3151 0.9333
20 1.4976 -44.0566 144.3204 -0.0000 -0.5895 0.8078 0.3631 0.9787
snowman02.jpg
20 1.4976 -48.9753 137.5626 -0.0000 -0.6864 0.7273 0.3151 0.9333
20 -7.8300 -41.8953 138.9454 -0.7649 -0.4157 0.4920 0.3960 0.9344
20 -5.6225 -47.7174 133.9457 -0.7389 -0.5484 0.3915 0.3200 0.9038
snowman02.jpg
20 -5.6225 -47.7174 133.9457 -0.7389 -0.5484 0.3915 0.3200 0.9038
20 1.4976 -54.9839 134.4519 -0.0000 -0.6941 0.7199 0.2636 0.9176
20 1.4976 -48.9753 137.5626 -0.0000 -0.6864 0.7273 0.3151 0.9333
snowman02.jpg
20 1.4976 -54.9839 134.4519 -0.0000 -0.6941 0.7199 0.2636 0.9176
20 -5.6225 -47.7174 133.9457 -0.7389 -0.5484 0.3915 0.3200 0.9038
20 -4.4827 -52.9026 132.8584 -0.7429 -0.6375 0.2042 0.2777 0.9025
snowman02.jpg
20 -5.6225 -44.6943 129.9604 -0.5756 0.0683 -0.8149 0.3382 0.8738
20 -4.4827 -52.9026 132.8584 -0.7429 -0.6375 0.2042 0.2777 0.9025
20 -5.6225 -47.7174 133.9457 -0.7389 -0.5484 0.3915 0.3200 0.9038
snowman02.jpg
20 -4.4827 -52.9026 132.8584 -0.7429 -0.6375 0.2042 0.2777 0.9025
20 -5.6225 -44.6943 129.9604 -0.5756 0.0683 -0.8149 0.3382 0.8738
20 -4.4827 -53.1245 127.6177 -0.7689 -0.6080 -0.1978 0.2687 0.8624
snowman02.jpg
20 -7.8300 -32.5074 122.7094 -0.8701 -0.1856 -0.4566 0.3865 0.7986
22 -5.6774 -44.0579 121.9444 -0.8919 -0.4444 0.0841 0.3656 0.7926
20 -11.2812 -40.2148 131.1815 -0.8410 -0.5216 -0.1436 0.3837 0.8714
snowman02.jpg
22 -5.6774 -44.0579 121.9444 -0.8919 -0.4444 0.0841 0.3656 0.7926
20 -7.8300 -32.5074 122.7094 -0.8701 -0.1856 -0.4566 0.3865 0.7986
22 -5.6774 -39.6102 120.7552 -0.7609 -0.0913 -0.6424 0.3654 0.7793
snowman02.jpg
18 2.4676 -28.3238 113.3602 0.0324 -0.2805 -0.9593 0.4224 0.7475
22 -5.6774 -39.6102 120.7552 -0.7609 -0.0913 -0.6424 0.3654 0.7793
20 -7.8300 -32.5074 122.7094 -0.8701 -0.1856 -0.4566 0.3865 0.7986
snowman02.jpg
22 -5.6774 -39.6102 120.7552 -0.7609 -0.0913 -0.6424 0.3654 0.7793
18 2.4676 -28.3238 113.3602 0.0324 -0.2805 -0.9593 0.4224 0.7475
22 1.4976 -39.0949 117.8331 -0.0021 0.0643 -0.9979 0.3654 0.7561
snowman02.jpg
20 -11.2812 -40.2148 131.1815 -0.8410 -0.5216 -0.1436 0.3837 0.8714
22 8.6726 -44.0579 121.9444 0.6712 -0.6260 0.3970 0.3656 0.7926
20 14.2764 -40.2148 131.1815 0.8582 -0.2866 -0.4259 0.3837 0.8714
snowman02.jpg
22 8.6726 -44.0579 121.9444 0.6712 -0.6260 0.3970 0.3656 0.7926
20 -11.2812 -40.2148 131.1815 -0.8410 -0.5216 -0.1436 0.3837 0.8714
22 -5.6774 -44.0579 121.9444 -0.8919 -0.4444 0.0841 0.3656 0.7926
snowman02.jpg
22 -5.6774 -44.0579 121.9444 -0.8919 -0.4444 0.0841 0.3656 0.7926
22 -1.6578 -49.8389 120.4083 -0.0702 -0.9038 0.4221 0.3217 0.7914
22 8.6726 -44.0579 121.9444 0.6712 -0.6260 0.3970 0.3656 0.7926
snowman02.jpg
22 -5.6774 -39.6102 120.7552 -0.7609 -0.0913 -0.6424 0.3654 0.7793
22 -4.4784 -48.0913 120.7165 -0.7679 -0.6048 -0.2110 0.3616 0.7876
22 -5.6774 -44.0579 121.9444 -0.8919 -0.4444 0.0841 0.3656 0.7926
snowman02.jpg
22 -4.4784 -48.0913 120.7165 -0.7679 -0.6048 -0.2110 0.3616 0.7876
22 -5.6774 -39.6102 120.7552 -0.7609 -0.0913 -0.6424 0.3654 0.7793
22 -4.4784 -47.6408 118.1618 -0.6994 -0.2089 -0.6835 0.3359 0.7711
snowman02.jpg
22 1.4976 -39.0949 117.8331 -0.0021 0.0643 -0.9979 0.3654 0.7561
22 -4.4784 -47.6408 118.1618 -0.6994 -0.2089 -0.6835 0.3359 0.7711
22 -5.6774 -39.6102 120.7552 -0.7609 -0.0913 -0.6424 0.3654 0.7793
snowman02.jpg
22 -4.4784 -47.6408 118.1618 -0.6994 -0.2089 -0.6835 0.3359 0.7711
22 1.4976 -39.0949 117.8331 -0.0021 0.0643 -0.9979 0.3654 0.7561
22 1.4976 -47.8085 114.7223 0.0000 -0.7377 -0.6752 0.3321 0.7401
snowman02.jpg
22 -1.6578 -49.8389 120.4083 -0.0702 -0.9038 0.4221 0.3217 0.7914
22 -2.9067 -49.6072 126.4175 -0.6803 -0.6845 0.2621 0.3274 0.8160
22 -4.4784 -48.0913 120.7165 -0.7679 -0.6048 -0.2110 0.3616 0.7876
snowman02.jpg
22 -5.6774 -44.0579 121.9444 -0.8919 -0.4444 0.0841 0.3656 0.7926
22 -2.9067 -49.6072 126.4175 -0.6803 -0.6845 0.2621 0.3274 0.8160
22 -1.6578 -49.8389 120.4083 -0.0702 -0.9038 0.4221 0.3217 0.7914
snowman02.jpg
22 -4.4784 -48.0913 120.7165 -0.7679 -0.6048 -0.2110 0.3616 0.7876
22 -2.9067 -49.6072 126.4175 -0.6803 -0.6845 0.2621 0.3274 0.8160
22 -5.6774 -44.0579 121.9444 -0.8919 -0.4444 0.0841 0.3656 0.7926
snowman02.jpg
20 -5.6225 -44.6943 129.9604 -0.5756 0.0683 -0.8149 0.3382 0.8738
20 8.6177 -44.6943 129.9604 0.6818 0.0171 -0.7314 0.3382 0.8738
20 1.4976 -54.8705 127.3098 0.0000 -0.8365 -0.5480 0.2546 0.8624
snowman02.jpg
20 -4.4827 -53.1245 127.6177 -0.7689 -0.6080 -0.1978 0.2687 0.8624
20 -3.9984 -50.2720 123.0730 -0.4358 -0.2539 -0.8635 0.2831 0.8330
20 1.4976 -54.8705 127.3098 0.0000 -0.8365 -0.5480 0.2546 0.8624
snowman02.jpg
20 -5.6225 -44.6943 129.9604 -0.5756 0.0683 -0.8149 0.3382 0.8738
20 -3.9984 -50.2720 123.0730 -0.4358 -0.2539 -0.8635 0.2831 0.8330
20 -4.4827 -53.1245 127.6177 -0.7689 -0.6080 -0.1978 0.2687 0.8624
snowman02.jpg
20 1.4976 -54.8705 127.3098 0.0000 -0.8365 -0.5480 0.2546 0.8624
20 -3.9984 -50.2720 123.0730 -0.4358 -0.2539 -0.8635 0.2831 0.8330
20 -5.6225 -44.6943 129.9604 -0.5756 0.0683 -0.8149 0.3382 0.8738
snowman02.jpg
20 -9.2884 -28.3841 131.8478 -0.9860 0.0752 0.1486 0.4690 0.8614
20 -7.8300 -32.5074 122.7094 -0.8701 -0.1856 -0.4566 0.3865 0.7986
20 -11.2812 -40.2148 131.1815 -0.8410 -0.5216 -0.1436 0.3837 0.8714
snowman02.jpg
22 8.6726 -44.0579 121.9444 0.6712 -0.6260 0.3970 0.3656 0.7926
22 -1.6578 -49.8389 120.4083 -0.0702 -0.9038 0.4221 0.3217 0.7914
22 4.6529 -49.8389 120.4083 0.0861 -0.9929 0.0823 0.3217 0.7914
snowman02.jpg
22 4.6529 -49.8389 120.4083 0.0861 -0.9929 0.0823 0.3217 0.7914
22 -1.6578 -49.8389 120.4083 -0.0702 -0.9038 0.4221 0.3217 0.7914
22 1.4976 -47.8085 114.7223 0.0000 -0.7377 -0.6752 0.3321 0.7401
snowman02.jpg
20 13.4414 -16.5269 131.0466 0.8206 -0.3452 0.4555 0.5611 0.8392
20 12.2837 -28.3840 131.8478 0.9859 0.0694 0.1521 0.4690 0.8614
20 10.8252 -32.5073 122.7094 0.8954 -0.1396 -0.4228 0.3865 0.7986
snowman02.jpg
20 -7.8300 -32.5074 122.7094 -0.8701 -0.1856 -0.4566 0.3865 0.7986
20 -9.2884 -28.3841 131.8478 -0.9860 0.0752 0.1486 0.4690 0.8614
20 -10.2224 -16.5269 131.0466 -0.8260 -0.3233 0.4618 0.5611 0.8392
snowman02.jpg
20 1.9907 -17.1460 143.9975 0.0143 0.6155 0.7880 0.5741 0.9397
20 1.4977 -23.5266 147.7885 0.0013 0.3200 0.9474 0.5293 0.9775
20 8.3109 -25.6342 143.1657 0.6570 0.3522 0.6666 0.5063 0.9448
snowman02.jpg
20 1.9907 -17.1460 143.9975 0.0143 0.6155 0.7880 0.5741 0.9397
20 8.3109 -25.6342 143.1657 0.6570 0.3522 0.6666 0.5063 0.9448
20 9.0542 -22.6474 138.2260 0.8497 0.2918 0.4392 0.5229 0.9027
snowman02.jpg
20 -5.3156 -25.6342 143.1657 -0.6469 0.3763 0.6632 0.5063 0.9448
20 1.4977 -23.5266 147.7885 0.0013 0.3200 0.9474 0.5293 0.9775
20 1.9907 -17.1460 143.9975 0.0143 0.6155 0.7880 0.5741 0.9397
snowman02.jpg
20 -5.3156 -25.6342 143.1657 -0.6469 0.3763 0.6632 0.5063 0.9448
20 1.9907 -17.1460 143.9975 0.0143 0.6155 0.7880 0.5741 0.9397
20 -6.0589 -22.6474 138.2260 -0.8368 0.3187 0.4451 0.5229 0.9027
snowman02.jpg
20 1.9907 -17.1460 143.9975 0.0143 0.6155 0.7880 0.5741 0.9397
20 9.0542 -22.6474 138.2260 0.8497 0.2918 0.4392 0.5229 0.9027
20 13.4414 -16.5269 131.0466 0.8206 -0.3452 0.4555 0.5611 0.8392
snowman02.jpg
20 1.9907 -17.1460 143.9975 0.0143 0.6155 0.7880 0.5741 0.9397
20 13.4414 -16.5269 131.0466 0.8206 -0.3452 0.4555 0.5611 0.8392
20 1.6095 -10.7621 137.1076 0.0468 0.5041 0.8624 0.6148 0.8780
snowman02.jpg
20 1.9907 -17.1460 143.9975 0.0143 0.6155 0.7880 0.5741 0.9397
20 1.6095 -10.7621 137.1076 0.0468 0.5041 0.8624 0.6148 0.8780
20 -10.2224 -16.5269 131.0466 -0.8260 -0.3233 0.4618 0.5611 0.8392
snowman02.jpg
20 1.9907 -17.1460 143.9975 0.0143 0.6155 0.7880 0.5741 0.9397
20 -10.2224 -16.5269 131.0466 -0.8260 -0.3233 0.4618 0.5611 0.8392
20 -6.0589 -22.6474 138.2260 -0.8368 0.3187 0.4451 0.5229 0.9027
snowman02.jpg
17 0.8021 -0.4725 84.8329 0.0384 0.9984 -0.0406 0.9929 0.5269
18 17.5147 6.1009 93.8688 0.8896 -0.1971 -0.4121 0.8469 0.5806
18 15.7298 0.4578 89.9172 0.5864 0.3224 -0.7431 0.8725 0.5971
snowman02.jpg
18 15.7298 0.4578 89.9172 0.5864 0.3224 -0.7431 0.8725 0.5971
18 3.5887 -2.6832 81.2607 0.0778 0.1312 -0.9883 0.9914 0.5688
17 0.8021 -0.4725 84.8329 0.0384 0.9984 -0.0406 0.9929 0.5269
snowman02.jpg
18 17.5147 6.1009 93.8688 0.8896 -0.1971 -0.4121 0.8469 0.5806
18 21.2004 -10.4061 103.4689 0.8311 -0.4479 -0.3296 0.8187 0.7507
18 18.4202 -15.0397 98.4842 0.7944 -0.3810 -0.4731 0.8534 0.7543
snowman02.jpg
18 18.4202 -15.0397 98.4842 0.7944 -0.3810 -0.4731 0.8534 0.7543
18 15.7298 0.4578 89.9172 0.5864 0.3224 -0.7431 0.8725 0.5971
18 17.5147 6.1009 93.8688 0.8896 -0.1971 -0.4121 0.8469 0.5806
snowman02.jpg
18 21.2004 -10.4061 103.4689 0.8311 -0.4479 -0.3296 0.8187 0.7507
18 13.0014 -17.9664 115.0767 0.3129 -0.9452 0.0932 0.8874 0.8697
18 14.7764 -20.4021 104.8400 0.5585 -0.8283 0.0438 0.8846 0.8279
snowman02.jpg
18 14.7764 -20.4021 104.8400 0.5585 -0.8283 0.0438 0.8846 0.8279
18 18.4202 -15.0397 98.4842 0.7944 -0.3810 -0.4731 0.8534 0.7543
18 21.2004 -10.4061 103.4689 0.8311 -0.4479 -0.3296 0.8187 0.7507
snowman02.jpg
18 13.0014 -17.9664 115.0767 0.3129 -0.9452 0.0932 0.8874 0.8697
18 2.1401 -20.2957 110.0976 0.0964 -0.9483 -0.3023 0.9355 0.8835
18 3.5132 -22.3279 103.8126 0.0727 -0.9826 0.1707 0.9945 0.8254
snowman02.jpg
18 3.5132 -22.3279 103.8126 0.0727 -0.9826 0.1707 0.9945 0.8254
18 14.7764 -20.4021 104.8400 0.5585 -0.8283 0.0438 0.8846 0.8279
18 13.0014 -17.9664 115.0767 0.3129 -0.9452 0.0932 0.8874 0.8697
snowman02.jpg
18 -14.0608 2.8532 90.1428 -0.6227 -0.4003 -0.6723 0.8466 0.5806
17 0.8021 -0.4725 84.8329 0.0384 0.9984 -0.0406 0.9929 0.5269
18 3.5887 -2.6832 81.2607 0.0778 0.1312 -0.9883 0.9914 0.5688
snowman02.jpg
18 3.5887 -2.6832 81.2607 0.0778 0.1312 -0.9883 0.9914 0.5688
18 -10.2833 -1.6031 86.3413 -0.6142 -0.0739 -0.7857 0.8725 0.5899
18 -14.0608 2.8532 90.1428 -0.6227 -0.4003 -0.6723 0.8466 0.5806
snowman02.jpg
18 -16.4673 -14.2804 99.0240 0.0061 -0.7738 -0.6334 0.8184 0.7507
18 -14.0608 2.8532 90.1428 -0.6227 -0.4003 -0.6723 0.8466 0.5806
18 -10.2833 -1.6031 86.3413 -0.6142 -0.0739 -0.7857 0.8725 0.5899
snowman02.jpg
18 -10.2833 -1.6031 86.3413 -0.6142 -0.0739 -0.7857 0.8725 0.5899
18 -12.6861 -18.3928 94.9402 -0.5946 -0.6364 -0.4914 0.8443 0.7561
18 -16.4673 -14.2804 99.0240 0.0061 -0.7738 -0.6334 0.8184 0.7507
snowman02.jpg
18 -9.8786 -20.3198 112.3768 -0.1321 -0.9911 0.0153 0.8865 0.8697
18 -16.4673 -14.2804 99.0240 0.0061 -0.7738 -0.6334 0.8184 0.7507
18 -12.6861 -18.3928 94.9402 -0.5946 -0.6364 -0.4914 0.8443 0.7561
snowman02.jpg
18 -12.6861 -18.3928 94.9402 -0.5946 -0.6364 -0.4914 0.8443 0.7561
18 -8.3637 -22.5471 101.9157 -0.2058 -0.9780 0.0352 0.8870 0.8252
18 -9.8786 -20.3198 112.3768 -0.1321 -0.9911 0.0153 0.8865 0.8697
snowman02.jpg
18 2.1401 -20.2957 110.0976 0.0964 -0.9483 -0.3023 0.9355 0.8835
18 -9.8786 -20.3198 112.3768 -0.1321 -0.9911 0.0153 0.8865 0.8697
18 -8.3637 -22.5471 101.9157 -0.2058 -0.9780 0.0352 0.8870 0.8252
snowman02.jpg
18 -8.3637 -22.5471 101.9157 -0.2058 -0.9780 0.0352 0.8870 0.8252
18 3.5132 -22.3279 103.8126 0.0727 -0.9826 0.1707 0.9945 0.8254
18 2.1401 -20.2957 110.0976 0.0964 -0.9483 -0.3023 0.9355 0.8835
snowman02.jpg
47 45.7869 -47.0607 68.2508 0.1339 0.8161 -0.5622 0.4550 0.1800
46 47.0255 -43.1621 74.3235 -0.3536 0.7956 -0.4919 0.4578 0.2460
46 50.4986 -44.0592 76.8035 0.8667 0.4272 -0.2576 0.3984 0.2669
snowman02.jpg
46 50.4986 -44.0592 76.8035 0.8667 0.4272 -0.2576 0.3984 0.2669
47 49.9622 -49.9560 68.9978 0.9665 -0.1040 -0.2345 0.3824 0.1800
47 45.7869 -47.0607 68.2508 0.1339 0.8161 -0.5622 0.4550 0.1800
snowman02.jpg
47 36.3695 -58.2863 77.3782 -0.8695 -0.4291 0.2445 0.4550 0.1800
47 40.5449 -61.1816 78.1253 -0.0770 -0.8475 0.5252 0.3824 0.1800
46 41.0812 -55.2848 85.9310 0.1347 -0.7614 0.6341 0.3984 0.2669
snowman02.jpg
46 41.0812 -55.2848 85.9310 0.1347 -0.7614 0.6341 0.3984 0.2669
46 37.6082 -54.3877 83.4509 -0.7615 -0.0503 0.6462 0.4578 0.2460
47 36.3695 -58.2863 77.3782 -0.8695 -0.4291 0.2445 0.4550 0.1800
snowman02.jpg
48 35.4669 -54.9694 54.0314 -0.6360 0.6229 -0.4555 0.5099 0.0174
48 36.5917 -56.7051 53.0573 0.1883 0.1573 -0.9694 0.4939 0.0042
48 33.7255 -60.2121 55.8387 -0.1749 -0.5191 -0.8366 0.4934 0.0038
snowman02.jpg
48 33.7255 -60.2121 55.8387 -0.1749 -0.5191 -0.8366 0.4934 0.0038
48 32.5345 -58.3744 56.8701 -0.8296 0.4842 -0.2779 0.5104 0.0178
48 35.4669 -54.9694 54.0314 -0.6360 0.6229 -0.4555 0.5099 0.0174
snowman02.jpg
48 32.5345 -58.3744 56.8701 -0.8296 0.4842 -0.2779 0.5104 0.0178
48 33.7255 -60.2121 55.8387 -0.1749 -0.5191 -0.8366 0.4934 0.0038
48 30.7230 -63.8816 58.7521 -0.3669 -0.6627 -0.6528 0.4929 0.0034
snowman02.jpg
48 30.7230 -63.8816 58.7521 -0.3669 -0.6627 -0.6528 0.4929 0.0034
48 29.4659 -61.9418 59.8408 -0.9713 -0.2227 0.0831 0.5108 0.0182
48 32.5345 -58.3744 56.8701 -0.8296 0.4842 -0.2779 0.5104 0.0178
snowman02.jpg
47 49.9622 -49.9560 68.9978 0.9665 -0.1040 -0.2345 0.3824 0.1800
46 50.4986 -44.0592 76.8035 0.8667 0.4272 -0.2576 0.3984 0.2669
46 48.3448 -51.7229 81.4808 0.8755 -0.4241 0.2316 0.3687 0.2631
snowman02.jpg
46 48.3448 -51.7229 81.4808 0.8755 -0.4241 0.2316 0.3687 0.2631
47 46.6259 -56.7998 73.4636 0.7660 -0.6318 0.1186 0.3660 0.1761
47 49.9622 -49.9560 68.9978 0.9665 -0.1040 -0.2345 0.3824 0.1800
snowman02.jpg
47 46.6259 -56.7998 73.4636 0.7660 -0.6318 0.1186 0.3660 0.1761
46 48.3448 -51.7229 81.4808 0.8755 -0.4241 0.2316 0.3687 0.2631
46 41.0812 -55.2848 85.9310 0.1347 -0.7614 0.6341 0.3984 0.2669
snowman02.jpg
46 41.0812 -55.2848 85.9310 0.1347 -0.7614 0.6341 0.3984 0.2669
47 40.5449 -61.1816 78.1253 -0.0770 -0.8475 0.5252 0.3824 0.1800
47 46.6259 -56.7998 73.4636 0.7660 -0.6318 0.1186 0.3660 0.1761
snowman02.jpg
46 47.0255 -43.1621 74.3235 -0.3536 0.7956 -0.4919 0.4578 0.2460
47 45.7869 -47.0607 68.2508 0.1339 0.8161 -0.5622 0.4550 0.1800
47 40.3099 -52.1407 72.6770 -0.7146 0.4480 -0.5372 0.4637 0.1800
snowman02.jpg
47 40.3099 -52.1407 72.6770 -0.7146 0.4480 -0.5372 0.4637 0.1800
46 40.9263 -47.8106 78.6384 -0.6282 0.7067 -0.3254 0.4735 0.2460
46 47.0255 -43.1621 74.3235 -0.3536 0.7956 -0.4919 0.4578 0.2460
snowman02.jpg
47 28.0329 -49.7069 71.4942 -0.7034 0.6908 -0.1676 0.5612 0.1549
47 28.7077 -51.4988 69.9866 0.0894 0.2947 -0.9514 0.5489 0.1365
47 27.4120 -53.4410 71.6420 -0.5507 -0.6378 -0.5384 0.5464 0.1377
snowman02.jpg
47 27.4120 -53.4410 71.6420 -0.5507 -0.6378 -0.5384 0.5464 0.1377
47 26.9448 -51.7237 73.2721 -0.8959 -0.1638 0.4130 0.5565 0.1570
47 28.0329 -49.7069 71.4942 -0.7034 0.6908 -0.1676 0.5612 0.1549
snowman02.jpg
18 20.3679 -7.1382 134.0763 0.0538 0.2052 0.9772 0.6677 0.8360
38 42.1672 -4.3629 130.2574 0.7444 0.3188 0.5867 0.6019 0.7544
38 38.1971 3.0571 119.3039 0.2174 0.8429 0.4922 0.6819 0.7426
snowman02.jpg
38 44.7395 0.1160 118.2363 0.6799 0.7136 -0.1687 0.6415 0.6910
38 38.1971 3.0571 119.3039 0.2174 0.8429 0.4922 0.6819 0.7426
38 42.1672 -4.3629 130.2574 0.7444 0.3188 0.5867 0.6019 0.7544
snowman02.jpg
18 19.3760 -15.5990 128.9334 0.0384 -0.9166 0.3980 0.6847 0.9108
38 38.8774 -10.7706 132.0273 0.2345 -0.6181 0.7503 0.5610 0.7832
18 20.3679 -7.1382 134.0763 0.0538 0.2052 0.9772 0.6677 0.8360
snowman02.jpg
38 42.1672 -4.3629 130.2574 0.7444 0.3188 0.5867 0.6019 0.7544
18 20.3679 -7.1382 134.0763 0.0538 0.2052 0.9772 0.6677 0.8360
38 38.8774 -10.7706 132.0273 0.2345 -0.6181 0.7503 0.5610 0.7832
snowman02.jpg
18 21.9564 -14.7621 120.6658 -0.0819 -0.9884 -0.1280 0.6921 0.8300
38 34.8027 -15.6252 120.4009 -0.4388 -0.8753 0.2033 0.6281 0.7164
18 19.3760 -15.5990 128.9334 0.0384 -0.9166 0.3980 0.6847 0.9108
snowman02.jpg
38 38.8774 -10.7706 132.0273 0.2345 -0.6181 0.7503 0.5610 0.7832
18 19.3760 -15.5990 128.9334 0.0384 -0.9166 0.3980 0.6847 0.9108
38 34.8027 -15.6252 120.4009 -0.4388 -0.8753 0.2033 0.6281 0.7164
snowman02.jpg
38 26.9177 -14.1975 114.7058 -0.0478 -0.8286 -0.5577 0.7132 0.7270
38 35.0343 -15.2563 115.5832 -0.7742 -0.5771 -0.2599 0.6584 0.6846
18 21.9564 -14.7621 120.6658 -0.0819 -0.9884 -0.1280 0.6921 0.8300
snowman02.jpg
38 34.8027 -15.6252 120.4009 -0.4388 -0.8753 0.2033 0.6281 0.7164
18 21.9564 -14.7621 120.6658 -0.0819 -0.9884 -0.1280 0.6921 0.8300
38 35.0343 -15.2563 115.5832 -0.7742 -0.5771 -0.2599 0.6584 0.6846
snowman02.jpg
38 35.0343 -15.2563 115.5832 -0.7742 -0.5771 -0.2599 0.6584 0.6846
38 26.9177 -14.1975 114.7058 -0.0478 -0.8286 -0.5577 0.7132 0.7270
38 40.1542 -9.9770 112.3014 -0.5551 0.5014 -0.6636 0.6808 0.5988
snowman02.jpg
38 42.1672 -4.3629 130.2574 0.7444 0.3188 0.5867 0.6019 0.7544
45 46.0459 -19.3506 104.6526 0.9782 0.1860 0.0926 0.5088 0.5752
38 44.7395 0.1160 118.2363 0.6799 0.7136 -0.1687 0.6415 0.6910
snowman02.jpg
45 43.2707 -15.5326 102.7054 0.2618 0.8513 -0.4548 0.5494 0.5675
38 44.7395 0.1160 118.2363 0.6799 0.7136 -0.1687 0.6415 0.6910
45 46.0459 -19.3506 104.6526 0.9782 0.1860 0.0926 0.5088 0.5752
snowman02.jpg
38 38.8774 -10.7706 132.0273 0.2345 -0.6181 0.7503 0.5610 0.7832
45 46.4223 -28.5112 102.5082 0.7510 -0.2449 0.6132 0.4666 0.5302
38 42.1672 -4.3629 130.2574 0.7444 0.3188 0.5867 0.6019 0.7544
snowman02.jpg
45 46.0459 -19.3506 104.6526 0.9782 0.1860 0.0926 0.5088 0.5752
38 42.1672 -4.3629 130.2574 0.7444 0.3188 0.5867 0.6019 0.7544
45 46.4223 -28.5112 102.5082 0.7510 -0.2449 0.6132 0.4666 0.5302
snowman02.jpg
38 44.7395 0.1160 118.2363 0.6799 0.7136 -0.1687 0.6415 0.6910
45 43.2707 -15.5326 102.7054 0.2618 0.8513 -0.4548 0.5494 0.5675
38 40.1542 -9.9770 112.3014 -0.5551 0.5014 -0.6636 0.6808 0.5988
snowman02.jpg
45 33.1664 -17.9293 105.5767 -0.7309 0.5550 -0.3972 0.6425 0.5375
38 40.1542 -9.9770 112.3014 -0.5551 0.5014 -0.6636 0.6808 0.5988
45 43.2707 -15.5326 102.7054 0.2618 0.8513 -0.4548 0.5494 0.5675
snowman02.jpg
38 34.8027 -15.6252 120.4009 -0.4388 -0.8753 0.2033 0.6281 0.7164
45 40.4928 -30.8834 104.9771 -0.3026 -0.6596 0.6880 0.5013 0.5390
38 38.8774 -10.7706 132.0273 0.2345 -0.6181 0.7503 0.5610 0.7832
snowman02.jpg
45 46.4223 -28.5112 102.5082 0.7510 -0.2449 0.6132 0.4666 0.5302
38 38.8774 -10.7706 132.0273 0.2345 -0.6181 0.7503 0.5610 0.7832
45 40.4928 -30.8834 104.9771 -0.3026 -0.6596 0.6880 0.5013 0.5390
snowman02.jpg
38 35.0343 -15.2563 115.5832 -0.7742 -0.5771 -0.2599 0.6584 0.6846
45 35.3011 -28.4163 101.2790 -0.9766 -0.2124 0.0326 0.5761 0.4960
38 34.8027 -15.6252 120.4009 -0.4388 -0.8753 0.2033 0.6281 0.7164
snowman02.jpg
45 40.4928 -30.8834 104.9771 -0.3026 -0.6596 0.6880 0.5013 0.5390
38 34.8027 -15.6252 120.4009 -0.4388 -0.8753 0.2033 0.6281 0.7164
45 35.3011 -28.4163 101.2790 -0.9766 -0.2124 0.0326 0.5761 0.4960
snowman02.jpg
38 40.1542 -9.9770 112.3014 -0.5551 0.5014 -0.6636 0.6808 0.5988
45 33.1664 -17.9293 105.5767 -0.7309 0.5550 -0.3972 0.6425 0.5375
38 35.0343 -15.2563 115.5832 -0.7742 -0.5771 -0.2599 0.6584 0.6846
snowman02.jpg
45 35.3011 -28.4163 101.2790 -0.9766 -0.2124 0.0326 0.5761 0.4960
38 35.0343 -15.2563 115.5832 -0.7742 -0.5771 -0.2599 0.6584 0.6846
45 33.1664 -17.9293 105.5767 -0.7309 0.5550 -0.3972 0.6425 0.5375
snowman02.jpg
45 46.0459 -19.3506 104.6526 0.9782 0.1860 0.0926 0.5088 0.5752
45 48.5019 -21.8964 99.5525 0.9370 0.2705 0.2212 0.4817 0.5265
45 43.2707 -15.5326 102.7054 0.2618 0.8513 -0.4548 0.5494 0.5675
snowman02.jpg
45 46.7815 -18.9598 96.7261 0.3998 0.8148 -0.4198 0.5106 0.5097
45 43.2707 -15.5326 102.7054 0.2618 0.8513 -0.4548 0.5494 0.5675
45 48.5019 -21.8964 99.5525 0.9370 0.2705 0.2212 0.4817 0.5265
snowman02.jpg
45 48.5019 -21.8964 99.5525 0.9370 0.2705 0.2212 0.4817 0.5265
45 46.0459 -19.3506 104.6526 0.9782 0.1860 0.0926 0.5088 0.5752
45 46.4223 -28.5112 102.5082 0.7510 -0.2449 0.6132 0.4666 0.5302
snowman02.jpg
45 43.2707 -15.5326 102.7054 0.2618 0.8513 -0.4548 0.5494 0.5675
45 46.7815 -18.9598 96.7261 0.3998 0.8148 -0.4198 0.5106 0.5097
45 33.1664 -17.9293 105.5767 -0.7309 0.5550 -0.3972 0.6425 0.5375
snowman02.jpg
45 38.6037 -23.3179 94.3158 -0.6272 0.5413 -0.5600 0.6074 0.4355
45 33.1664 -17.9293 105.5767 -0.7309 0.5550 -0.3972 0.6425 0.5375
45 46.7815 -18.9598 96.7261 0.3998 0.8148 -0.4198 0.5106 0.5097
snowman02.jpg
45 33.1664 -17.9293 105.5767 -0.7309 0.5550 -0.3972 0.6425 0.5375
45 38.6037 -23.3179 94.3158 -0.6272 0.5413 -0.5600 0.6074 0.4355
45 35.3011 -28.4163 101.2790 -0.9766 -0.2124 0.0326 0.5761 0.4960
snowman02.jpg
45 48.5019 -21.8964 99.5525 0.9370 0.2705 0.2212 0.4817 0.5265
46 49.3698 -27.3859 94.7875 0.9944 0.1054 -0.0116 0.4768 0.4554
45 46.7815 -18.9598 96.7261 0.3998 0.8148 -0.4198 0.5106 0.5097
snowman02.jpg
46 47.2929 -22.9386 90.0723 0.4350 0.5936 -0.6770 0.5175 0.4123
45 46.7815 -18.9598 96.7261 0.3998 0.8148 -0.4198 0.5106 0.5097
46 49.3698 -27.3859 94.7875 0.9944 0.1054 -0.0116 0.4768 0.4554
snowman02.jpg
45 46.4223 -28.5112 102.5082 0.7510 -0.2449 0.6132 0.4666 0.5302
46 48.6217 -36.0848 99.8470 0.7675 -0.2997 0.5667 0.4110 0.4716
45 48.5019 -21.8964 99.5525 0.9370 0.2705 0.2212 0.4817 0.5265
snowman02.jpg
46 49.3698 -27.3859 94.7875 0.9944 0.1054 -0.0116 0.4768 0.4554
45 48.5019 -21.8964 99.5525 0.9370 0.2705 0.2212 0.4817 0.5265
46 48.6217 -36.0848 99.8470 0.7675 -0.2997 0.5667 0.4110 0.4716
snowman02.jpg
45 46.7815 -18.9598 96.7261 0.3998 0.8148 -0.4198 0.5106 0.5097
46 47.2929 -22.9386 90.0723 0.4350 0.5936 -0.6770 0.5175 0.4123
45 38.6037 -23.3179 94.3158 -0.6272 0.5413 -0.5600 0.6074 0.4355
snowman02.jpg
46 38.7859 -28.9989 89.7209 -0.7390 0.2573 -0.6227 0.5835 0.3758
45 38.6037 -23.3179 94.3158 -0.6272 0.5413 -0.5600 0.6074 0.4355
46 47.2929 -22.9386 90.0723 0.4350 0.5936 -0.6770 0.5175 0.4123
snowman02.jpg
45 40.4928 -30.8834 104.9771 -0.3026 -0.6596 0.6880 0.5013 0.5390
46 42.5059 -37.7085 101.5636 -0.1829 -0.5246 0.8314 0.4656 0.4465
45 46.4223 -28.5112 102.5082 0.7510 -0.2449 0.6132 0.4666 0.5302
snowman02.jpg
46 48.6217 -36.0848 99.8470 0.7675 -0.2997 0.5667 0.4110 0.4716
45 46.4223 -28.5112 102.5082 0.7510 -0.2449 0.6132 0.4666 0.5302
46 42.5059 -37.7085 101.5636 -0.1829 -0.5246 0.8314 0.4656 0.4465
snowman02.jpg
45 35.3011 -28.4163 101.2790 -0.9766 -0.2124 0.0326 0.5761 0.4960
46 36.8092 -34.3246 97.8887 -0.9384 -0.3066 0.1597 0.5263 0.3997
45 40.4928 -30.8834 104.9771 -0.3026 -0.6596 0.6880 0.5013 0.5390
snowman02.jpg
46 42.5059 -37.7085 101.5636 -0.1829 -0.5246 0.8314 0.4656 0.4465
45 40.4928 -30.8834 104.9771 -0.3026 -0.6596 0.6880 0.5013 0.5390
46 36.8092 -34.3246 97.8887 -0.9384 -0.3066 0.1597 0.5263 0.3997
snowman02.jpg
45 38.6037 -23.3179 94.3158 -0.6272 0.5413 -0.5600 0.6074 0.4355
46 38.7859 -28.9989 89.7209 -0.7390 0.2573 -0.6227 0.5835 0.3758
45 35.3011 -28.4163 101.2790 -0.9766 -0.2124 0.0326 0.5761 0.4960
snowman02.jpg
46 36.8092 -34.3246 97.8887 -0.9384 -0.3066 0.1597 0.5263 0.3997
45 35.3011 -28.4163 101.2790 -0.9766 -0.2124 0.0326 0.5761 0.4960
46 38.7859 -28.9989 89.7209 -0.7390 0.2573 -0.6227 0.5835 0.3758
snowman02.jpg
46 49.3698 -27.3859 94.7875 0.9944 0.1054 -0.0116 0.4768 0.4554
46 49.8070 -42.6296 85.4626 0.9984 0.0558 -0.0101 0.3994 0.3376
46 47.2929 -22.9386 90.0723 0.4350 0.5936 -0.6770 0.5175 0.4123
snowman02.jpg
46 47.3736 -38.8779 82.1472 0.2279 0.6865 -0.6905 0.4669 0.3253
46 47.2929 -22.9386 90.0723 0.4350 0.5936 -0.6770 0.5175 0.4123
46 49.8070 -42.6296 85.4626 0.9984 0.0558 -0.0101 0.3994 0.3376
snowman02.jpg
46 48.6217 -36.0848 99.8470 0.7675 -0.2997 0.5667 0.4110 0.4716
46 48.3314 -46.4985 87.8102 0.8183 -0.4142 0.3985 0.3873 0.3348
46 49.3698 -27.3859 94.7875 0.9944 0.1054 -0.0116 0.4768 0.4554
snowman02.jpg
46 49.8070 -42.6296 85.4626 0.9984 0.0558 -0.0101 0.3994 0.3376
46 49.3698 -27.3859 94.7875 0.9944 0.1054 -0.0116 0.4768 0.4554
46 48.3314 -46.4985 87.8102 0.8183 -0.4142 0.3985 0.3873 0.3348
snowman02.jpg
46 47.2929 -22.9386 90.0723 0.4350 0.5936 -0.6770 0.5175 0.4123
46 47.3736 -38.8779 82.1472 0.2279 0.6865 -0.6905 0.4669 0.3253
46 38.7859 -28.9989 89.7209 -0.7390 0.2573 -0.6227 0.5835 0.3758
snowman02.jpg
46 41.4102 -42.7828 83.6764 -0.8313 0.3278 -0.4488 0.4891 0.3080
46 38.7859 -28.9989 89.7209 -0.7390 0.2573 -0.6227 0.5835 0.3758
46 47.3736 -38.8779 82.1472 0.2279 0.6865 -0.6905 0.4669 0.3253
snowman02.jpg
46 42.5059 -37.7085 101.5636 -0.1829 -0.5246 0.8314 0.4656 0.4465
46 41.8036 -48.9650 91.1939 -0.1262 -0.6444 0.7542 0.4187 0.3370
46 48.6217 -36.0848 99.8470 0.7675 -0.2997 0.5667 0.4110 0.4716
snowman02.jpg
46 48.3314 -46.4985 87.8102 0.8183 -0.4142 0.3985 0.3873 0.3348
46 48.6217 -36.0848 99.8470 0.7675 -0.2997 0.5667 0.4110 0.4716
46 41.8036 -48.9650 91.1939 -0.1262 -0.6444 0.7542 0.4187 0.3370
snowman02.jpg
46 36.8092 -34.3246 97.8887 -0.9384 -0.3066 0.1597 0.5263 0.3997
46 39.2401 -47.2891 89.0700 -0.9715 -0.1207 0.2039 0.4748 0.3240
46 42.5059 -37.7085 101.5636 -0.1829 -0.5246 0.8314 0.4656 0.4465
snowman02.jpg
46 41.8036 -48.9650 91.1939 -0.1262 -0.6444 0.7542 0.4187 0.3370
46 42.5059 -37.7085 101.5636 -0.1829 -0.5246 0.8314 0.4656 0.4465
46 39.2401 -47.2891 89.0700 -0.9715 -0.1207 0.2039 0.4748 0.3240
snowman02.jpg
46 38.7859 -28.9989 89.7209 -0.7390 0.2573 -0.6227 0.5835 0.3758
46 41.4102 -42.7828 83.6764 -0.8313 0.3278 -0.4488 0.4891 0.3080
46 36.8092 -34.3246 97.8887 -0.9384 -0.3066 0.1597 0.5263 0.3997
snowman02.jpg
46 39.2401 -47.2891 89.0700 -0.9715 -0.1207 0.2039 0.4748 0.3240
46 36.8092 -34.3246 97.8887 -0.9384 -0.3066 0.1597 0.5263 0.3997
46 41.4102 -42.7828 83.6764 -0.8313 0.3278 -0.4488 0.4891 0.3080
snowman02.jpg
46 49.8070 -42.6296 85.4626 0.9984 0.0558 -0.0101 0.3994 0.3376
46 50.4986 -44.0592 76.8035 0.8667 0.4272 -0.2576 0.3984 0.2669
46 47.3736 -38.8779 82.1472 0.2279 0.6865 -0.6905 0.4669 0.3253
snowman02.jpg
46 47.0255 -43.1621 74.3235 -0.3536 0.7956 -0.4919 0.4578 0.2460
46 47.3736 -38.8779 82.1472 0.2279 0.6865 -0.6905 0.4669 0.3253
46 50.4986 -44.0592 76.8035 0.8667 0.4272 -0.2576 0.3984 0.2669
snowman02.jpg
46 48.3314 -46.4985 87.8102 0.8183 -0.4142 0.3985 0.3873 0.3348
46 48.3448 -51.7229 81.4808 0.8755 -0.4241 0.2316 0.3687 0.2631
46 49.8070 -42.6296 85.4626 0.9984 0.0558 -0.0101 0.3994 0.3376
snowman02.jpg
46 50.4986 -44.0592 76.8035 0.8667 0.4272 -0.2576 0.3984 0.2669
46 49.8070 -42.6296 85.4626 0.9984 0.0558 -0.0101 0.3994 0.3376
46 48.3448 -51.7229 81.4808 0.8755 -0.4241 0.2316 0.3687 0.2631
snowman02.jpg
46 47.3736 -38.8779 82.1472 0.2279 0.6865 -0.6905 0.4669 0.3253
46 47.0255 -43.1621 74.3235 -0.3536 0.7956 -0.4919 0.4578 0.2460
46 41.4102 -42.7828 83.6764 -0.8313 0.3278 -0.4488 0.4891 0.3080
snowman02.jpg
46 40.9263 -47.8106 78.6384 -0.6282 0.7067 -0.3254 0.4735 0.2460
46 41.4102 -42.7828 83.6764 -0.8313 0.3278 -0.4488 0.4891 0.3080
46 47.0255 -43.1621 74.3235 -0.3536 0.7956 -0.4919 0.4578 0.2460
snowman02.jpg
46 41.8036 -48.9650 91.1939 -0.1262 -0.6444 0.7542 0.4187 0.3370
46 41.0812 -55.2848 85.9310 0.1347 -0.7614 0.6341 0.3984 0.2669
46 48.3314 -46.4985 87.8102 0.8183 -0.4142 0.3985 0.3873 0.3348
snowman02.jpg
46 48.3448 -51.7229 81.4808 0.8755 -0.4241 0.2316 0.3687 0.2631
46 48.3314 -46.4985 87.8102 0.8183 -0.4142 0.3985 0.3873 0.3348
46 41.0812 -55.2848 85.9310 0.1347 -0.7614 0.6341 0.3984 0.2669
snowman02.jpg
46 41.4102 -42.7828 83.6764 -0.8313 0.3278 -0.4488 0.4891 0.3080
46 40.9263 -47.8106 78.6384 -0.6282 0.7067 -0.3254 0.4735 0.2460
46 39.2401 -47.2891 89.0700 -0.9715 -0.1207 0.2039 0.4748 0.3240
snowman02.jpg
47 40.5449 -61.1816 78.1253 -0.0770 -0.8475 0.5252 0.3824 0.1800
47 36.3695 -58.2863 77.3782 -0.8695 -0.4291 0.2445 0.4550 0.1800
48 33.8463 -62.3201 68.7712 -0.8966 0.0281 0.4420 0.4644 0.0919
snowman02.jpg
48 33.8463 -62.3201 68.7712 -0.8966 0.0281 0.4420 0.4644 0.0919
48 37.4051 -66.2907 67.5597 -0.0260 -0.9861 0.1638 0.3935 0.0710
47 40.5449 -61.1816 78.1253 -0.0770 -0.8475 0.5252 0.3824 0.1800
snowman02.jpg
47 46.6259 -56.7998 73.4636 0.7660 -0.6318 0.1186 0.3660 0.1761
47 40.5449 -61.1816 78.1253 -0.0770 -0.8475 0.5252 0.3824 0.1800
48 37.4051 -66.2907 67.5597 -0.0260 -0.9861 0.1638 0.3935 0.0710
snowman02.jpg
48 37.4051 -66.2907 67.5597 -0.0260 -0.9861 0.1638 0.3935 0.0710
48 41.8098 -60.8241 63.2317 0.6325 -0.7080 -0.3142 0.3947 0.0716
47 46.6259 -56.7998 73.4636 0.7660 -0.6318 0.1186 0.3660 0.1761
snowman02.jpg
47 36.3695 -58.2863 77.3782 -0.8695 -0.4291 0.2445 0.4550 0.1800
47 40.3099 -52.1407 72.6770 -0.7146 0.4480 -0.5372 0.4637 0.1800
48 38.4383 -57.0625 64.3795 -0.7196 0.6857 0.1095 0.4633 0.0913
snowman02.jpg
48 38.4383 -57.0625 64.3795 -0.7196 0.6857 0.1095 0.4633 0.0913
48 33.8463 -62.3201 68.7712 -0.8966 0.0281 0.4420 0.4644 0.0919
47 36.3695 -58.2863 77.3782 -0.8695 -0.4291 0.2445 0.4550 0.1800
snowman02.jpg
47 45.7869 -47.0607 68.2508 0.1339 0.8161 -0.5622 0.4550 0.1800
47 49.9622 -49.9560 68.9978 0.9665 -0.1040 -0.2345 0.3824 0.1800
48 45.8704 -55.7677 59.2372 0.7253 -0.0673 -0.6851 0.3959 0.0721
snowman02.jpg
48 45.8704 -55.7677 59.2372 0.7253 -0.0673 -0.6851 0.3959 0.0721
48 42.6862 -52.2151 60.3212 -0.1901 0.8719 -0.4512 0.4621 0.0908
47 45.7869 -47.0607 68.2508 0.1339 0.8161 -0.5622 0.4550 0.1800
snowman02.jpg
47 49.9622 -49.9560 68.9978 0.9665 -0.1040 -0.2345 0.3824 0.1800
47 46.6259 -56.7998 73.4636 0.7660 -0.6318 0.1186 0.3660 0.1761
48 41.8098 -60.8241 63.2317 0.6325 -0.7080 -0.3142 0.3947 0.0716
snowman02.jpg
48 41.8098 -60.8241 63.2317 0.6325 -0.7080 -0.3142 0.3947 0.0716
48 45.8704 -55.7677 59.2372 0.7253 -0.0673 -0.6851 0.3959 0.0721
47 49.9622 -49.9560 68.9978 0.9665 -0.1040 -0.2345 0.3824 0.1800
snowman02.jpg
47 40.3099 -52.1407 72.6770 -0.7146 0.4480 -0.5372 0.4637 0.1800
47 45.7869 -47.0607 68.2508 0.1339 0.8161 -0.5622 0.4550 0.1800
48 42.6862 -52.2151 60.3212 -0.1901 0.8719 -0.4512 0.4621 0.0908
snowman02.jpg
48 42.6862 -52.2151 60.3212 -0.1901 0.8719 -0.4512 0.4621 0.0908
48 38.4383 -57.0625 64.3795 -0.7196 0.6857 0.1095 0.4633 0.0913
47 40.3099 -52.1407 72.6770 -0.7146 0.4480 -0.5372 0.4637 0.1800
snowman02.jpg
48 42.6862 -52.2151 60.3212 -0.1901 0.8719 -0.4512 0.4621 0.0908
48 45.8704 -55.7677 59.2372 0.7253 -0.0673 -0.6851 0.3959 0.0721
48 36.5917 -56.7051 53.0573 0.1883 0.1573 -0.9694 0.4939 0.0042
snowman02.jpg
48 36.5917 -56.7051 53.0573 0.1883 0.1573 -0.9694 0.4939 0.0042
48 35.4669 -54.9694 54.0314 -0.6360 0.6229 -0.4555 0.5099 0.0174
48 42.6862 -52.2151 60.3212 -0.1901 0.8719 -0.4512 0.4621 0.0908
snowman02.jpg
48 45.8704 -55.7677 59.2372 0.7253 -0.0673 -0.6851 0.3959 0.0721
48 41.8098 -60.8241 63.2317 0.6325 -0.7080 -0.3142 0.3947 0.0716
48 33.7255 -60.2121 55.8387 -0.1749 -0.5191 -0.8366 0.4934 0.0038
snowman02.jpg
48 33.7255 -60.2121 55.8387 -0.1749 -0.5191 -0.8366 0.4934 0.0038
48 36.5917 -56.7051 53.0573 0.1883 0.1573 -0.9694 0.4939 0.0042
48 45.8704 -55.7677 59.2372 0.7253 -0.0673 -0.6851 0.3959 0.0721
snowman02.jpg
48 38.4383 -57.0625 64.3795 -0.7196 0.6857 0.1095 0.4633 0.0913
48 42.6862 -52.2151 60.3212 -0.1901 0.8719 -0.4512 0.4621 0.0908
48 35.4669 -54.9694 54.0314 -0.6360 0.6229 -0.4555 0.5099 0.0174
snowman02.jpg
48 35.4669 -54.9694 54.0314 -0.6360 0.6229 -0.4555 0.5099 0.0174
48 32.5345 -58.3744 56.8701 -0.8296 0.4842 -0.2779 0.5104 0.0178
48 38.4383 -57.0625 64.3795 -0.7196 0.6857 0.1095 0.4633 0.0913
snowman02.jpg
48 41.8098 -60.8241 63.2317 0.6325 -0.7080 -0.3142 0.3947 0.0716
48 37.4051 -66.2907 67.5597 -0.0260 -0.9861 0.1638 0.3935 0.0710
48 30.7230 -63.8816 58.7521 -0.3669 -0.6627 -0.6528 0.4929 0.0034
snowman02.jpg
48 30.7230 -63.8816 58.7521 -0.3669 -0.6627 -0.6528 0.4929 0.0034
48 33.7255 -60.2121 55.8387 -0.1749 -0.5191 -0.8366 0.4934 0.0038
48 41.8098 -60.8241 63.2317 0.6325 -0.7080 -0.3142 0.3947 0.0716
snowman02.jpg
48 37.4051 -66.2907 67.5597 -0.0260 -0.9861 0.1638 0.3935 0.0710
48 33.8463 -62.3201 68.7712 -0.8966 0.0281 0.4420 0.4644 0.0919
48 29.4659 -61.9418 59.8408 -0.9713 -0.2227 0.0831 0.5108 0.0182
snowman02.jpg
48 29.4659 -61.9418 59.8408 -0.9713 -0.2227 0.0831 0.5108 0.0182
48 30.7230 -63.8816 58.7521 -0.3669 -0.6627 -0.6528 0.4929 0.0034
48 37.4051 -66.2907 67.5597 -0.0260 -0.9861 0.1638 0.3935 0.0710
snowman02.jpg
48 33.8463 -62.3201 68.7712 -0.8966 0.0281 0.4420 0.4644 0.0919
48 38.4383 -57.0625 64.3795 -0.7196 0.6857 0.1095 0.4633 0.0913
48 32.5345 -58.3744 56.8701 -0.8296 0.4842 -0.2779 0.5104 0.0178
snowman02.jpg
48 32.5345 -58.3744 56.8701 -0.8296 0.4842 -0.2779 0.5104 0.0178
48 29.4659 -61.9418 59.8408 -0.9713 -0.2227 0.0831 0.5108 0.0182
48 33.8463 -62.3201 68.7712 -0.8966 0.0281 0.4420 0.4644 0.0919
snowman02.jpg
46 41.0812 -55.2848 85.9310 0.1347 -0.7614 0.6341 0.3984 0.2669
46 41.8036 -48.9650 91.1939 -0.1262 -0.6444 0.7542 0.4187 0.3370
46 37.6082 -54.3877 83.4509 -0.7615 -0.0503 0.6462 0.4578 0.2460
snowman02.jpg
46 41.8036 -48.9650 91.1939 -0.1262 -0.6444 0.7542 0.4187 0.3370
46 39.2401 -47.2891 89.0700 -0.9715 -0.1207 0.2039 0.4748 0.3240
46 37.6082 -54.3877 83.4509 -0.7615 -0.0503 0.6462 0.4578 0.2460
snowman02.jpg
46 37.6082 -54.3877 83.4509 -0.7615 -0.0503 0.6462 0.4578 0.2460
46 39.2401 -47.2891 89.0700 -0.9715 -0.1207 0.2039 0.4748 0.3240
46 40.9263 -47.8106 78.6384 -0.6282 0.7067 -0.3254 0.4735 0.2460
snowman02.jpg
47 36.3695 -58.2863 77.3782 -0.8695 -0.4291 0.2445 0.4550 0.1800
46 37.6082 -54.3877 83.4509 -0.7615 -0.0503 0.6462 0.4578 0.2460
47 32.1520 -51.7761 78.5918 -0.7260 0.0874 0.6821 0.5105 0.2065
snowman02.jpg
47 32.1520 -51.7761 78.5918 -0.7260 0.0874 0.6821 0.5105 0.2065
47 32.8715 -54.4208 76.0815 -0.4597 -0.8669 -0.1930 0.4948 0.1767
47 36.3695 -58.2863 77.3782 -0.8695 -0.4291 0.2445 0.4550 0.1800
snowman02.jpg
46 40.9263 -47.8106 78.6384 -0.6282 0.7067 -0.3254 0.4735 0.2460
47 40.3099 -52.1407 72.6770 -0.7146 0.4480 -0.5372 0.4637 0.1800
47 34.8670 -51.4298 73.5321 0.2620 0.0344 -0.9645 0.4988 0.1749
snowman02.jpg
47 34.8670 -51.4298 73.5321 0.2620 0.0344 -0.9645 0.4988 0.1749
47 33.8278 -48.6702 75.8538 -0.0404 0.9983 -0.0420 0.5176 0.2032
46 40.9263 -47.8106 78.6384 -0.6282 0.7067 -0.3254 0.4735 0.2460
snowman02.jpg
47 40.3099 -52.1407 72.6770 -0.7146 0.4480 -0.5372 0.4637 0.1800
47 36.3695 -58.2863 77.3782 -0.8695 -0.4291 0.2445 0.4550 0.1800
47 32.8715 -54.4208 76.0815 -0.4597 -0.8669 -0.1930 0.4948 0.1767
snowman02.jpg
47 32.8715 -54.4208 76.0815 -0.4597 -0.8669 -0.1930 0.4948 0.1767
47 34.8670 -51.4298 73.5321 0.2620 0.0344 -0.9645 0.4988 0.1749
47 40.3099 -52.1407 72.6770 -0.7146 0.4480 -0.5372 0.4637 0.1800
snowman02.jpg
46 37.6082 -54.3877 83.4509 -0.7615 -0.0503 0.6462 0.4578 0.2460
46 40.9263 -47.8106 78.6384 -0.6282 0.7067 -0.3254 0.4735 0.2460
47 33.8278 -48.6702 75.8538 -0.0404 0.9983 -0.0420 0.5176 0.2032
snowman02.jpg
47 33.8278 -48.6702 75.8538 -0.0404 0.9983 -0.0420 0.5176 0.2032
47 32.1520 -51.7761 78.5918 -0.7260 0.0874 0.6821 0.5105 0.2065
46 37.6082 -54.3877 83.4509 -0.7615 -0.0503 0.6462 0.4578 0.2460
snowman02.jpg
47 33.8278 -48.6702 75.8538 -0.0404 0.9983 -0.0420 0.5176 0.2032
47 34.8670 -51.4298 73.5321 0.2620 0.0344 -0.9645 0.4988 0.1749
47 28.7077 -51.4988 69.9866 0.0894 0.2947 -0.9514 0.5489 0.1365
snowman02.jpg
47 28.7077 -51.4988 69.9866 0.0894 0.2947 -0.9514 0.5489 0.1365
47 28.0329 -49.7069 71.4942 -0.7034 0.6908 -0.1676 0.5612 0.1549
47 33.8278 -48.6702 75.8538 -0.0404 0.9983 -0.0420 0.5176 0.2032
snowman02.jpg
47 34.8670 -51.4298 73.5321 0.2620 0.0344 -0.9645 0.4988 0.1749
47 32.8715 -54.4208 76.0815 -0.4597 -0.8669 -0.1930 0.4948 0.1767
47 27.4120 -53.4410 71.6420 -0.5507 -0.6378 -0.5384 0.5464 0.1377
snowman02.jpg
47 27.4120 -53.4410 71.6420 -0.5507 -0.6378 -0.5384 0.5464 0.1377
47 28.7077 -51.4988 69.9866 0.0894 0.2947 -0.9514 0.5489 0.1365
47 34.8670 -51.4298 73.5321 0.2620 0.0344 -0.9645 0.4988 0.1749
snowman02.jpg
47 32.8715 -54.4208 76.0815 -0.4597 -0.8669 -0.1930 0.4948 0.1767
47 32.1520 -51.7761 78.5918 -0.7260 0.0874 0.6821 0.5105 0.2065
47 26.9448 -51.7237 73.2721 -0.8959 -0.1638 0.4130 0.5565 0.1570
snowman02.jpg
47 26.9448 -51.7237 73.2721 -0.8959 -0.1638 0.4130 0.5565 0.1570
47 27.4120 -53.4410 71.6420 -0.5507 -0.6378 -0.5384 0.5464 0.1377
47 32.8715 -54.4208 76.0815 -0.4597 -0.8669 -0.1930 0.4948 0.1767
snowman02.jpg
47 32.1520 -51.7761 78.5918 -0.7260 0.0874 0.6821 0.5105 0.2065
47 33.8278 -48.6702 75.8538 -0.0404 0.9983 -0.0420 0.5176 0.2032
47 28.0329 -49.7069 71.4942 -0.7034 0.6908 -0.1676 0.5612 0.1549
snowman02.jpg
47 28.0329 -49.7069 71.4942 -0.7034 0.6908 -0.1676 0.5612 0.1549
47 26.9448 -51.7237 73.2721 -0.8959 -0.1638 0.4130 0.5565 0.1570
47 32.1520 -51.7761 78.5918 -0.7260 0.0874 0.6821 0.5105 0.2065
snowman02.jpg
34 -9.1187 -58.4038 70.0222 -0.5424 0.2466 -0.8031 0.4550 0.1800
33 -16.5167 -58.7727 77.0572 -0.7734 -0.4997 -0.3900 0.3984 0.2669
33 -14.4313 -55.9780 74.4383 -0.2525 0.6380 -0.7274 0.4578 0.2460
snowman02.jpg
33 -16.5167 -58.7727 77.0572 -0.7734 -0.4997 -0.3900 0.3984 0.2669
34 -9.1187 -58.4038 70.0222 -0.5424 0.2466 -0.8031 0.4550 0.1800
34 -9.6581 -63.2375 71.6709 -0.4406 -0.8771 -0.1915 0.3824 0.1800
snowman02.jpg
34 2.5277 -55.4732 82.4232 0.7801 0.4983 0.3783 0.4550 0.1800
33 -4.8703 -55.8422 89.4582 0.3203 -0.4158 0.8512 0.3984 0.2669
34 1.9884 -60.3070 84.0719 0.5417 -0.3172 0.7784 0.3824 0.1800
snowman02.jpg
33 -4.8703 -55.8422 89.4582 0.3203 -0.4158 0.8512 0.3984 0.2669
34 2.5277 -55.4732 82.4232 0.7801 0.4983 0.3783 0.4550 0.1800
33 -2.7849 -53.0475 86.8393 0.3221 0.7067 0.6299 0.4578 0.2460
snowman02.jpg
35 6.8714 -57.4657 59.3135 0.0376 0.7725 -0.6340 0.5099 0.0174
35 11.3729 -58.7021 62.7766 0.7209 -0.3205 -0.6144 0.4934 0.0038
35 7.7612 -59.5432 58.9689 0.0297 -0.2519 -0.9673 0.4939 0.0042
snowman02.jpg
35 11.3729 -58.7021 62.7766 0.7209 -0.3205 -0.6144 0.4934 0.0038
35 6.8714 -57.4657 59.3135 0.0376 0.7725 -0.6340 0.5099 0.0174
35 10.4308 -56.5024 63.1416 0.2105 0.8831 -0.4193 0.5104 0.0178
snowman02.jpg
35 10.4308 -56.5024 63.1416 0.2105 0.8831 -0.4193 0.5104 0.0178
35 15.1531 -57.8186 66.7637 0.8950 -0.2127 -0.3922 0.4929 0.0034
35 11.3729 -58.7021 62.7766 0.7209 -0.3205 -0.6144 0.4934 0.0038
snowman02.jpg
35 15.1531 -57.8186 66.7637 0.8950 -0.2127 -0.3922 0.4929 0.0034
35 10.4308 -56.5024 63.1416 0.2105 0.8831 -0.4193 0.5104 0.0178
35 14.1587 -55.4967 67.1490 0.7298 0.6652 0.1578 0.5108 0.0182
snowman02.jpg
34 -9.6581 -63.2375 71.6709 -0.4406 -0.8771 -0.1915 0.3824 0.1800
33 -10.7210 -60.4918 84.0360 -0.2708 -0.8947 0.3552 0.3687 0.2631
33 -16.5167 -58.7727 77.0572 -0.7734 -0.4997 -0.3900 0.3984 0.2669
snowman02.jpg
33 -10.7210 -60.4918 84.0360 -0.2708 -0.8947 0.3552 0.3687 0.2631
34 -9.6581 -63.2375 71.6709 -0.4406 -0.8771 -0.1915 0.3824 0.1800
34 -3.7096 -63.5877 78.1828 -0.0183 -0.9477 0.3187 0.3660 0.1761
snowman02.jpg
34 -3.7096 -63.5877 78.1828 -0.0183 -0.9477 0.3187 0.3660 0.1761
33 -4.8703 -55.8422 89.4582 0.3203 -0.4158 0.8512 0.3984 0.2669
33 -10.7210 -60.4918 84.0360 -0.2708 -0.8947 0.3552 0.3687 0.2631
snowman02.jpg
33 -4.8703 -55.8422 89.4582 0.3203 -0.4158 0.8512 0.3984 0.2669
34 -3.7096 -63.5877 78.1828 -0.0183 -0.9477 0.3187 0.3660 0.1761
34 1.9884 -60.3070 84.0719 0.5417 -0.3172 0.7784 0.3824 0.1800
snowman02.jpg
33 -14.4313 -55.9780 74.4383 -0.2525 0.6380 -0.7274 0.4578 0.2460
34 -3.1963 -56.0490 75.9193 0.2383 0.7196 -0.6522 0.4637 0.1800
34 -9.1187 -58.4038 70.0222 -0.5424 0.2466 -0.8031 0.4550 0.1800
snowman02.jpg
34 -3.1963 -56.0490 75.9193 0.2383 0.7196 -0.6522 0.4637 0.1800
33 -14.4313 -55.9780 74.4383 -0.2525 0.6380 -0.7274 0.4578 0.2460
33 -8.4285 -52.9029 80.0897 -0.0651 0.8395 -0.5394 0.4735 0.2460
snowman02.jpg
34 2.6852 -45.0952 74.0566 -0.0504 0.9216 -0.3849 0.5612 0.1549
34 5.8257 -46.6949 75.4458 0.9561 -0.0293 -0.2916 0.5464 0.1377
34 4.0320 -46.9506 73.2302 -0.0188 -0.0912 -0.9957 0.5489 0.1365
snowman02.jpg
34 5.8257 -46.6949 75.4458 0.9561 -0.0293 -0.2916 0.5464 0.1377
34 2.6852 -45.0952 74.0566 -0.0504 0.9216 -0.3849 0.5612 0.1549
34 4.3769 -45.0236 76.4115 0.5511 0.7035 0.4487 0.5565 0.1570
snowman02.jpg
18 -23.3121 -11.6310 128.9220 -0.2176 0.1512 0.9643 0.6677 0.8360
25 -34.3514 -3.2650 112.6731 -0.2547 0.8326 0.4918 0.6819 0.7426
25 -38.3143 -10.8727 123.4998 -0.7502 0.1273 0.6488 0.6019 0.7544
snowman02.jpg
25 -41.1163 -5.7283 111.8007 -0.8971 0.4352 -0.0762 0.6415 0.6910
25 -38.3143 -10.8727 123.4998 -0.7502 0.1273 0.6488 0.6019 0.7544
25 -34.3514 -3.2650 112.6731 -0.2547 0.8326 0.4918 0.6819 0.7426
snowman02.jpg
18 -19.4842 -19.5960 124.3478 0.0436 -0.9072 0.4185 0.6847 0.9108
18 -23.3121 -11.6310 128.9220 -0.2176 0.1512 0.9643 0.6677 0.8360
25 -35.3829 -17.5495 124.8568 -0.0912 -0.5944 0.7990 0.5610 0.7832
snowman02.jpg
25 -38.3143 -10.8727 123.4998 -0.7502 0.1273 0.6488 0.6019 0.7544
25 -35.3829 -17.5495 124.8568 -0.0912 -0.5944 0.7990 0.5610 0.7832
18 -23.3121 -11.6310 128.9220 -0.2176 0.1512 0.9643 0.6677 0.8360
snowman02.jpg
18 -20.2047 -19.0986 115.6907 0.2141 -0.9767 -0.0175 0.6921 0.8300
18 -19.4842 -19.5960 124.3478 0.0436 -0.9072 0.4185 0.6847 0.9108
25 -32.1633 -22.1575 112.8674 0.8065 -0.5617 0.1844 0.6281 0.7164
snowman02.jpg
25 -35.3829 -17.5495 124.8568 -0.0912 -0.5944 0.7990 0.5610 0.7832
25 -32.1633 -22.1575 112.8674 0.8065 -0.5617 0.1844 0.6281 0.7164
18 -19.4842 -19.5960 124.3478 0.0436 -0.9072 0.4185 0.6847 0.9108
snowman02.jpg
25 -24.4627 -21.0015 106.8667 0.0000 -0.9062 -0.4228 0.7132 0.7270
18 -20.2047 -19.0986 115.6907 0.2141 -0.9767 -0.0175 0.6921 0.8300
25 -32.5845 -21.5693 108.0845 0.9290 -0.2540 -0.2691 0.6584 0.6846
snowman02.jpg
25 -32.1633 -22.1575 112.8674 0.8065 -0.5617 0.1844 0.6281 0.7164
25 -32.5845 -21.5693 108.0845 0.9290 -0.2540 -0.2691 0.6584 0.6846
18 -20.2047 -19.0986 115.6907 0.2141 -0.9767 -0.0175 0.6921 0.8300
snowman02.jpg
25 -32.5845 -21.5693 108.0845 0.9290 -0.2540 -0.2691 0.6584 0.6846
25 -37.4828 -15.8347 105.2603 0.2175 0.4390 -0.8718 0.6808 0.5988
25 -24.4627 -21.0015 106.8667 0.0000 -0.9062 -0.4228 0.7132 0.7270
snowman02.jpg
25 -38.3143 -10.8727 123.4998 -0.7502 0.1273 0.6488 0.6019 0.7544
25 -41.1163 -5.7283 111.8007 -0.8971 0.4352 -0.0762 0.6415 0.6910
32 -38.2148 -35.0605 97.4648 -0.8911 -0.3484 0.2909 0.5088 0.5752
snowman02.jpg
32 -38.8067 -30.5148 95.2161 -0.7863 0.3712 -0.4939 0.5494 0.5675
32 -38.2148 -35.0605 97.4648 -0.8911 -0.3484 0.2909 0.5088 0.5752
25 -41.1163 -5.7283 111.8007 -0.8971 0.4352 -0.0762 0.6415 0.6910
snowman02.jpg
25 -35.3829 -17.5495 124.8568 -0.0912 -0.5944 0.7990 0.5610 0.7832
25 -38.3143 -10.8727 123.4998 -0.7502 0.1273 0.6488 0.6019 0.7544
32 -32.2365 -42.1319 95.7576 -0.5023 -0.4878 0.7140 0.4666 0.5302
snowman02.jpg
32 -38.2148 -35.0605 97.4648 -0.8911 -0.3484 0.2909 0.5088 0.5752
32 -32.2365 -42.1319 95.7576 -0.5023 -0.4878 0.7140 0.4666 0.5302
25 -38.3143 -10.8727 123.4998 -0.7502 0.1273 0.6488 0.6019 0.7544
snowman02.jpg
25 -41.1163 -5.7283 111.8007 -0.8971 0.4352 -0.0762 0.6415 0.6910
25 -37.4828 -15.8347 105.2603 0.2175 0.4390 -0.8718 0.6808 0.5988
32 -38.8067 -30.5148 95.2161 -0.7863 0.3712 -0.4939 0.5494 0.5675
snowman02.jpg
32 -29.7818 -25.1821 97.7057 0.3341 0.7866 -0.5193 0.6425 0.5375
32 -38.8067 -30.5148 95.2161 -0.7863 0.3712 -0.4939 0.5494 0.5675
25 -37.4828 -15.8347 105.2603 0.2175 0.4390 -0.8718 0.6808 0.5988
snowman02.jpg
25 -32.1633 -22.1575 112.8674 0.8065 -0.5617 0.1844 0.6281 0.7164
25 -35.3829 -17.5495 124.8568 -0.0912 -0.5944 0.7990 0.5610 0.7832
32 -26.2771 -39.6543 98.0445 0.5878 0.0008 0.8090 0.5013 0.5390
snowman02.jpg
32 -32.2365 -42.1319 95.7576 -0.5023 -0.4878 0.7140 0.4666 0.5302
32 -26.2771 -39.6543 98.0445 0.5878 0.0008 0.8090 0.5013 0.5390
25 -35.3829 -17.5495 124.8568 -0.0912 -0.5944 0.7990 0.5610 0.7832
snowman02.jpg
25 -32.5845 -21.5693 108.0845 0.9290 -0.2540 -0.2691 0.6584 0.6846
25 -32.1633 -22.1575 112.8674 0.8065 -0.5617 0.1844 0.6281 0.7164
32 -24.1890 -34.5602 93.9941 0.8308 0.5557 0.0316 0.5761 0.4960
snowman02.jpg
32 -26.2771 -39.6543 98.0445 0.5878 0.0008 0.8090 0.5013 0.5390
32 -24.1890 -34.5602 93.9941 0.8308 0.5557 0.0316 0.5761 0.4960
25 -32.1633 -22.1575 112.8674 0.8065 -0.5617 0.1844 0.6281 0.7164
snowman02.jpg
25 -37.4828 -15.8347 105.2603 0.2175 0.4390 -0.8718 0.6808 0.5988
25 -32.5845 -21.5693 108.0845 0.9290 -0.2540 -0.2691 0.6584 0.6846
32 -29.7818 -25.1821 97.7057 0.3341 0.7866 -0.5193 0.6425 0.5375
snowman02.jpg
32 -24.1890 -34.5602 93.9941 0.8308 0.5557 0.0316 0.5761 0.4960
32 -29.7818 -25.1821 97.7057 0.3341 0.7866 -0.5193 0.6425 0.5375
25 -32.5845 -21.5693 108.0845 0.9290 -0.2540 -0.2691 0.6584 0.6846
snowman02.jpg
32 -38.2148 -35.0605 97.4648 -0.8911 -0.3484 0.2909 0.5088 0.5752
32 -38.8067 -30.5148 95.2161 -0.7863 0.3712 -0.4939 0.5494 0.5675
32 -38.2878 -38.9253 92.6085 -0.8599 -0.4478 0.2449 0.4817 0.5265
snowman02.jpg
32 -39.0508 -35.7988 89.5731 -0.8242 0.2118 -0.5251 0.5106 0.5097
32 -38.2878 -38.9253 92.6085 -0.8599 -0.4478 0.2449 0.4817 0.5265
32 -38.8067 -30.5148 95.2161 -0.7863 0.3712 -0.4939 0.5494 0.5675
snowman02.jpg
32 -38.2878 -38.9253 92.6085 -0.8599 -0.4478 0.2449 0.4817 0.5265
32 -32.2365 -42.1319 95.7576 -0.5023 -0.4878 0.7140 0.4666 0.5302
32 -38.2148 -35.0605 97.4648 -0.8911 -0.3484 0.2909 0.5088 0.5752
snowman02.jpg
32 -38.8067 -30.5148 95.2161 -0.7863 0.3712 -0.4939 0.5494 0.5675
32 -29.7818 -25.1821 97.7057 0.3341 0.7866 -0.5193 0.6425 0.5375
32 -39.0508 -35.7988 89.5731 -0.8242 0.2118 -0.5251 0.5106 0.5097
snowman02.jpg
32 -30.1126 -33.5560 86.9734 0.1027 0.7296 -0.6761 0.6074 0.4355
32 -39.0508 -35.7988 89.5731 -0.8242 0.2118 -0.5251 0.5106 0.5097
32 -29.7818 -25.1821 97.7057 0.3341 0.7866 -0.5193 0.6425 0.5375
snowman02.jpg
32 -29.7818 -25.1821 97.7057 0.3341 0.7866 -0.5193 0.6425 0.5375
32 -24.1890 -34.5602 93.9941 0.8308 0.5557 0.0316 0.5761 0.4960
32 -30.1126 -33.5560 86.9734 0.1027 0.7296 -0.6761 0.6074 0.4355
snowman02.jpg
32 -38.2878 -38.9253 92.6085 -0.8599 -0.4478 0.2449 0.4817 0.5265
32 -39.0508 -35.7988 89.5731 -0.8242 0.2118 -0.5251 0.5106 0.5097
33 -33.2154 -44.8415 88.4488 -0.7087 -0.7047 -0.0330 0.4768 0.4554
snowman02.jpg
33 -34.0364 -41.5820 82.5303 -0.5539 -0.1271 -0.8228 0.5175 0.4123
33 -33.2154 -44.8415 88.4488 -0.7087 -0.7047 -0.0330 0.4768 0.4554
32 -39.0508 -35.7988 89.5731 -0.8242 0.2118 -0.5251 0.5106 0.5097
snowman02.jpg
32 -32.2365 -42.1319 95.7576 -0.5023 -0.4878 0.7140 0.4666 0.5302
32 -38.2878 -38.9253 92.6085 -0.8599 -0.4478 0.2449 0.4817 0.5265
33 -27.5910 -48.1967 96.1260 -0.3868 -0.6382 0.6657 0.4110 0.4716
snowman02.jpg
33 -33.2154 -44.8415 88.4488 -0.7087 -0.7047 -0.0330 0.4768 0.4554
33 -27.5910 -48.1967 96.1260 -0.3868 -0.6382 0.6657 0.4110 0.4716
32 -38.2878 -38.9253 92.6085 -0.8599 -0.4478 0.2449 0.4817 0.5265
snowman02.jpg
32 -39.0508 -35.7988 89.5731 -0.8242 0.2118 -0.5251 0.5106 0.5097
32 -30.1126 -33.5560 86.9734 0.1027 0.7296 -0.6761 0.6074 0.4355
33 -34.0364 -41.5820 82.5303 -0.5539 -0.1271 -0.8228 0.5175 0.4123
snowman02.jpg
33 -24.2650 -38.3072 84.2671 0.4306 0.6074 -0.6676 0.5835 0.3758
33 -34.0364 -41.5820 82.5303 -0.5539 -0.1271 -0.8228 0.5175 0.4123
32 -30.1126 -33.5560 86.9734 0.1027 0.7296 -0.6761 0.6074 0.4355
snowman02.jpg
32 -26.2771 -39.6543 98.0445 0.5878 0.0008 0.8090 0.5013 0.5390
32 -32.2365 -42.1319 95.7576 -0.5023 -0.4878 0.7140 0.4666 0.5302
33 -23.1512 -43.8993 98.3184 0.2510 0.0716 0.9653 0.4656 0.4465
snowman02.jpg
33 -27.5910 -48.1967 96.1260 -0.3868 -0.6382 0.6657 0.4110 0.4716
33 -23.1512 -43.8993 98.3184 0.2510 0.0716 0.9653 0.4656 0.4465
32 -32.2365 -42.1319 95.7576 -0.5023 -0.4878 0.7140 0.4666 0.5302
snowman02.jpg
32 -24.1890 -34.5602 93.9941 0.8308 0.5557 0.0316 0.5761 0.4960
32 -26.2771 -39.6543 98.0445 0.5878 0.0008 0.8090 0.5013 0.5390
33 -21.2739 -38.1497 93.7548 0.7330 0.6227 0.2740 0.5263 0.3997
snowman02.jpg
33 -23.1512 -43.8993 98.3184 0.2510 0.0716 0.9653 0.4656 0.4465
33 -21.2739 -38.1497 93.7548 0.7330 0.6227 0.2740 0.5263 0.3997
32 -26.2771 -39.6543 98.0445 0.5878 0.0008 0.8090 0.5013 0.5390
snowman02.jpg
32 -30.1126 -33.5560 86.9734 0.1027 0.7296 -0.6761 0.6074 0.4355
32 -24.1890 -34.5602 93.9941 0.8308 0.5557 0.0316 0.5761 0.4960
33 -24.2650 -38.3072 84.2671 0.4306 0.6074 -0.6676 0.5835 0.3758
snowman02.jpg
33 -21.2739 -38.1497 93.7548 0.7330 0.6227 0.2740 0.5263 0.3997
33 -24.2650 -38.3072 84.2671 0.4306 0.6074 -0.6676 0.5835 0.3758
32 -24.1890 -34.5602 93.9941 0.8308 0.5557 0.0316 0.5761 0.4960
snowman02.jpg
33 -33.2154 -44.8415 88.4488 -0.7087 -0.7047 -0.0330 0.4768 0.4554
33 -34.0364 -41.5820 82.5303 -0.5539 -0.1271 -0.8228 0.5175 0.4123
33 -19.5087 -55.7009 84.7457 -0.6404 -0.7673 -0.0334 0.3994 0.3376
snowman02.jpg
33 -19.9696 -52.2768 80.3809 -0.4671 0.0726 -0.8812 0.4669 0.3253
33 -19.5087 -55.7009 84.7457 -0.6404 -0.7673 -0.0334 0.3994 0.3376
33 -34.0364 -41.5820 82.5303 -0.5539 -0.1271 -0.8228 0.5175 0.4123
snowman02.jpg
33 -27.5910 -48.1967 96.1260 -0.3868 -0.6382 0.6657 0.4110 0.4716
33 -33.2154 -44.8415 88.4488 -0.7087 -0.7047 -0.0330 0.4768 0.4554
33 -16.3454 -56.2615 88.2580 -0.2888 -0.8105 0.5096 0.3873 0.3348
snowman02.jpg
33 -19.5087 -55.7009 84.7457 -0.6404 -0.7673 -0.0334 0.3994 0.3376
33 -16.3454 -56.2615 88.2580 -0.2888 -0.8105 0.5096 0.3873 0.3348
33 -33.2154 -44.8415 88.4488 -0.7087 -0.7047 -0.0330 0.4768 0.4554
snowman02.jpg
33 -34.0364 -41.5820 82.5303 -0.5539 -0.1271 -0.8228 0.5175 0.4123
33 -24.2650 -38.3072 84.2671 0.4306 0.6074 -0.6676 0.5835 0.3758
33 -19.9696 -52.2768 80.3809 -0.4671 0.0726 -0.8812 0.4669 0.3253
snowman02.jpg
33 -13.8566 -49.4360 83.1575 0.3752 0.7618 -0.5281 0.4891 0.3080
33 -19.9696 -52.2768 80.3809 -0.4671 0.0726 -0.8812 0.4669 0.3253
33 -24.2650 -38.3072 84.2671 0.4306 0.6074 -0.6676 0.5835 0.3758
snowman02.jpg
33 -23.1512 -43.8993 98.3184 0.2510 0.0716 0.9653 0.4656 0.4465
33 -27.5910 -48.1967 96.1260 -0.3868 -0.6382 0.6657 0.4110 0.4716
33 -11.4734 -51.7863 92.3054 0.3570 -0.1173 0.9267 0.4187 0.3370
snowman02.jpg
33 -16.3454 -56.2615 88.2580 -0.2888 -0.8105 0.5096 0.3873 0.3348
33 -11.4734 -51.7863 92.3054 0.3570 -0.1173 0.9267 0.4187 0.3370
33 -27.5910 -48.1967 96.1260 -0.3868 -0.6382 0.6657 0.4110 0.4716
snowman02.jpg
33 -21.2739 -38.1497 93.7548 0.7330 0.6227 0.2740 0.5263 0.3997
33 -23.1512 -43.8993 98.3184 0.2510 0.0716 0.9653 0.4656 0.4465
33 -10.6171 -49.2044 89.7575 0.6207 0.7472 0.2376 0.4748 0.3240
snowman02.jpg
33 -11.4734 -51.7863 92.3054 0.3570 -0.1173 0.9267 0.4187 0.3370
33 -10.6171 -49.2044 89.7575 0.6207 0.7472 0.2376 0.4748 0.3240
33 -23.1512 -43.8993 98.3184 0.2510 0.0716 0.9653 0.4656 0.4465
snowman02.jpg
33 -24.2650 -38.3072 84.2671 0.4306 0.6074 -0.6676 0.5835 0.3758
33 -21.2739 -38.1497 93.7548 0.7330 0.6227 0.2740 0.5263 0.3997
33 -13.8566 -49.4360 83.1575 0.3752 0.7618 -0.5281 0.4891 0.3080
snowman02.jpg
33 -10.6171 -49.2044 89.7575 0.6207 0.7472 0.2376 0.4748 0.3240
33 -13.8566 -49.4360 83.1575 0.3752 0.7618 -0.5281 0.4891 0.3080
33 -21.2739 -38.1497 93.7548 0.7330 0.6227 0.2740 0.5263 0.3997
snowman02.jpg
33 -19.5087 -55.7009 84.7457 -0.6404 -0.7673 -0.0334 0.3994 0.3376
33 -19.9696 -52.2768 80.3809 -0.4671 0.0726 -0.8812 0.4669 0.3253
33 -16.5167 -58.7727 77.0572 -0.7734 -0.4997 -0.3900 0.3984 0.2669
snowman02.jpg
33 -14.4313 -55.9780 74.4383 -0.2525 0.6380 -0.7274 0.4578 0.2460
33 -16.5167 -58.7727 77.0572 -0.7734 -0.4997 -0.3900 0.3984 0.2669
33 -19.9696 -52.2768 80.3809 -0.4671 0.0726 -0.8812 0.4669 0.3253
snowman02.jpg
33 -16.3454 -56.2615 88.2580 -0.2888 -0.8105 0.5096 0.3873 0.3348
33 -19.5087 -55.7009 84.7457 -0.6404 -0.7673 -0.0334 0.3994 0.3376
33 -10.7210 -60.4918 84.0360 -0.2708 -0.8947 0.3552 0.3687 0.2631
snowman02.jpg
33 -16.5167 -58.7727 77.0572 -0.7734 -0.4997 -0.3900 0.3984 0.2669
33 -10.7210 -60.4918 84.0360 -0.2708 -0.8947 0.3552 0.3687 0.2631
33 -19.5087 -55.7009 84.7457 -0.6404 -0.7673 -0.0334 0.3994 0.3376
snowman02.jpg
33 -19.9696 -52.2768 80.3809 -0.4671 0.0726 -0.8812 0.4669 0.3253
33 -13.8566 -49.4360 83.1575 0.3752 0.7618 -0.5281 0.4891 0.3080
33 -14.4313 -55.9780 74.4383 -0.2525 0.6380 -0.7274 0.4578 0.2460
snowman02.jpg
33 -8.4285 -52.9029 80.0897 -0.0651 0.8395 -0.5394 0.4735 0.2460
33 -14.4313 -55.9780 74.4383 -0.2525 0.6380 -0.7274 0.4578 0.2460
33 -13.8566 -49.4360 83.1575 0.3752 0.7618 -0.5281 0.4891 0.3080
snowman02.jpg
33 -11.4734 -51.7863 92.3054 0.3570 -0.1173 0.9267 0.4187 0.3370
33 -16.3454 -56.2615 88.2580 -0.2888 -0.8105 0.5096 0.3873 0.3348
33 -4.8703 -55.8422 89.4582 0.3203 -0.4158 0.8512 0.3984 0.2669
snowman02.jpg
33 -10.7210 -60.4918 84.0360 -0.2708 -0.8947 0.3552 0.3687 0.2631
33 -4.8703 -55.8422 89.4582 0.3203 -0.4158 0.8512 0.3984 0.2669
33 -16.3454 -56.2615 88.2580 -0.2888 -0.8105 0.5096 0.3873 0.3348
snowman02.jpg
33 -13.8566 -49.4360 83.1575 0.3752 0.7618 -0.5281 0.4891 0.3080
33 -10.6171 -49.2044 89.7575 0.6207 0.7472 0.2376 0.4748 0.3240
33 -8.4285 -52.9029 80.0897 -0.0651 0.8395 -0.5394 0.4735 0.2460
snowman02.jpg
34 1.9884 -60.3070 84.0719 0.5417 -0.3172 0.7784 0.3824 0.1800
35 9.3985 -57.4497 75.6700 0.3996 0.8189 0.4119 0.4644 0.0919
34 2.5277 -55.4732 82.4232 0.7801 0.4983 0.3783 0.4550 0.1800
snowman02.jpg
35 9.3985 -57.4497 75.6700 0.3996 0.8189 0.4119 0.4644 0.0919
34 1.9884 -60.3070 84.0719 0.5417 -0.3172 0.7784 0.3824 0.1800
35 10.5665 -62.7889 75.8348 0.7126 -0.5081 0.4838 0.3935 0.0710
snowman02.jpg
34 -3.7096 -63.5877 78.1828 -0.0183 -0.9477 0.3187 0.3660 0.1761
35 10.5665 -62.7889 75.8348 0.7126 -0.5081 0.4838 0.3935 0.0710
34 1.9884 -60.3070 84.0719 0.5417 -0.3172 0.7784 0.3824 0.1800
snowman02.jpg
35 10.5665 -62.7889 75.8348 0.7126 -0.5081 0.4838 0.3935 0.0710
34 -3.7096 -63.5877 78.1828 -0.0183 -0.9477 0.3187 0.3660 0.1761
35 4.9727 -64.0482 69.9070 0.2359 -0.9697 -0.0631 0.3947 0.0716
snowman02.jpg
34 2.5277 -55.4732 82.4232 0.7801 0.4983 0.3783 0.4550 0.1800
35 3.8662 -58.9900 69.7509 -0.1115 0.9863 -0.1219 0.4633 0.0913
34 -3.1963 -56.0490 75.9193 0.2383 0.7196 -0.6522 0.4637 0.1800
snowman02.jpg
35 3.8662 -58.9900 69.7509 -0.1115 0.9863 -0.1219 0.4633 0.0913
34 2.5277 -55.4732 82.4232 0.7801 0.4983 0.3783 0.4550 0.1800
35 9.3985 -57.4497 75.6700 0.3996 0.8189 0.4119 0.4644 0.0919
snowman02.jpg
34 -9.1187 -58.4038 70.0222 -0.5424 0.2466 -0.8031 0.4550 0.1800
35 -0.1956 -65.2004 64.4322 -0.2014 -0.7524 -0.6272 0.3959 0.0721
34 -9.6581 -63.2375 71.6709 -0.4406 -0.8771 -0.1915 0.3824 0.1800
snowman02.jpg
35 -0.1956 -65.2004 64.4322 -0.2014 -0.7524 -0.6272 0.3959 0.0721
34 -9.1187 -58.4038 70.0222 -0.5424 0.2466 -0.8031 0.4550 0.1800
35 -1.2407 -60.4232 64.2848 -0.4192 0.5590 -0.7154 0.4621 0.0908
snowman02.jpg
34 -9.6581 -63.2375 71.6709 -0.4406 -0.8771 -0.1915 0.3824 0.1800
35 4.9727 -64.0482 69.9070 0.2359 -0.9697 -0.0631 0.3947 0.0716
34 -3.7096 -63.5877 78.1828 -0.0183 -0.9477 0.3187 0.3660 0.1761
snowman02.jpg
35 4.9727 -64.0482 69.9070 0.2359 -0.9697 -0.0631 0.3947 0.0716
34 -9.6581 -63.2375 71.6709 -0.4406 -0.8771 -0.1915 0.3824 0.1800
35 -0.1956 -65.2004 64.4322 -0.2014 -0.7524 -0.6272 0.3959 0.0721
snowman02.jpg
34 -3.1963 -56.0490 75.9193 0.2383 0.7196 -0.6522 0.4637 0.1800
35 -1.2407 -60.4232 64.2848 -0.4192 0.5590 -0.7154 0.4621 0.0908
34 -9.1187 -58.4038 70.0222 -0.5424 0.2466 -0.8031 0.4550 0.1800
snowman02.jpg
35 -1.2407 -60.4232 64.2848 -0.4192 0.5590 -0.7154 0.4621 0.0908
34 -3.1963 -56.0490 75.9193 0.2383 0.7196 -0.6522 0.4637 0.1800
35 3.8662 -58.9900 69.7509 -0.1115 0.9863 -0.1219 0.4633 0.0913
snowman02.jpg
35 -1.2407 -60.4232 64.2848 -0.4192 0.5590 -0.7154 0.4621 0.0908
35 7.7612 -59.5432 58.9689 0.0297 -0.2519 -0.9673 0.4939 0.0042
35 -0.1956 -65.2004 64.4322 -0.2014 -0.7524 -0.6272 0.3959 0.0721
snowman02.jpg
35 7.7612 -59.5432 58.9689 0.0297 -0.2519 -0.9673 0.4939 0.0042
35 -1.2407 -60.4232 64.2848 -0.4192 0.5590 -0.7154 0.4621 0.0908
35 6.8714 -57.4657 59.3135 0.0376 0.7725 -0.6340 0.5099 0.0174
snowman02.jpg
35 -0.1956 -65.2004 64.4322 -0.2014 -0.7524 -0.6272 0.3959 0.0721
35 11.3729 -58.7021 62.7766 0.7209 -0.3205 -0.6144 0.4934 0.0038
35 4.9727 -64.0482 69.9070 0.2359 -0.9697 -0.0631 0.3947 0.0716
snowman02.jpg
35 11.3729 -58.7021 62.7766 0.7209 -0.3205 -0.6144 0.4934 0.0038
35 -0.1956 -65.2004 64.4322 -0.2014 -0.7524 -0.6272 0.3959 0.0721
35 7.7612 -59.5432 58.9689 0.0297 -0.2519 -0.9673 0.4939 0.0042
snowman02.jpg
35 3.8662 -58.9900 69.7509 -0.1115 0.9863 -0.1219 0.4633 0.0913
35 6.8714 -57.4657 59.3135 0.0376 0.7725 -0.6340 0.5099 0.0174
35 -1.2407 -60.4232 64.2848 -0.4192 0.5590 -0.7154 0.4621 0.0908
snowman02.jpg
35 6.8714 -57.4657 59.3135 0.0376 0.7725 -0.6340 0.5099 0.0174
35 3.8662 -58.9900 69.7509 -0.1115 0.9863 -0.1219 0.4633 0.0913
35 10.4308 -56.5024 63.1416 0.2105 0.8831 -0.4193 0.5104 0.0178
snowman02.jpg
35 4.9727 -64.0482 69.9070 0.2359 -0.9697 -0.0631 0.3947 0.0716
35 15.1531 -57.8186 66.7637 0.8950 -0.2127 -0.3922 0.4929 0.0034
35 10.5665 -62.7889 75.8348 0.7126 -0.5081 0.4838 0.3935 0.0710
snowman02.jpg
35 15.1531 -57.8186 66.7637 0.8950 -0.2127 -0.3922 0.4929 0.0034
35 4.9727 -64.0482 69.9070 0.2359 -0.9697 -0.0631 0.3947 0.0716
35 11.3729 -58.7021 62.7766 0.7209 -0.3205 -0.6144 0.4934 0.0038
snowman02.jpg
35 10.5665 -62.7889 75.8348 0.7126 -0.5081 0.4838 0.3935 0.0710
35 14.1587 -55.4967 67.1490 0.7298 0.6652 0.1578 0.5108 0.0182
35 9.3985 -57.4497 75.6700 0.3996 0.8189 0.4119 0.4644 0.0919
snowman02.jpg
35 14.1587 -55.4967 67.1490 0.7298 0.6652 0.1578 0.5108 0.0182
35 10.5665 -62.7889 75.8348 0.7126 -0.5081 0.4838 0.3935 0.0710
35 15.1531 -57.8186 66.7637 0.8950 -0.2127 -0.3922 0.4929 0.0034
snowman02.jpg
35 9.3985 -57.4497 75.6700 0.3996 0.8189 0.4119 0.4644 0.0919
35 10.4308 -56.5024 63.1416 0.2105 0.8831 -0.4193 0.5104 0.0178
35 3.8662 -58.9900 69.7509 -0.1115 0.9863 -0.1219 0.4633 0.0913
snowman02.jpg
35 10.4308 -56.5024 63.1416 0.2105 0.8831 -0.4193 0.5104 0.0178
35 9.3985 -57.4497 75.6700 0.3996 0.8189 0.4119 0.4644 0.0919
35 14.1587 -55.4967 67.1490 0.7298 0.6652 0.1578 0.5108 0.0182
snowman02.jpg
33 -4.8703 -55.8422 89.4582 0.3203 -0.4158 0.8512 0.3984 0.2669
33 -2.7849 -53.0475 86.8393 0.3221 0.7067 0.6299 0.4578 0.2460
33 -11.4734 -51.7863 92.3054 0.3570 -0.1173 0.9267 0.4187 0.3370
snowman02.jpg
33 -11.4734 -51.7863 92.3054 0.3570 -0.1173 0.9267 0.4187 0.3370
33 -2.7849 -53.0475 86.8393 0.3221 0.7067 0.6299 0.4578 0.2460
33 -10.6171 -49.2044 89.7575 0.6207 0.7472 0.2376 0.4748 0.3240
snowman02.jpg
33 -2.7849 -53.0475 86.8393 0.3221 0.7067 0.6299 0.4578 0.2460
33 -8.4285 -52.9029 80.0897 -0.0651 0.8395 -0.5394 0.4735 0.2460
33 -10.6171 -49.2044 89.7575 0.6207 0.7472 0.2376 0.4748 0.3240
snowman02.jpg
34 2.5277 -55.4732 82.4232 0.7801 0.4983 0.3783 0.4550 0.1800
34 -0.1529 -48.1628 81.4159 0.1876 0.7638 0.6176 0.5105 0.2065
33 -2.7849 -53.0475 86.8393 0.3221 0.7067 0.6299 0.4578 0.2460
snowman02.jpg
34 -0.1529 -48.1628 81.4159 0.1876 0.7638 0.6176 0.5105 0.2065
34 2.5277 -55.4732 82.4232 0.7801 0.4983 0.3783 0.4550 0.1800
34 2.0782 -50.7366 79.9288 0.9803 -0.1642 0.1099 0.4948 0.1767
snowman02.jpg
33 -8.4285 -52.9029 80.0897 -0.0651 0.8395 -0.5394 0.4735 0.2460
34 -0.6840 -51.1304 76.5167 0.0764 -0.3796 -0.9220 0.4988 0.1749
34 -3.1963 -56.0490 75.9193 0.2383 0.7196 -0.6522 0.4637 0.1800
snowman02.jpg
34 -0.6840 -51.1304 76.5167 0.0764 -0.3796 -0.9220 0.4988 0.1749
33 -8.4285 -52.9029 80.0897 -0.0651 0.8395 -0.5394 0.4735 0.2460
34 -2.7581 -48.2731 77.7894 -0.7146 0.5920 -0.3726 0.5176 0.2032
snowman02.jpg
34 -3.1963 -56.0490 75.9193 0.2383 0.7196 -0.6522 0.4637 0.1800
34 2.0782 -50.7366 79.9288 0.9803 -0.1642 0.1099 0.4948 0.1767
34 2.5277 -55.4732 82.4232 0.7801 0.4983 0.3783 0.4550 0.1800
snowman02.jpg
34 2.0782 -50.7366 79.9288 0.9803 -0.1642 0.1099 0.4948 0.1767
34 -3.1963 -56.0490 75.9193 0.2383 0.7196 -0.6522 0.4637 0.1800
34 -0.6840 -51.1304 76.5167 0.0764 -0.3796 -0.9220 0.4988 0.1749
snowman02.jpg
33 -2.7849 -53.0475 86.8393 0.3221 0.7067 0.6299 0.4578 0.2460
34 -2.7581 -48.2731 77.7894 -0.7146 0.5920 -0.3726 0.5176 0.2032
33 -8.4285 -52.9029 80.0897 -0.0651 0.8395 -0.5394 0.4735 0.2460
snowman02.jpg
34 -2.7581 -48.2731 77.7894 -0.7146 0.5920 -0.3726 0.5176 0.2032
33 -2.7849 -53.0475 86.8393 0.3221 0.7067 0.6299 0.4578 0.2460
34 -0.1529 -48.1628 81.4159 0.1876 0.7638 0.6176 0.5105 0.2065
snowman02.jpg
34 -2.7581 -48.2731 77.7894 -0.7146 0.5920 -0.3726 0.5176 0.2032
34 4.0320 -46.9506 73.2302 -0.0188 -0.0912 -0.9957 0.5489 0.1365
34 -0.6840 -51.1304 76.5167 0.0764 -0.3796 -0.9220 0.4988 0.1749
snowman02.jpg
34 4.0320 -46.9506 73.2302 -0.0188 -0.0912 -0.9957 0.5489 0.1365
34 -2.7581 -48.2731 77.7894 -0.7146 0.5920 -0.3726 0.5176 0.2032
34 2.6852 -45.0952 74.0566 -0.0504 0.9216 -0.3849 0.5612 0.1549
snowman02.jpg
34 -0.6840 -51.1304 76.5167 0.0764 -0.3796 -0.9220 0.4988 0.1749
34 5.8257 -46.6949 75.4458 0.9561 -0.0293 -0.2916 0.5464 0.1377
34 2.0782 -50.7366 79.9288 0.9803 -0.1642 0.1099 0.4948 0.1767
snowman02.jpg
34 5.8257 -46.6949 75.4458 0.9561 -0.0293 -0.2916 0.5464 0.1377
34 -0.6840 -51.1304 76.5167 0.0764 -0.3796 -0.9220 0.4988 0.1749
34 4.0320 -46.9506 73.2302 -0.0188 -0.0912 -0.9957 0.5489 0.1365
snowman02.jpg
34 2.0782 -50.7366 79.9288 0.9803 -0.1642 0.1099 0.4948 0.1767
34 4.3769 -45.0236 76.4115 0.5511 0.7035 0.4487 0.5565 0.1570
34 -0.1529 -48.1628 81.4159 0.1876 0.7638 0.6176 0.5105 0.2065
snowman02.jpg
34 4.3769 -45.0236 76.4115 0.5511 0.7035 0.4487 0.5565 0.1570
34 2.0782 -50.7366 79.9288 0.9803 -0.1642 0.1099 0.4948 0.1767
34 5.8257 -46.6949 75.4458 0.9561 -0.0293 -0.2916 0.5464 0.1377
snowman02.jpg
34 -0.1529 -48.1628 81.4159 0.1876 0.7638 0.6176 0.5105 0.2065
34 2.6852 -45.0952 74.0566 -0.0504 0.9216 -0.3849 0.5612 0.1549
34 -2.7581 -48.2731 77.7894 -0.7146 0.5920 -0.3726 0.5176 0.2032
snowman02.jpg
34 2.6852 -45.0952 74.0566 -0.0504 0.9216 -0.3849 0.5612 0.1549
34 -0.1529 -48.1628 81.4159 0.1876 0.7638 0.6176 0.5105 0.2065
34 4.3769 -45.0236 76.4115 0.5511 0.7035 0.4487 0.5565 0.1570
snowman02.jpg
38 37.9941 2.5007 118.9397 -0.2022 0.9299 0.3072 0.3537 0.6755
18 22.6394 -7.2482 137.1140 0.2050 0.5466 0.8119 0.3758 0.5777
38 40.9680 -3.6229 126.0627 0.5886 0.4255 0.6874 0.3410 0.5805
snowman02.jpg
38 37.9941 2.5007 118.9397 -0.2022 0.9299 0.3072 0.3537 0.6755
18 19.1408 -6.8574 136.0830 0.0257 -0.5083 0.8608 0.3894 0.5884
18 22.6394 -7.2482 137.1140 0.2050 0.5466 0.8119 0.3758 0.5777
snowman02.jpg
18 22.6394 -7.2482 137.1140 0.2050 0.5466 0.8119 0.3758 0.5777
38 34.3906 -8.0507 132.0491 0.1900 -0.6365 0.7475 0.3608 0.5245
38 40.9680 -3.6229 126.0627 0.5886 0.4255 0.6874 0.3410 0.5805
snowman02.jpg
38 40.9680 -3.6229 126.0627 0.5886 0.4255 0.6874 0.3410 0.5805
38 43.5360 -12.4535 117.6622 0.8663 -0.4852 -0.1190 0.3081 0.6457
38 42.6520 -2.1764 114.6430 0.9265 -0.0385 -0.3744 0.3258 0.7003
snowman02.jpg
38 42.6520 -2.1764 114.6430 0.9265 -0.0385 -0.3744 0.3258 0.7003
38 43.5360 -12.4535 117.6622 0.8663 -0.4852 -0.1190 0.3081 0.6457
38 40.8277 -10.4495 109.1462 0.8182 -0.4444 -0.3648 0.3131 0.7105
snowman02.jpg
18 19.1408 -6.8574 136.0830 0.0257 -0.5083 0.8608 0.3894 0.5884
18 15.3229 -14.7810 130.8883 0.0757 -0.8113 0.5797 0.4566 0.5575
38 34.3906 -8.0507 132.0491 0.1900 -0.6365 0.7475 0.3608 0.5245
snowman02.jpg
18 19.1408 -6.8574 136.0830 0.0257 -0.5083 0.8608 0.3894 0.5884
38 34.3906 -8.0507 132.0491 0.1900 -0.6365 0.7475 0.3608 0.5245
18 22.6394 -7.2482 137.1140 0.2050 0.5466 0.8119 0.3758 0.5777
snowman02.jpg
38 34.3906 -8.0507 132.0491 0.1900 -0.6365 0.7475 0.3608 0.5245
18 25.2204 -17.7338 124.3805 0.0901 -0.9684 0.2325 0.3758 0.5777
38 34.2575 -15.4448 125.4149 0.2802 -0.8711 0.4033 0.3410 0.5805
snowman02.jpg
38 34.2575 -15.4448 125.4149 0.2802 -0.8711 0.4033 0.3410 0.5805
38 34.4195 -16.6796 113.8482 0.5330 -0.7370 -0.4156 0.3258 0.7003
38 43.5360 -12.4535 117.6622 0.8663 -0.4852 -0.1190 0.3081 0.6457
snowman02.jpg
38 43.5360 -12.4535 117.6622 0.8663 -0.4852 -0.1190 0.3081 0.6457
38 34.4195 -16.6796 113.8482 0.5330 -0.7370 -0.4156 0.3258 0.7003
38 40.8277 -10.4495 109.1462 0.8182 -0.4444 -0.3648 0.3131 0.7105
snowman02.jpg
18 15.3229 -14.7810 130.8883 0.0757 -0.8113 0.5797 0.4566 0.5575
18 21.7218 -17.3430 123.3496 -0.0879 -0.9931 -0.0781 0.3894 0.5884
18 25.2204 -17.7338 124.3805 0.0901 -0.9684 0.2325 0.3758 0.5777
snowman02.jpg
18 15.3229 -14.7810 130.8883 0.0757 -0.8113 0.5797 0.4566 0.5575
18 25.2204 -17.7338 124.3805 0.0901 -0.9684 0.2325 0.3758 0.5777
38 34.3906 -8.0507 132.0491 0.1900 -0.6365 0.7475 0.3608 0.5245
snowman02.jpg
38 27.8182 -15.4263 117.9573 -0.4728 -0.8020 -0.3651 0.3537 0.6755
38 34.2575 -15.4448 125.4149 0.2802 -0.8711 0.4033 0.3410 0.5805
18 25.2204 -17.7338 124.3805 0.0901 -0.9684 0.2325 0.3758 0.5777
snowman02.jpg
38 27.8182 -15.4263 117.9573 -0.4728 -0.8020 -0.3651 0.3537 0.6755
18 25.2204 -17.7338 124.3805 0.0901 -0.9684 0.2325 0.3758 0.5777
18 21.7218 -17.3430 123.3496 -0.0879 -0.9931 -0.0781 0.3894 0.5884
snowman02.jpg
38 40.9680 -3.6229 126.0627 0.3999 0.8591 0.3196 0.3410 0.5805
38 34.3906 -8.0507 132.0491 -0.6792 -0.1653 0.7151 0.3608 0.5245
38 45.7625 -15.0689 142.3261 -0.4143 0.5063 0.7563 0.3229 0.4552
snowman02.jpg
38 45.7625 -15.0689 142.3261 -0.4143 0.5063 0.7563 0.3229 0.4552
38 54.1180 -16.0310 140.3194 0.7197 0.6925 0.0507 0.2922 0.4539
38 40.9680 -3.6229 126.0627 0.3999 0.8591 0.3196 0.3410 0.5805
snowman02.jpg
38 43.5360 -12.4535 117.6622 0.8573 0.0337 -0.5137 0.3081 0.6457
38 40.9680 -3.6229 126.0627 0.3999 0.8591 0.3196 0.3410 0.5805
38 54.1180 -16.0310 140.3194 0.7197 0.6925 0.0507 0.2922 0.4539
snowman02.jpg
38 54.1180 -16.0310 140.3194 0.7197 0.6925 0.0507 0.2922 0.4539
38 54.6876 -19.7883 135.9993 0.6735 -0.6566 -0.3395 0.2790 0.4909
38 43.5360 -12.4535 117.6622 0.8573 0.0337 -0.5137 0.3081 0.6457
snowman02.jpg
38 34.3906 -8.0507 132.0491 -0.6792 -0.1653 0.7151 0.3608 0.5245
38 34.2575 -15.4448 125.4149 -0.2726 -0.9584 -0.0842 0.3410 0.5805
38 50.9735 -21.5708 140.0159 -0.4144 -0.8970 0.1536 0.2922 0.4539
snowman02.jpg
38 50.9735 -21.5708 140.0159 -0.4144 -0.8970 0.1536 0.2922 0.4539
38 45.7625 -15.0689 142.3261 -0.4143 0.5063 0.7563 0.3229 0.4552
38 34.3906 -8.0507 132.0491 -0.6792 -0.1653 0.7151 0.3608 0.5245
snowman02.jpg
38 34.2575 -15.4448 125.4149 -0.2726 -0.9584 -0.0842 0.3410 0.5805
38 43.5360 -12.4535 117.6622 0.8573 0.0337 -0.5137 0.3081 0.6457
38 54.6876 -19.7883 135.9993 0.6735 -0.6566 -0.3395 0.2790 0.4909
snowman02.jpg
38 54.6876 -19.7883 135.9993 0.6735 -0.6566 -0.3395 0.2790 0.4909
38 50.9735 -21.5708 140.0159 -0.4144 -0.8970 0.1536 0.2922 0.4539
38 34.2575 -15.4448 125.4149 -0.2726 -0.9584 -0.0842 0.3410 0.5805
snowman02.jpg
38 45.7625 -15.0689 142.3261 -0.4143 0.5063 0.7563 0.3229 0.4552
38 50.9735 -21.5708 140.0159 -0.4144 -0.8970 0.1536 0.2922 0.4539
38 54.6412 -20.8415 155.7009 0.7779 -0.4647 0.4229 0.2986 0.2799
snowman02.jpg
38 54.1180 -16.0310 140.3194 0.7197 0.6925 0.0507 0.2922 0.4539
38 45.7625 -15.0689 142.3261 -0.4143 0.5063 0.7563 0.3229 0.4552
38 54.6412 -20.8415 155.7009 0.7779 -0.4647 0.4229 0.2986 0.2799
snowman02.jpg
38 50.9735 -21.5708 140.0159 -0.4144 -0.8970 0.1536 0.2922 0.4539
38 54.6876 -19.7883 135.9993 0.6735 -0.6566 -0.3395 0.2790 0.4909
38 54.6412 -20.8415 155.7009 0.7779 -0.4647 0.4229 0.2986 0.2799
snowman02.jpg
38 54.6876 -19.7883 135.9993 0.6735 -0.6566 -0.3395 0.2790 0.4909
38 54.1180 -16.0310 140.3194 0.7197 0.6925 0.0507 0.2922 0.4539
38 54.6412 -20.8415 155.7009 0.7779 -0.4647 0.4229 0.2986 0.2799
snowman02.jpg
38 37.9941 2.5007 118.9397 -0.2022 0.9299 0.3072 0.3537 0.6755
38 40.9680 -3.6229 126.0627 0.5886 0.4255 0.6874 0.3410 0.5805
38 58.6807 17.5522 117.4682 0.0492 0.9572 -0.2852 0.2698 0.4887
snowman02.jpg
38 40.9680 -3.6229 126.0627 0.5886 0.4255 0.6874 0.3410 0.5805
38 42.6520 -2.1764 114.6430 0.9265 -0.0385 -0.3744 0.3258 0.7003
38 58.6807 17.5522 117.4682 0.0492 0.9572 -0.2852 0.2698 0.4887
snowman02.jpg
38 42.6520 -2.1764 114.6430 0.9265 -0.0385 -0.3744 0.3258 0.7003
38 37.9941 2.5007 118.9397 -0.2022 0.9299 0.3072 0.3537 0.6755
38 58.6807 17.5522 117.4682 0.0492 0.9572 -0.2852 0.2698 0.4887
snowman02.jpg
38 34.4195 -16.6796 113.8482 0.5330 -0.7370 -0.4156 0.3258 0.7003
38 34.2575 -15.4448 125.4149 0.2802 -0.8711 0.4033 0.3410 0.5805
38 23.5176 -47.5957 113.4732 -0.8369 -0.3742 -0.3995 0.2698 0.4887
snowman02.jpg
38 34.2575 -15.4448 125.4149 0.2802 -0.8711 0.4033 0.3410 0.5805
38 27.8182 -15.4263 117.9573 -0.4728 -0.8020 -0.3651 0.3537 0.6755
38 23.5176 -47.5957 113.4732 -0.8369 -0.3742 -0.3995 0.2698 0.4887
snowman02.jpg
38 27.8182 -15.4263 117.9573 -0.4728 -0.8020 -0.3651 0.3537 0.6755
38 34.4195 -16.6796 113.8482 0.5330 -0.7370 -0.4156 0.3258 0.7003
38 23.5176 -47.5957 113.4732 -0.8369 -0.3742 -0.3995 0.2698 0.4887
snowman02.jpg
25 -32.0796 -2.8685 112.9049 0.0838 0.9411 0.3275 0.3522 0.6755
25 -35.1339 -9.0849 119.9125 -0.7291 0.2118 0.6508 0.3395 0.5805
18 -23.7733 -12.0221 131.6372 -0.4819 0.1999 0.8531 0.3743 0.5777
snowman02.jpg
25 -32.0796 -2.8685 112.9049 0.0838 0.9411 0.3275 0.3522 0.6755
18 -23.7733 -12.0221 131.6372 -0.4819 0.1999 0.8531 0.3743 0.5777
18 -20.2831 -10.9124 131.4310 -0.1209 -0.5044 0.8550 0.3879 0.5884
snowman02.jpg
18 -23.7733 -12.0221 131.6372 -0.4819 0.1999 0.8531 0.3743 0.5777
25 -35.1339 -9.0849 119.9125 -0.7291 0.2118 0.6508 0.3395 0.5805
25 -28.6055 -14.1801 125.4009 -0.2456 -0.7353 0.6316 0.3593 0.5245
snowman02.jpg
25 -35.1339 -9.0849 119.9125 -0.7291 0.2118 0.6508 0.3395 0.5805
25 -37.2256 -7.0469 108.6515 -0.9428 0.0375 -0.3314 0.3243 0.7003
25 -38.6567 -17.3647 111.2998 -0.9011 -0.4226 -0.0970 0.3066 0.6457
snowman02.jpg
25 -37.2256 -7.0469 108.6515 -0.9428 0.0375 -0.3314 0.3243 0.7003
25 -36.2035 -15.1789 102.7512 -0.8614 -0.3746 -0.3430 0.3116 0.7105
25 -38.6567 -17.3647 111.2998 -0.9011 -0.4226 -0.0970 0.3066 0.6457
snowman02.jpg
18 -20.2831 -10.9124 131.4310 -0.1209 -0.5044 0.8550 0.3879 0.5884
25 -28.6055 -14.1801 125.4009 -0.2456 -0.7353 0.6316 0.3593 0.5245
18 -13.8602 -17.7826 127.4447 -0.0774 -0.8208 0.5659 0.4551 0.5575
snowman02.jpg
18 -20.2831 -10.9124 131.4310 -0.1209 -0.5044 0.8550 0.3879 0.5884
18 -23.7733 -12.0221 131.6372 -0.4819 0.1999 0.8531 0.3743 0.5777
25 -28.6055 -14.1801 125.4009 -0.2456 -0.7353 0.6316 0.3593 0.5245
snowman02.jpg
25 -28.6055 -14.1801 125.4009 -0.2456 -0.7353 0.6316 0.3593 0.5245
25 -29.2613 -21.2779 118.4802 -0.2688 -0.8683 0.4168 0.3395 0.5805
18 -21.1924 -22.5076 118.9038 0.0092 -0.9571 0.2896 0.3743 0.5777
snowman02.jpg
25 -29.2613 -21.2779 118.4802 -0.2688 -0.8683 0.4168 0.3395 0.5805
25 -38.6567 -17.3647 111.2998 -0.9011 -0.4226 -0.0970 0.3066 0.6457
25 -30.0211 -22.0054 106.8943 -0.5989 -0.6826 -0.4188 0.3243 0.7003
snowman02.jpg
25 -38.6567 -17.3647 111.2998 -0.9011 -0.4226 -0.0970 0.3066 0.6457
25 -36.2035 -15.1789 102.7512 -0.8614 -0.3746 -0.3430 0.3116 0.7105
25 -30.0211 -22.0054 106.8943 -0.5989 -0.6826 -0.4188 0.3243 0.7003
snowman02.jpg
18 -13.8602 -17.7826 127.4447 -0.0774 -0.8208 0.5659 0.4551 0.5575
18 -21.1924 -22.5076 118.9038 0.0092 -0.9571 0.2896 0.3743 0.5777
18 -17.7021 -21.3980 118.6975 0.3041 -0.9524 0.0226 0.3879 0.5884
snowman02.jpg
18 -13.8602 -17.7826 127.4447 -0.0774 -0.8208 0.5659 0.4551 0.5575
25 -28.6055 -14.1801 125.4009 -0.2456 -0.7353 0.6316 0.3593 0.5245
18 -21.1924 -22.5076 118.9038 0.0092 -0.9571 0.2896 0.3743 0.5777
snowman02.jpg
25 -23.1743 -21.3581 110.7329 0.5947 -0.7686 -0.2357 0.3522 0.6755
18 -21.1924 -22.5076 118.9038 0.0092 -0.9571 0.2896 0.3743 0.5777
25 -29.2613 -21.2779 118.4802 -0.2688 -0.8683 0.4168 0.3395 0.5805
snowman02.jpg
25 -23.1743 -21.3581 110.7329 0.5947 -0.7686 -0.2357 0.3522 0.6755
18 -17.7021 -21.3980 118.6975 0.3041 -0.9524 0.0226 0.3879 0.5884
18 -21.1924 -22.5076 118.9038 0.0092 -0.9571 0.2896 0.3743 0.5777
snowman02.jpg
25 -35.1339 -9.0849 119.9125 -0.3271 0.8687 0.3719 0.3395 0.5805
25 -39.9498 -20.8795 135.9184 0.4805 0.4458 0.7553 0.3214 0.4552
25 -28.6055 -14.1801 125.4009 0.6979 -0.2392 0.6751 0.3593 0.5245
snowman02.jpg
25 -39.9498 -20.8795 135.9184 0.4805 0.4458 0.7553 0.3214 0.4552
25 -35.1339 -9.0849 119.9125 -0.3271 0.8687 0.3719 0.3395 0.5805
25 -48.4320 -21.2126 134.2728 -0.6690 0.7348 0.1121 0.2907 0.4539
snowman02.jpg
25 -38.6567 -17.3647 111.2998 -0.8752 0.1110 -0.4708 0.3066 0.6457
25 -48.4320 -21.2126 134.2728 -0.6690 0.7348 0.1121 0.2907 0.4539
25 -35.1339 -9.0849 119.9125 -0.3271 0.8687 0.3719 0.3395 0.5805
snowman02.jpg
25 -48.4320 -21.2126 134.2728 -0.6690 0.7348 0.1121 0.2907 0.4539
25 -38.6567 -17.3647 111.2998 -0.8752 0.1110 -0.4708 0.3066 0.6457
25 -49.4428 -24.7376 129.8390 -0.7302 -0.5966 -0.3330 0.2775 0.4909
snowman02.jpg
25 -28.6055 -14.1801 125.4009 0.6979 -0.2392 0.6751 0.3593 0.5245
25 -45.6801 -26.9263 133.6016 0.3602 -0.9277 0.0981 0.2907 0.4539
25 -29.2613 -21.2779 118.4802 0.2042 -0.9696 -0.1349 0.3395 0.5805
snowman02.jpg
25 -45.6801 -26.9263 133.6016 0.3602 -0.9277 0.0981 0.2907 0.4539
25 -28.6055 -14.1801 125.4009 0.6979 -0.2392 0.6751 0.3593 0.5245
25 -39.9498 -20.8795 135.9184 0.4805 0.4458 0.7553 0.3214 0.4552
snowman02.jpg
25 -29.2613 -21.2779 118.4802 0.2042 -0.9696 -0.1349 0.3395 0.5805
25 -49.4428 -24.7376 129.8390 -0.7302 -0.5966 -0.3330 0.2775 0.4909
25 -38.6567 -17.3647 111.2998 -0.8752 0.1110 -0.4708 0.3066 0.6457
snowman02.jpg
25 -49.4428 -24.7376 129.8390 -0.7302 -0.5966 -0.3330 0.2775 0.4909
25 -29.2613 -21.2779 118.4802 0.2042 -0.9696 -0.1349 0.3395 0.5805
25 -45.6801 -26.9263 133.6016 0.3602 -0.9277 0.0981 0.2907 0.4539
snowman02.jpg
25 -39.9498 -20.8795 135.9184 0.4805 0.4458 0.7553 0.3214 0.4552
25 -48.5878 -26.6306 149.4592 -0.7875 -0.4310 0.4405 0.2971 0.2799
25 -45.6801 -26.9263 133.6016 0.3602 -0.9277 0.0981 0.2907 0.4539
snowman02.jpg
25 -48.4320 -21.2126 134.2728 -0.6690 0.7348 0.1121 0.2907 0.4539
25 -48.5878 -26.6306 149.4592 -0.7875 -0.4310 0.4405 0.2971 0.2799
25 -39.9498 -20.8795 135.9184 0.4805 0.4458 0.7553 0.3214 0.4552
snowman02.jpg
25 -45.6801 -26.9263 133.6016 0.3602 -0.9277 0.0981 0.2907 0.4539
25 -48.5878 -26.6306 149.4592 -0.7875 -0.4310 0.4405 0.2971 0.2799
25 -49.4428 -24.7376 129.8390 -0.7302 -0.5966 -0.3330 0.2775 0.4909
snowman02.jpg
25 -49.4428 -24.7376 129.8390 -0.7302 -0.5966 -0.3330 0.2775 0.4909
25 -48.5878 -26.6306 149.4592 -0.7875 -0.4310 0.4405 0.2971 0.2799
25 -48.4320 -21.2126 134.2728 -0.6690 0.7348 0.1121 0.2907 0.4539
snowman02.jpg
25 -32.0796 -2.8685 112.9049 0.0838 0.9411 0.3275 0.3522 0.6755
25 -51.7626 13.5390 113.0111 0.0020 0.9697 -0.2444 0.2683 0.4887
25 -35.1339 -9.0849 119.9125 -0.7291 0.2118 0.6508 0.3395 0.5805
snowman02.jpg
25 -35.1339 -9.0849 119.9125 -0.7291 0.2118 0.6508 0.3395 0.5805
25 -51.7626 13.5390 113.0111 0.0020 0.9697 -0.2444 0.2683 0.4887
25 -37.2256 -7.0469 108.6515 -0.9428 0.0375 -0.3314 0.3243 0.7003
snowman02.jpg
25 -37.2256 -7.0469 108.6515 -0.9428 0.0375 -0.3314 0.3243 0.7003
25 -51.7626 13.5390 113.0111 0.0020 0.9697 -0.2444 0.2683 0.4887
25 -32.0796 -2.8685 112.9049 0.0838 0.9411 0.3275 0.3522 0.6755
snowman02.jpg
25 -30.0211 -22.0054 106.8943 -0.5989 -0.6826 -0.4188 0.3243 0.7003
25 -21.2303 -53.5179 104.7796 0.7915 -0.4102 -0.4532 0.2683 0.4887
25 -29.2613 -21.2779 118.4802 -0.2688 -0.8683 0.4168 0.3395 0.5805
snowman02.jpg
25 -29.2613 -21.2779 118.4802 -0.2688 -0.8683 0.4168 0.3395 0.5805
25 -21.2303 -53.5179 104.7796 0.7915 -0.4102 -0.4532 0.2683 0.4887
25 -23.1743 -21.3581 110.7329 0.5947 -0.7686 -0.2357 0.3522 0.6755
snowman02.jpg
25 -23.1743 -21.3581 110.7329 0.5947 -0.7686 -0.2357 0.3522 0.6755
25 -21.2303 -53.5179 104.7796 0.7915 -0.4102 -0.4532 0.2683 0.4887
25 -30.0211 -22.0054 106.8943 -0.5989 -0.6826 -0.4188 0.3243 0.7003
snowman02.jpg
20 1.4766 -32.4634 142.8723 -0.0000 0.3950 0.9187 0.3758 0.5777
20 1.4748 -41.9328 146.9433 -0.0000 -0.1723 0.9850 0.3608 0.5245
20 10.4013 -33.5101 142.5050 0.0838 0.3935 0.9155 0.3410 0.5805
snowman02.jpg
20 1.4748 -41.9328 146.9433 -0.0000 -0.1723 0.9850 0.3608 0.5245
20 1.4766 -49.4804 139.8718 -0.0000 -0.9650 0.2623 0.3758 0.5777
20 9.5168 -48.3712 139.8846 0.3695 -0.6716 0.6422 0.3410 0.5805
snowman02.jpg
20 9.5168 -48.3712 139.8846 0.3695 -0.6716 0.6422 0.3410 0.5805
20 13.2185 -48.1160 132.1339 0.9916 -0.0895 -0.0933 0.3258 0.7003
20 14.4340 -38.7880 136.6572 0.8626 -0.3073 0.4019 0.3081 0.6457
snowman02.jpg
20 5.5586 -49.7681 133.4546 -0.4053 -0.8965 -0.1789 0.3537 0.6755
20 9.5168 -48.3712 139.8846 0.3695 -0.6716 0.6422 0.3410 0.5805
20 1.4766 -49.4804 139.8718 -0.0000 -0.9650 0.2623 0.3758 0.5777
snowman02.jpg
20 5.5586 -49.7681 133.4546 -0.4053 -0.8965 -0.1789 0.3537 0.6755
20 1.4766 -49.4804 139.8718 -0.0000 -0.9650 0.2623 0.3758 0.5777
20 1.4370 -49.3607 139.1927 -0.3001 -0.9423 -0.1487 0.3894 0.5884
snowman02.jpg
20 10.4013 -33.5101 142.5050 -0.1008 0.8719 0.4792 0.3410 0.5805
20 1.4748 -41.9328 146.9433 0.0001 -0.5920 0.8059 0.3608 0.5245
20 13.7526 -43.2233 154.2627 -0.7666 0.0640 0.6389 0.3229 0.4552
snowman02.jpg
20 13.7526 -43.2233 154.2627 -0.7666 0.0640 0.6389 0.3229 0.4552
20 19.4523 -38.3533 155.2045 0.4084 0.7950 0.4486 0.2922 0.4539
20 10.4013 -33.5101 142.5050 -0.1008 0.8719 0.4792 0.3410 0.5805
snowman02.jpg
20 14.4340 -38.7880 136.6572 0.8738 0.3196 -0.3665 0.3081 0.6457
20 10.4013 -33.5101 142.5050 -0.1008 0.8719 0.4792 0.3410 0.5805
20 19.4523 -38.3533 155.2045 0.4084 0.7950 0.4486 0.2922 0.4539
snowman02.jpg
20 19.4523 -38.3533 155.2045 0.4084 0.7950 0.4486 0.2922 0.4539
20 21.8877 -42.8264 152.0115 0.9600 0.0109 -0.2798 0.2790 0.4909
20 14.4340 -38.7880 136.6572 0.8738 0.3196 -0.3665 0.3081 0.6457
snowman02.jpg
20 1.4748 -41.9328 146.9433 0.0001 -0.5920 0.8059 0.3608 0.5245
20 9.5168 -48.3712 139.8846 0.5977 -0.6638 -0.4495 0.3410 0.5805
20 19.4522 -47.2871 148.6585 0.0800 -0.9819 -0.1718 0.2922 0.4539
snowman02.jpg
20 19.4522 -47.2871 148.6585 0.0800 -0.9819 -0.1718 0.2922 0.4539
20 13.7526 -43.2233 154.2627 -0.7666 0.0640 0.6389 0.3229 0.4552
20 1.4748 -41.9328 146.9433 0.0001 -0.5920 0.8059 0.3608 0.5245
snowman02.jpg
20 9.5168 -48.3712 139.8846 0.5977 -0.6638 -0.4495 0.3410 0.5805
20 14.4340 -38.7880 136.6572 0.8738 0.3196 -0.3665 0.3081 0.6457
20 21.8877 -42.8264 152.0115 0.9600 0.0109 -0.2798 0.2790 0.4909
snowman02.jpg
20 21.8877 -42.8264 152.0115 0.9600 0.0109 -0.2798 0.2790 0.4909
20 19.4522 -47.2871 148.6585 0.0800 -0.9819 -0.1718 0.2922 0.4539
20 9.5168 -48.3712 139.8846 0.5977 -0.6638 -0.4495 0.3410 0.5805
snowman02.jpg
20 13.7526 -43.2233 154.2627 -0.7666 0.0640 0.6389 0.3229 0.4552
20 19.4522 -47.2871 148.6585 0.0800 -0.9819 -0.1718 0.2922 0.4539
20 18.2597 -54.9873 163.9731 0.5641 -0.3767 0.7348 0.2986 0.2799
snowman02.jpg
20 19.4523 -38.3533 155.2045 0.4084 0.7950 0.4486 0.2922 0.4539
20 13.7526 -43.2233 154.2627 -0.7666 0.0640 0.6389 0.3229 0.4552
20 18.2597 -54.9873 163.9731 0.5641 -0.3767 0.7348 0.2986 0.2799
snowman02.jpg
20 19.4522 -47.2871 148.6585 0.0800 -0.9819 -0.1718 0.2922 0.4539
20 21.8877 -42.8264 152.0115 0.9600 0.0109 -0.2798 0.2790 0.4909
20 18.2597 -54.9873 163.9731 0.5641 -0.3767 0.7348 0.2986 0.2799
snowman02.jpg
20 21.8877 -42.8264 152.0115 0.9600 0.0109 -0.2798 0.2790 0.4909
20 19.4523 -38.3533 155.2045 0.4084 0.7950 0.4486 0.2922 0.4539
20 18.2597 -54.9873 163.9731 0.5641 -0.3767 0.7348 0.2986 0.2799
snowman02.jpg
20 13.2185 -48.1160 132.1339 0.9916 -0.0895 -0.0933 0.3258 0.7003
20 9.5168 -48.3712 139.8846 0.3695 -0.6716 0.6422 0.3410 0.5805
20 16.9182 -70.9789 130.0816 0.0262 -0.9984 -0.0496 0.2698 0.4887
snowman02.jpg
20 9.5168 -48.3712 139.8846 0.3695 -0.6716 0.6422 0.3410 0.5805
20 5.5586 -49.7681 133.4546 -0.4053 -0.8965 -0.1789 0.3537 0.6755
20 16.9182 -70.9789 130.0816 0.0262 -0.9984 -0.0496 0.2698 0.4887
snowman02.jpg
20 5.5586 -49.7681 133.4546 -0.4053 -0.8965 -0.1789 0.3537 0.6755
20 13.2185 -48.1160 132.1339 0.9916 -0.0895 -0.0933 0.3258 0.7003
20 16.9182 -70.9789 130.0816 0.0262 -0.9984 -0.0496 0.2698 0.4887
snowman02.jpg
20 1.4766 -32.4634 142.8723 -0.0000 0.3950 0.9187 0.3743 0.5777
20 -7.4480 -33.5101 142.5049 -0.0838 0.3936 0.9155 0.3395 0.5805
20 1.4748 -41.9328 146.9433 -0.0000 -0.1723 0.9850 0.3593 0.5245
snowman02.jpg
20 1.4748 -41.9328 146.9433 -0.0000 -0.1723 0.9850 0.3593 0.5245
20 -6.5636 -48.3712 139.8846 -0.3695 -0.6716 0.6422 0.3395 0.5805
20 1.4766 -49.4804 139.8718 -0.0000 -0.9650 0.2623 0.3743 0.5777
snowman02.jpg
20 -6.5636 -48.3712 139.8846 -0.3695 -0.6716 0.6422 0.3395 0.5805
20 -11.4808 -38.7881 136.6572 -0.8626 -0.3073 0.4019 0.3066 0.6457
20 -10.2653 -48.1160 132.1339 -0.9916 -0.0895 -0.0933 0.3243 0.7003
snowman02.jpg
20 -2.6054 -49.7681 133.4546 0.4053 -0.8965 -0.1789 0.3522 0.6755
20 1.4766 -49.4804 139.8718 -0.0000 -0.9650 0.2623 0.3743 0.5777
20 -6.5636 -48.3712 139.8846 -0.3695 -0.6716 0.6422 0.3395 0.5805
snowman02.jpg
20 -2.6054 -49.7681 133.4546 0.4053 -0.8965 -0.1789 0.3522 0.6755
20 1.5162 -49.3607 139.1927 0.3001 -0.9423 -0.1487 0.3879 0.5884
20 1.4766 -49.4804 139.8718 -0.0000 -0.9650 0.2623 0.3743 0.5777
snowman02.jpg
20 -7.4480 -33.5101 142.5049 0.1008 0.8719 0.4792 0.3395 0.5805
20 -10.7993 -43.2233 154.2626 0.7666 0.0640 0.6389 0.3214 0.4552
20 1.4748 -41.9328 146.9433 0.0001 -0.5920 0.8059 0.3593 0.5245
snowman02.jpg
20 -10.7993 -43.2233 154.2626 0.7666 0.0640 0.6389 0.3214 0.4552
20 -7.4480 -33.5101 142.5049 0.1008 0.8719 0.4792 0.3395 0.5805
20 -16.4990 -38.3534 155.2045 -0.4084 0.7950 0.4486 0.2907 0.4539
snowman02.jpg
20 -11.4808 -38.7881 136.6572 -0.8738 0.3196 -0.3665 0.3066 0.6457
20 -16.4990 -38.3534 155.2045 -0.4084 0.7950 0.4486 0.2907 0.4539
20 -7.4480 -33.5101 142.5049 0.1008 0.8719 0.4792 0.3395 0.5805
snowman02.jpg
20 -16.4990 -38.3534 155.2045 -0.4084 0.7950 0.4486 0.2907 0.4539
20 -11.4808 -38.7881 136.6572 -0.8738 0.3196 -0.3665 0.3066 0.6457
20 -18.9344 -42.8264 152.0114 -0.9600 0.0109 -0.2798 0.2775 0.4909
snowman02.jpg
20 1.4748 -41.9328 146.9433 0.0001 -0.5920 0.8059 0.3593 0.5245
20 -16.4990 -47.2870 148.6585 -0.0799 -0.9819 -0.1718 0.2907 0.4539
20 -6.5636 -48.3712 139.8846 -0.5977 -0.6638 -0.4495 0.3395 0.5805
snowman02.jpg
20 -16.4990 -47.2870 148.6585 -0.0799 -0.9819 -0.1718 0.2907 0.4539
20 1.4748 -41.9328 146.9433 0.0001 -0.5920 0.8059 0.3593 0.5245
20 -10.7993 -43.2233 154.2626 0.7666 0.0640 0.6389 0.3214 0.4552
snowman02.jpg
20 -6.5636 -48.3712 139.8846 -0.5977 -0.6638 -0.4495 0.3395 0.5805
20 -18.9344 -42.8264 152.0114 -0.9600 0.0109 -0.2798 0.2775 0.4909
20 -11.4808 -38.7881 136.6572 -0.8738 0.3196 -0.3665 0.3066 0.6457
snowman02.jpg
20 -18.9344 -42.8264 152.0114 -0.9600 0.0109 -0.2798 0.2775 0.4909
20 -6.5636 -48.3712 139.8846 -0.5977 -0.6638 -0.4495 0.3395 0.5805
20 -16.4990 -47.2870 148.6585 -0.0799 -0.9819 -0.1718 0.2907 0.4539
snowman02.jpg
20 -10.7993 -43.2233 154.2626 0.7666 0.0640 0.6389 0.3214 0.4552
20 -15.3065 -54.9873 163.9730 -0.5641 -0.3767 0.7348 0.2971 0.2799
20 -16.4990 -47.2870 148.6585 -0.0799 -0.9819 -0.1718 0.2907 0.4539
snowman02.jpg
20 -16.4990 -38.3534 155.2045 -0.4084 0.7950 0.4486 0.2907 0.4539
20 -15.3065 -54.9873 163.9730 -0.5641 -0.3767 0.7348 0.2971 0.2799
20 -10.7993 -43.2233 154.2626 0.7666 0.0640 0.6389 0.3214 0.4552
snowman02.jpg
20 -16.4990 -47.2870 148.6585 -0.0799 -0.9819 -0.1718 0.2907 0.4539
20 -15.3065 -54.9873 163.9730 -0.5641 -0.3767 0.7348 0.2971 0.2799
20 -18.9344 -42.8264 152.0114 -0.9600 0.0109 -0.2798 0.2775 0.4909
snowman02.jpg
20 -18.9344 -42.8264 152.0114 -0.9600 0.0109 -0.2798 0.2775 0.4909
20 -15.3065 -54.9873 163.9730 -0.5641 -0.3767 0.7348 0.2971 0.2799
20 -16.4990 -38.3534 155.2045 -0.4084 0.7950 0.4486 0.2907 0.4539
snowman02.jpg
20 -10.2653 -48.1160 132.1339 -0.9916 -0.0895 -0.0933 0.3243 0.7003
20 -13.9652 -70.9790 130.0816 -0.0262 -0.9984 -0.0496 0.2683 0.4887
20 -6.5636 -48.3712 139.8846 -0.3695 -0.6716 0.6422 0.3395 0.5805
snowman02.jpg
20 -6.5636 -48.3712 139.8846 -0.3695 -0.6716 0.6422 0.3395 0.5805
20 -13.9652 -70.9790 130.0816 -0.0262 -0.9984 -0.0496 0.2683 0.4887
20 -2.6054 -49.7681 133.4546 0.4053 -0.8965 -0.1789 0.3522 0.6755
snowman02.jpg
20 -2.6054 -49.7681 133.4546 0.4053 -0.8965 -0.1789 0.3522 0.6755
20 -13.9652 -70.9790 130.0816 -0.0262 -0.9984 -0.0496 0.2683 0.4887
20 -10.2653 -48.1160 132.1339 -0.9916 -0.0895 -0.0933 0.3243 0.7003
end
